Match ID,Date,Home Team,Away Team,Home Team xP,Away Team xP,Home Team xG,Away Team xG,Home Team %,Away Team %,Draw %
14168470,16/08/2025,Alfreton,Darlington,0.63694,2.09881,0.52607,1.42971,12.423,61.152,26.425
14168470,16/08/2025,Alfreton,Darlington,0.63694,2.09881,0.52607,1.42971,12.423,61.152,26.425
14168475,19/08/2025,Alfreton,South Shields,0.01581,2.96994,0.03407,3.38246,0.052,98.523,1.425
14168470,16/08/2025,Alfreton,Darlington,0.63694,2.09881,0.52607,1.42971,12.423,61.152,26.425
14168475,19/08/2025,Alfreton,South Shields,0.01581,2.96994,0.03407,3.38246,0.052,98.523,1.425
14168517,25/08/2025,Alfreton,Marine,1.27922,1.35587,0.76162,0.79981,30.477,33.032,36.491
14168470,16/08/2025,Alfreton,Darlington,0.63694,2.09881,0.52607,1.42971,12.423,61.152,26.425
14168475,19/08/2025,Alfreton,South Shields,0.01581,2.96994,0.03407,3.38246,0.052,98.523,1.425
14168517,25/08/2025,Alfreton,Marine,1.27922,1.35587,0.76162,0.79981,30.477,33.032,36.491
14168554,06/09/2025,Alfreton,King's Lynn,1.65994,1.02409,1.43961,1.07718,44.799,23.604,31.597
14168470,16/08/2025,Alfreton,Darlington,0.63694,2.09881,0.52607,1.42971,12.423,61.152,26.425
14168475,19/08/2025,Alfreton,South Shields,0.01581,2.96994,0.03407,3.38246,0.052,98.523,1.425
14168517,25/08/2025,Alfreton,Marine,1.27922,1.35587,0.76162,0.79981,30.477,33.032,36.491
14168554,06/09/2025,Alfreton,King's Lynn,1.65994,1.02409,1.43961,1.07718,44.799,23.604,31.597
14168567,20/09/2025,Alfreton,Telford,1.33131,1.40445,1.84722,1.96676,35.569,38.007,26.424
14168470,16/08/2025,Alfreton,Darlington,0.63694,2.09881,0.52607,1.42971,12.423,61.152,26.425
14168475,19/08/2025,Alfreton,South Shields,0.01581,2.96994,0.03407,3.38246,0.052,98.523,1.425
14168517,25/08/2025,Alfreton,Marine,1.27922,1.35587,0.76162,0.79981,30.477,33.032,36.491
14168554,06/09/2025,Alfreton,King's Lynn,1.65994,1.02409,1.43961,1.07718,44.799,23.604,31.597
14168567,20/09/2025,Alfreton,Telford,1.33131,1.40445,1.84722,1.96676,35.569,38.007,26.424
14168617,21/10/2025,Alfreton,Chester,0.25098,2.59512,0.3845,1.86173,3.236,81.374,15.39
14168470,16/08/2025,Alfreton,Darlington,0.63694,2.09881,0.52607,1.42971,12.423,61.152,26.425
14168475,19/08/2025,Alfreton,South Shields,0.01581,2.96994,0.03407,3.38246,0.052,98.523,1.425
14168517,25/08/2025,Alfreton,Marine,1.27922,1.35587,0.76162,0.79981,30.477,33.032,36.491
14168554,06/09/2025,Alfreton,King's Lynn,1.65994,1.02409,1.43961,1.07718,44.799,23.604,31.597
14168567,20/09/2025,Alfreton,Telford,1.33131,1.40445,1.84722,1.96676,35.569,38.007,26.424
14168617,21/10/2025,Alfreton,Chester,0.25098,2.59512,0.3845,1.86173,3.236,81.374,15.39
14168638,01/11/2025,Alfreton,Kidderminster,0.18913,2.69638,0.27008,2.24579,2.488,86.063,11.449
14168470,16/08/2025,Alfreton,Darlington,0.63694,2.09881,0.52607,1.42971,12.423,61.152,26.425
14168475,19/08/2025,Alfreton,South Shields,0.01581,2.96994,0.03407,3.38246,0.052,98.523,1.425
14168517,25/08/2025,Alfreton,Marine,1.27922,1.35587,0.76162,0.79981,30.477,33.032,36.491
14168554,06/09/2025,Alfreton,King's Lynn,1.65994,1.02409,1.43961,1.07718,44.799,23.604,31.597
14168567,20/09/2025,Alfreton,Telford,1.33131,1.40445,1.84722,1.96676,35.569,38.007,26.424
14168617,21/10/2025,Alfreton,Chester,0.25098,2.59512,0.3845,1.86173,3.236,81.374,15.39
14168638,01/11/2025,Alfreton,Kidderminster,0.18913,2.69638,0.27008,2.24579,2.488,86.063,11.449
14168664,08/11/2025,Alfreton,Fylde,0.39584,2.42987,0.63137,2.06107,7.385,75.186,17.429
14168470,16/08/2025,Alfreton,Darlington,0.63694,2.09881,0.52607,1.42971,12.423,61.152,26.425
14168475,19/08/2025,Alfreton,South Shields,0.01581,2.96994,0.03407,3.38246,0.052,98.523,1.425
14168517,25/08/2025,Alfreton,Marine,1.27922,1.35587,0.76162,0.79981,30.477,33.032,36.491
14168554,06/09/2025,Alfreton,King's Lynn,1.65994,1.02409,1.43961,1.07718,44.799,23.604,31.597
14168567,20/09/2025,Alfreton,Telford,1.33131,1.40445,1.84722,1.96676,35.569,38.007,26.424
14168617,21/10/2025,Alfreton,Chester,0.25098,2.59512,0.3845,1.86173,3.236,81.374,15.39
14168638,01/11/2025,Alfreton,Kidderminster,0.18913,2.69638,0.27008,2.24579,2.488,86.063,11.449
14168664,08/11/2025,Alfreton,Fylde,0.39584,2.42987,0.63137,2.06107,7.385,75.186,17.429
14877540,11/11/2025,Alfreton,Spennymoor,1.55449,1.13623,1.20944,0.97622,41.507,27.565,30.928
14168470,16/08/2025,Alfreton,Darlington,0.63694,2.09881,0.52607,1.42971,12.423,61.152,26.425
14168475,19/08/2025,Alfreton,South Shields,0.01581,2.96994,0.03407,3.38246,0.052,98.523,1.425
14168517,25/08/2025,Alfreton,Marine,1.27922,1.35587,0.76162,0.79981,30.477,33.032,36.491
14168554,06/09/2025,Alfreton,King's Lynn,1.65994,1.02409,1.43961,1.07718,44.799,23.604,31.597
14168567,20/09/2025,Alfreton,Telford,1.33131,1.40445,1.84722,1.96676,35.569,38.007,26.424
14168617,21/10/2025,Alfreton,Chester,0.25098,2.59512,0.3845,1.86173,3.236,81.374,15.39
14168638,01/11/2025,Alfreton,Kidderminster,0.18913,2.69638,0.27008,2.24579,2.488,86.063,11.449
14168664,08/11/2025,Alfreton,Fylde,0.39584,2.42987,0.63137,2.06107,7.385,75.186,17.429
14877540,11/11/2025,Alfreton,Spennymoor,1.55449,1.13623,1.20944,0.97622,41.507,27.565,30.928
15174859,16/12/2025,Alfreton,Southport,1.20687,1.42842,0.72001,0.82036,28.072,35.457,36.471
14168470,16/08/2025,Alfreton,Darlington,0.63694,2.09881,0.52607,1.42971,12.423,61.152,26.425
14168475,19/08/2025,Alfreton,South Shields,0.01581,2.96994,0.03407,3.38246,0.052,98.523,1.425
14168517,25/08/2025,Alfreton,Marine,1.27922,1.35587,0.76162,0.79981,30.477,33.032,36.491
14168554,06/09/2025,Alfreton,King's Lynn,1.65994,1.02409,1.43961,1.07718,44.799,23.604,31.597
14168567,20/09/2025,Alfreton,Telford,1.33131,1.40445,1.84722,1.96676,35.569,38.007,26.424
14168617,21/10/2025,Alfreton,Chester,0.25098,2.59512,0.3845,1.86173,3.236,81.374,15.39
14168638,01/11/2025,Alfreton,Kidderminster,0.18913,2.69638,0.27008,2.24579,2.488,86.063,11.449
14168664,08/11/2025,Alfreton,Fylde,0.39584,2.42987,0.63137,2.06107,7.385,75.186,17.429
14877540,11/11/2025,Alfreton,Spennymoor,1.55449,1.13623,1.20944,0.97622,41.507,27.565,30.928
15174859,16/12/2025,Alfreton,Southport,1.20687,1.42842,0.72001,0.82036,28.072,35.457,36.471
14168746,30/12/2025,Alfreton,Leamington,2.21118,0.55512,1.67594,0.68092,65.916,10.714,23.37
14168470,16/08/2025,Alfreton,Darlington,0.63694,2.09881,0.52607,1.42971,12.423,61.152,26.425
14168475,19/08/2025,Alfreton,South Shields,0.01581,2.96994,0.03407,3.38246,0.052,98.523,1.425
14168517,25/08/2025,Alfreton,Marine,1.27922,1.35587,0.76162,0.79981,30.477,33.032,36.491
14168554,06/09/2025,Alfreton,King's Lynn,1.65994,1.02409,1.43961,1.07718,44.799,23.604,31.597
14168567,20/09/2025,Alfreton,Telford,1.33131,1.40445,1.84722,1.96676,35.569,38.007,26.424
14168617,21/10/2025,Alfreton,Chester,0.25098,2.59512,0.3845,1.86173,3.236,81.374,15.39
14168638,01/11/2025,Alfreton,Kidderminster,0.18913,2.69638,0.27008,2.24579,2.488,86.063,11.449
14168664,08/11/2025,Alfreton,Fylde,0.39584,2.42987,0.63137,2.06107,7.385,75.186,17.429
14877540,11/11/2025,Alfreton,Spennymoor,1.55449,1.13623,1.20944,0.97622,41.507,27.565,30.928
15174859,16/12/2025,Alfreton,Southport,1.20687,1.42842,0.72001,0.82036,28.072,35.457,36.471
14168746,30/12/2025,Alfreton,Leamington,2.21118,0.55512,1.67594,0.68092,65.916,10.714,23.37
14168796,24/01/2026,Alfreton,Bedford,2.90469,0.05775,3.44323,0.30114,95.571,0.673,3.756
14168470,16/08/2025,Alfreton,Darlington,0.63694,2.09881,0.52607,1.42971,12.423,61.152,26.425
14168475,19/08/2025,Alfreton,South Shields,0.01581,2.96994,0.03407,3.38246,0.052,98.523,1.425
14168517,25/08/2025,Alfreton,Marine,1.27922,1.35587,0.76162,0.79981,30.477,33.032,36.491
14168554,06/09/2025,Alfreton,King's Lynn,1.65994,1.02409,1.43961,1.07718,44.799,23.604,31.597
14168567,20/09/2025,Alfreton,Telford,1.33131,1.40445,1.84722,1.96676,35.569,38.007,26.424
14168617,21/10/2025,Alfreton,Chester,0.25098,2.59512,0.3845,1.86173,3.236,81.374,15.39
14168638,01/11/2025,Alfreton,Kidderminster,0.18913,2.69638,0.27008,2.24579,2.488,86.063,11.449
14168664,08/11/2025,Alfreton,Fylde,0.39584,2.42987,0.63137,2.06107,7.385,75.186,17.429
14877540,11/11/2025,Alfreton,Spennymoor,1.55449,1.13623,1.20944,0.97622,41.507,27.565,30.928
15174859,16/12/2025,Alfreton,Southport,1.20687,1.42842,0.72001,0.82036,28.072,35.457,36.471
14168746,30/12/2025,Alfreton,Leamington,2.21118,0.55512,1.67594,0.68092,65.916,10.714,23.37
14168796,24/01/2026,Alfreton,Bedford,2.90469,0.05775,3.44323,0.30114,95.571,0.673,3.756
14168865,21/02/2026,Alfreton,Merthyr,2.32988,0.52268,3.29802,1.71997,72.748,12.508,14.744
14168470,16/08/2025,Alfreton,Darlington,0.63694,2.09881,0.52607,1.42971,12.423,61.152,26.425
14168475,19/08/2025,Alfreton,South Shields,0.01581,2.96994,0.03407,3.38246,0.052,98.523,1.425
14168517,25/08/2025,Alfreton,Marine,1.27922,1.35587,0.76162,0.79981,30.477,33.032,36.491
14168554,06/09/2025,Alfreton,King's Lynn,1.65994,1.02409,1.43961,1.07718,44.799,23.604,31.597
14168567,20/09/2025,Alfreton,Telford,1.33131,1.40445,1.84722,1.96676,35.569,38.007,26.424
14168617,21/10/2025,Alfreton,Chester,0.25098,2.59512,0.3845,1.86173,3.236,81.374,15.39
14168638,01/11/2025,Alfreton,Kidderminster,0.18913,2.69638,0.27008,2.24579,2.488,86.063,11.449
14168664,08/11/2025,Alfreton,Fylde,0.39584,2.42987,0.63137,2.06107,7.385,75.186,17.429
14877540,11/11/2025,Alfreton,Spennymoor,1.55449,1.13623,1.20944,0.97622,41.507,27.565,30.928
15174859,16/12/2025,Alfreton,Southport,1.20687,1.42842,0.72001,0.82036,28.072,35.457,36.471
14168746,30/12/2025,Alfreton,Leamington,2.21118,0.55512,1.67594,0.68092,65.916,10.714,23.37
14168796,24/01/2026,Alfreton,Bedford,2.90469,0.05775,3.44323,0.30114,95.571,0.673,3.756
14168865,21/02/2026,Alfreton,Merthyr,2.32988,0.52268,3.29802,1.71997,72.748,12.508,14.744
14168880,24/02/2026,Alfreton,Scarborough,1.84512,0.9117,2.72846,2.06927,53.398,22.284,24.318
14168470,16/08/2025,Alfreton,Darlington,0.63694,2.09881,0.52607,1.42971,12.423,61.152,26.425
14168475,19/08/2025,Alfreton,South Shields,0.01581,2.96994,0.03407,3.38246,0.052,98.523,1.425
14168517,25/08/2025,Alfreton,Marine,1.27922,1.35587,0.76162,0.79981,30.477,33.032,36.491
14168554,06/09/2025,Alfreton,King's Lynn,1.65994,1.02409,1.43961,1.07718,44.799,23.604,31.597
14168567,20/09/2025,Alfreton,Telford,1.33131,1.40445,1.84722,1.96676,35.569,38.007,26.424
14168617,21/10/2025,Alfreton,Chester,0.25098,2.59512,0.3845,1.86173,3.236,81.374,15.39
14168638,01/11/2025,Alfreton,Kidderminster,0.18913,2.69638,0.27008,2.24579,2.488,86.063,11.449
14168664,08/11/2025,Alfreton,Fylde,0.39584,2.42987,0.63137,2.06107,7.385,75.186,17.429
14877540,11/11/2025,Alfreton,Spennymoor,1.55449,1.13623,1.20944,0.97622,41.507,27.565,30.928
15174859,16/12/2025,Alfreton,Southport,1.20687,1.42842,0.72001,0.82036,28.072,35.457,36.471
14168746,30/12/2025,Alfreton,Leamington,2.21118,0.55512,1.67594,0.68092,65.916,10.714,23.37
14168796,24/01/2026,Alfreton,Bedford,2.90469,0.05775,3.44323,0.30114,95.571,0.673,3.756
14168865,21/02/2026,Alfreton,Merthyr,2.32988,0.52268,3.29802,1.71997,72.748,12.508,14.744
14168880,24/02/2026,Alfreton,Scarborough,1.84512,0.9117,2.72846,2.06927,53.398,22.284,24.318
14168915,10/03/2026,Alfreton,Radcliffe,1.98873,0.7755,2.25536,1.43293,58.432,17.991,23.577
14168470,16/08/2025,Alfreton,Darlington,0.63694,2.09881,0.52607,1.42971,12.423,61.152,26.425
14168475,19/08/2025,Alfreton,South Shields,0.01581,2.96994,0.03407,3.38246,0.052,98.523,1.425
14168517,25/08/2025,Alfreton,Marine,1.27922,1.35587,0.76162,0.79981,30.477,33.032,36.491
14168554,06/09/2025,Alfreton,King's Lynn,1.65994,1.02409,1.43961,1.07718,44.799,23.604,31.597
14168567,20/09/2025,Alfreton,Telford,1.33131,1.40445,1.84722,1.96676,35.569,38.007,26.424
14168617,21/10/2025,Alfreton,Chester,0.25098,2.59512,0.3845,1.86173,3.236,81.374,15.39
14168638,01/11/2025,Alfreton,Kidderminster,0.18913,2.69638,0.27008,2.24579,2.488,86.063,11.449
14168664,08/11/2025,Alfreton,Fylde,0.39584,2.42987,0.63137,2.06107,7.385,75.186,17.429
14877540,11/11/2025,Alfreton,Spennymoor,1.55449,1.13623,1.20944,0.97622,41.507,27.565,30.928
15174859,16/12/2025,Alfreton,Southport,1.20687,1.42842,0.72001,0.82036,28.072,35.457,36.471
14168746,30/12/2025,Alfreton,Leamington,2.21118,0.55512,1.67594,0.68092,65.916,10.714,23.37
14168796,24/01/2026,Alfreton,Bedford,2.90469,0.05775,3.44323,0.30114,95.571,0.673,3.756
14168865,21/02/2026,Alfreton,Merthyr,2.32988,0.52268,3.29802,1.71997,72.748,12.508,14.744
14168880,24/02/2026,Alfreton,Scarborough,1.84512,0.9117,2.72846,2.06927,53.398,22.284,24.318
14168915,10/03/2026,Alfreton,Radcliffe,1.98873,0.7755,2.25536,1.43293,58.432,17.991,23.577
14168927,14/03/2026,Alfreton,Peterborough,2.54535,0.29394,1.91042,0.37018,79.488,4.441,16.071
14168470,16/08/2025,Alfreton,Darlington,0.63694,2.09881,0.52607,1.42971,12.423,61.152,26.425
14168475,19/08/2025,Alfreton,South Shields,0.01581,2.96994,0.03407,3.38246,0.052,98.523,1.425
14168517,25/08/2025,Alfreton,Marine,1.27922,1.35587,0.76162,0.79981,30.477,33.032,36.491
14168554,06/09/2025,Alfreton,King's Lynn,1.65994,1.02409,1.43961,1.07718,44.799,23.604,31.597
14168567,20/09/2025,Alfreton,Telford,1.33131,1.40445,1.84722,1.96676,35.569,38.007,26.424
14168617,21/10/2025,Alfreton,Chester,0.25098,2.59512,0.3845,1.86173,3.236,81.374,15.39
14168638,01/11/2025,Alfreton,Kidderminster,0.18913,2.69638,0.27008,2.24579,2.488,86.063,11.449
14168664,08/11/2025,Alfreton,Fylde,0.39584,2.42987,0.63137,2.06107,7.385,75.186,17.429
14877540,11/11/2025,Alfreton,Spennymoor,1.55449,1.13623,1.20944,0.97622,41.507,27.565,30.928
15174859,16/12/2025,Alfreton,Southport,1.20687,1.42842,0.72001,0.82036,28.072,35.457,36.471
14168746,30/12/2025,Alfreton,Leamington,2.21118,0.55512,1.67594,0.68092,65.916,10.714,23.37
14168796,24/01/2026,Alfreton,Bedford,2.90469,0.05775,3.44323,0.30114,95.571,0.673,3.756
14168865,21/02/2026,Alfreton,Merthyr,2.32988,0.52268,3.29802,1.71997,72.748,12.508,14.744
14168880,24/02/2026,Alfreton,Scarborough,1.84512,0.9117,2.72846,2.06927,53.398,22.284,24.318
14168915,10/03/2026,Alfreton,Radcliffe,1.98873,0.7755,2.25536,1.43293,58.432,17.991,23.577
14168927,14/03/2026,Alfreton,Peterborough,2.54535,0.29394,1.91042,0.37018,79.488,4.441,16.071
15659749,19/03/2026,Alfreton,Hereford,1.35728,1.35437,1.16442,1.18101,35.631,35.534,28.835
14168470,16/08/2025,Alfreton,Darlington,0.63694,2.09881,0.52607,1.42971,12.423,61.152,26.425
14168475,19/08/2025,Alfreton,South Shields,0.01581,2.96994,0.03407,3.38246,0.052,98.523,1.425
14168517,25/08/2025,Alfreton,Marine,1.27922,1.35587,0.76162,0.79981,30.477,33.032,36.491
14168554,06/09/2025,Alfreton,King's Lynn,1.65994,1.02409,1.43961,1.07718,44.799,23.604,31.597
14168567,20/09/2025,Alfreton,Telford,1.33131,1.40445,1.84722,1.96676,35.569,38.007,26.424
14168617,21/10/2025,Alfreton,Chester,0.25098,2.59512,0.3845,1.86173,3.236,81.374,15.39
14168638,01/11/2025,Alfreton,Kidderminster,0.18913,2.69638,0.27008,2.24579,2.488,86.063,11.449
14168664,08/11/2025,Alfreton,Fylde,0.39584,2.42987,0.63137,2.06107,7.385,75.186,17.429
14877540,11/11/2025,Alfreton,Spennymoor,1.55449,1.13623,1.20944,0.97622,41.507,27.565,30.928
15174859,16/12/2025,Alfreton,Southport,1.20687,1.42842,0.72001,0.82036,28.072,35.457,36.471
14168746,30/12/2025,Alfreton,Leamington,2.21118,0.55512,1.67594,0.68092,65.916,10.714,23.37
14168796,24/01/2026,Alfreton,Bedford,2.90469,0.05775,3.44323,0.30114,95.571,0.673,3.756
14168865,21/02/2026,Alfreton,Merthyr,2.32988,0.52268,3.29802,1.71997,72.748,12.508,14.744
14168880,24/02/2026,Alfreton,Scarborough,1.84512,0.9117,2.72846,2.06927,53.398,22.284,24.318
14168915,10/03/2026,Alfreton,Radcliffe,1.98873,0.7755,2.25536,1.43293,58.432,17.991,23.577
14168927,14/03/2026,Alfreton,Peterborough,2.54535,0.29394,1.91042,0.37018,79.488,4.441,16.071
15659749,19/03/2026,Alfreton,Hereford,1.35728,1.35437,1.16442,1.18101,35.631,35.534,28.835
15416663,24/03/2026,Alfreton,Macclesfield,0.4103,2.18492,0.00482,0.83283,0.184,59.338,40.478
14168470,16/08/2025,Alfreton,Darlington,0.63694,2.09881,0.52607,1.42971,12.423,61.152,26.425
14168475,19/08/2025,Alfreton,South Shields,0.01581,2.96994,0.03407,3.38246,0.052,98.523,1.425
14168517,25/08/2025,Alfreton,Marine,1.27922,1.35587,0.76162,0.79981,30.477,33.032,36.491
14168554,06/09/2025,Alfreton,King's Lynn,1.65994,1.02409,1.43961,1.07718,44.799,23.604,31.597
14168567,20/09/2025,Alfreton,Telford,1.33131,1.40445,1.84722,1.96676,35.569,38.007,26.424
14168617,21/10/2025,Alfreton,Chester,0.25098,2.59512,0.3845,1.86173,3.236,81.374,15.39
14168638,01/11/2025,Alfreton,Kidderminster,0.18913,2.69638,0.27008,2.24579,2.488,86.063,11.449
14168664,08/11/2025,Alfreton,Fylde,0.39584,2.42987,0.63137,2.06107,7.385,75.186,17.429
14877540,11/11/2025,Alfreton,Spennymoor,1.55449,1.13623,1.20944,0.97622,41.507,27.565,30.928
15174859,16/12/2025,Alfreton,Southport,1.20687,1.42842,0.72001,0.82036,28.072,35.457,36.471
14168746,30/12/2025,Alfreton,Leamington,2.21118,0.55512,1.67594,0.68092,65.916,10.714,23.37
14168796,24/01/2026,Alfreton,Bedford,2.90469,0.05775,3.44323,0.30114,95.571,0.673,3.756
14168865,21/02/2026,Alfreton,Merthyr,2.32988,0.52268,3.29802,1.71997,72.748,12.508,14.744
14168880,24/02/2026,Alfreton,Scarborough,1.84512,0.9117,2.72846,2.06927,53.398,22.284,24.318
14168915,10/03/2026,Alfreton,Radcliffe,1.98873,0.7755,2.25536,1.43293,58.432,17.991,23.577
14168927,14/03/2026,Alfreton,Peterborough,2.54535,0.29394,1.91042,0.37018,79.488,4.441,16.071
15659749,19/03/2026,Alfreton,Hereford,1.35728,1.35437,1.16442,1.18101,35.631,35.534,28.835
15416663,24/03/2026,Alfreton,Macclesfield,0.4103,2.18492,0.00482,0.83283,0.184,59.338,40.478
15489563,31/03/2026,Alfreton,Chorley,0.64784,2.07728,0.51907,1.39519,12.432,60.08,27.488
14168488,09/08/2025,Bedford,Alfreton,1.9198,0.80758,1.65339,1.0008,54.906,17.832,27.262
14168488,09/08/2025,Bedford,Alfreton,1.9198,0.80758,1.65339,1.0008,54.906,17.832,27.262
14168496,19/08/2025,Bedford,Telford,2.0406,0.6861,1.41913,0.713,58.91,13.76,27.33
14168488,09/08/2025,Bedford,Alfreton,1.9198,0.80758,1.65339,1.0008,54.906,17.832,27.262
14168496,19/08/2025,Bedford,Telford,2.0406,0.6861,1.41913,0.713,58.91,13.76,27.33
14168527,25/08/2025,Bedford,South Shields,1.46625,1.17366,1.14103,1.02789,36.872,27.119,36.009
14168488,09/08/2025,Bedford,Alfreton,1.9198,0.80758,1.65339,1.0008,54.906,17.832,27.262
14168496,19/08/2025,Bedford,Telford,2.0406,0.6861,1.41913,0.713,58.91,13.76,27.33
14168527,25/08/2025,Bedford,South Shields,1.46625,1.17366,1.14103,1.02789,36.872,27.119,36.009
14168555,06/09/2025,Bedford,Curzon Ashton,1.4412,1.34889,2.6605,2.54324,41.043,37.966,20.991
14168488,09/08/2025,Bedford,Alfreton,1.9198,0.80758,1.65339,1.0008,54.906,17.832,27.262
14168496,19/08/2025,Bedford,Telford,2.0406,0.6861,1.41913,0.713,58.91,13.76,27.33
14168527,25/08/2025,Bedford,South Shields,1.46625,1.17366,1.14103,1.02789,36.872,27.119,36.009
14168555,06/09/2025,Bedford,Curzon Ashton,1.4412,1.34889,2.6605,2.54324,41.043,37.966,20.991
14168568,20/09/2025,Bedford,Spennymoor,0.62798,2.18648,1.52317,2.74415,14.748,66.698,18.554
14168488,09/08/2025,Bedford,Alfreton,1.9198,0.80758,1.65339,1.0008,54.906,17.832,27.262
14168496,19/08/2025,Bedford,Telford,2.0406,0.6861,1.41913,0.713,58.91,13.76,27.33
14168527,25/08/2025,Bedford,South Shields,1.46625,1.17366,1.14103,1.02789,36.872,27.119,36.009
14168555,06/09/2025,Bedford,Curzon Ashton,1.4412,1.34889,2.6605,2.54324,41.043,37.966,20.991
14168568,20/09/2025,Bedford,Spennymoor,0.62798,2.18648,1.52317,2.74415,14.748,66.698,18.554
14168611,21/10/2025,Bedford,Oxford,1.82469,0.84492,1.0604,0.55468,49.81,17.151,33.039
14168488,09/08/2025,Bedford,Alfreton,1.9198,0.80758,1.65339,1.0008,54.906,17.832,27.262
14168496,19/08/2025,Bedford,Telford,2.0406,0.6861,1.41913,0.713,58.91,13.76,27.33
14168527,25/08/2025,Bedford,South Shields,1.46625,1.17366,1.14103,1.02789,36.872,27.119,36.009
14168555,06/09/2025,Bedford,Curzon Ashton,1.4412,1.34889,2.6605,2.54324,41.043,37.966,20.991
14168568,20/09/2025,Bedford,Spennymoor,0.62798,2.18648,1.52317,2.74415,14.748,66.698,18.554
14168611,21/10/2025,Bedford,Oxford,1.82469,0.84492,1.0604,0.55468,49.81,17.151,33.039
14168658,08/11/2025,Bedford,Merthyr,1.61368,1.14823,1.86603,1.54565,45.853,30.338,23.809
14168488,09/08/2025,Bedford,Alfreton,1.9198,0.80758,1.65339,1.0008,54.906,17.832,27.262
14168496,19/08/2025,Bedford,Telford,2.0406,0.6861,1.41913,0.713,58.91,13.76,27.33
14168527,25/08/2025,Bedford,South Shields,1.46625,1.17366,1.14103,1.02789,36.872,27.119,36.009
14168555,06/09/2025,Bedford,Curzon Ashton,1.4412,1.34889,2.6605,2.54324,41.043,37.966,20.991
14168568,20/09/2025,Bedford,Spennymoor,0.62798,2.18648,1.52317,2.74415,14.748,66.698,18.554
14168611,21/10/2025,Bedford,Oxford,1.82469,0.84492,1.0604,0.55468,49.81,17.151,33.039
14168658,08/11/2025,Bedford,Merthyr,1.61368,1.14823,1.86603,1.54565,45.853,30.338,23.809
14837121,11/11/2025,Bedford,Buxton,2.37928,0.40942,1.52707,0.40057,72.266,6.604,21.13
14168488,09/08/2025,Bedford,Alfreton,1.9198,0.80758,1.65339,1.0008,54.906,17.832,27.262
14168496,19/08/2025,Bedford,Telford,2.0406,0.6861,1.41913,0.713,58.91,13.76,27.33
14168527,25/08/2025,Bedford,South Shields,1.46625,1.17366,1.14103,1.02789,36.872,27.119,36.009
14168555,06/09/2025,Bedford,Curzon Ashton,1.4412,1.34889,2.6605,2.54324,41.043,37.966,20.991
14168568,20/09/2025,Bedford,Spennymoor,0.62798,2.18648,1.52317,2.74415,14.748,66.698,18.554
14168611,21/10/2025,Bedford,Oxford,1.82469,0.84492,1.0604,0.55468,49.81,17.151,33.039
14168658,08/11/2025,Bedford,Merthyr,1.61368,1.14823,1.86603,1.54565,45.853,30.338,23.809
14837121,11/11/2025,Bedford,Buxton,2.37928,0.40942,1.52707,0.40057,72.266,6.604,21.13
14168699,29/11/2025,Bedford,Darlington,0.5991,2.23548,1.5826,2.94786,14.456,69.002,16.542
14168488,09/08/2025,Bedford,Alfreton,1.9198,0.80758,1.65339,1.0008,54.906,17.832,27.262
14168496,19/08/2025,Bedford,Telford,2.0406,0.6861,1.41913,0.713,58.91,13.76,27.33
14168527,25/08/2025,Bedford,South Shields,1.46625,1.17366,1.14103,1.02789,36.872,27.119,36.009
14168555,06/09/2025,Bedford,Curzon Ashton,1.4412,1.34889,2.6605,2.54324,41.043,37.966,20.991
14168568,20/09/2025,Bedford,Spennymoor,0.62798,2.18648,1.52317,2.74415,14.748,66.698,18.554
14168611,21/10/2025,Bedford,Oxford,1.82469,0.84492,1.0604,0.55468,49.81,17.151,33.039
14168658,08/11/2025,Bedford,Merthyr,1.61368,1.14823,1.86603,1.54565,45.853,30.338,23.809
14837121,11/11/2025,Bedford,Buxton,2.37928,0.40942,1.52707,0.40057,72.266,6.604,21.13
14168699,29/11/2025,Bedford,Darlington,0.5991,2.23548,1.5826,2.94786,14.456,69.002,16.542
15029190,16/12/2025,Bedford,Macclesfield,0.46383,2.33262,0.70945,1.86632,8.676,70.969,20.355
14168488,09/08/2025,Bedford,Alfreton,1.9198,0.80758,1.65339,1.0008,54.906,17.832,27.262
14168496,19/08/2025,Bedford,Telford,2.0406,0.6861,1.41913,0.713,58.91,13.76,27.33
14168527,25/08/2025,Bedford,South Shields,1.46625,1.17366,1.14103,1.02789,36.872,27.119,36.009
14168555,06/09/2025,Bedford,Curzon Ashton,1.4412,1.34889,2.6605,2.54324,41.043,37.966,20.991
14168568,20/09/2025,Bedford,Spennymoor,0.62798,2.18648,1.52317,2.74415,14.748,66.698,18.554
14168611,21/10/2025,Bedford,Oxford,1.82469,0.84492,1.0604,0.55468,49.81,17.151,33.039
14168658,08/11/2025,Bedford,Merthyr,1.61368,1.14823,1.86603,1.54565,45.853,30.338,23.809
14837121,11/11/2025,Bedford,Buxton,2.37928,0.40942,1.52707,0.40057,72.266,6.604,21.13
14168699,29/11/2025,Bedford,Darlington,0.5991,2.23548,1.5826,2.94786,14.456,69.002,16.542
15029190,16/12/2025,Bedford,Macclesfield,0.46383,2.33262,0.70945,1.86632,8.676,70.969,20.355
14168723,20/12/2025,Bedford,Marine,0.48512,2.31611,0.63197,1.8916,9.545,70.578,19.877
14168488,09/08/2025,Bedford,Alfreton,1.9198,0.80758,1.65339,1.0008,54.906,17.832,27.262
14168496,19/08/2025,Bedford,Telford,2.0406,0.6861,1.41913,0.713,58.91,13.76,27.33
14168527,25/08/2025,Bedford,South Shields,1.46625,1.17366,1.14103,1.02789,36.872,27.119,36.009
14168555,06/09/2025,Bedford,Curzon Ashton,1.4412,1.34889,2.6605,2.54324,41.043,37.966,20.991
14168568,20/09/2025,Bedford,Spennymoor,0.62798,2.18648,1.52317,2.74415,14.748,66.698,18.554
14168611,21/10/2025,Bedford,Oxford,1.82469,0.84492,1.0604,0.55468,49.81,17.151,33.039
14168658,08/11/2025,Bedford,Merthyr,1.61368,1.14823,1.86603,1.54565,45.853,30.338,23.809
14837121,11/11/2025,Bedford,Buxton,2.37928,0.40942,1.52707,0.40057,72.266,6.604,21.13
14168699,29/11/2025,Bedford,Darlington,0.5991,2.23548,1.5826,2.94786,14.456,69.002,16.542
15029190,16/12/2025,Bedford,Macclesfield,0.46383,2.33262,0.70945,1.86632,8.676,70.969,20.355
14168723,20/12/2025,Bedford,Marine,0.48512,2.31611,0.63197,1.8916,9.545,70.578,19.877
14168748,30/12/2025,Bedford,King's Lynn,1.26647,1.43939,1.39757,1.47912,32.411,38.175,29.414
14168488,09/08/2025,Bedford,Alfreton,1.9198,0.80758,1.65339,1.0008,54.906,17.832,27.262
14168496,19/08/2025,Bedford,Telford,2.0406,0.6861,1.41913,0.713,58.91,13.76,27.33
14168527,25/08/2025,Bedford,South Shields,1.46625,1.17366,1.14103,1.02789,36.872,27.119,36.009
14168555,06/09/2025,Bedford,Curzon Ashton,1.4412,1.34889,2.6605,2.54324,41.043,37.966,20.991
14168568,20/09/2025,Bedford,Spennymoor,0.62798,2.18648,1.52317,2.74415,14.748,66.698,18.554
14168611,21/10/2025,Bedford,Oxford,1.82469,0.84492,1.0604,0.55468,49.81,17.151,33.039
14168658,08/11/2025,Bedford,Merthyr,1.61368,1.14823,1.86603,1.54565,45.853,30.338,23.809
14837121,11/11/2025,Bedford,Buxton,2.37928,0.40942,1.52707,0.40057,72.266,6.604,21.13
14168699,29/11/2025,Bedford,Darlington,0.5991,2.23548,1.5826,2.94786,14.456,69.002,16.542
15029190,16/12/2025,Bedford,Macclesfield,0.46383,2.33262,0.70945,1.86632,8.676,70.969,20.355
14168723,20/12/2025,Bedford,Marine,0.48512,2.31611,0.63197,1.8916,9.545,70.578,19.877
14168748,30/12/2025,Bedford,King's Lynn,1.26647,1.43939,1.39757,1.47912,32.411,38.175,29.414
14168755,03/01/2026,Bedford,Fylde,1.51728,1.15917,1.06916,0.84363,39.791,27.854,32.355
14168488,09/08/2025,Bedford,Alfreton,1.9198,0.80758,1.65339,1.0008,54.906,17.832,27.262
14168496,19/08/2025,Bedford,Telford,2.0406,0.6861,1.41913,0.713,58.91,13.76,27.33
14168527,25/08/2025,Bedford,South Shields,1.46625,1.17366,1.14103,1.02789,36.872,27.119,36.009
14168555,06/09/2025,Bedford,Curzon Ashton,1.4412,1.34889,2.6605,2.54324,41.043,37.966,20.991
14168568,20/09/2025,Bedford,Spennymoor,0.62798,2.18648,1.52317,2.74415,14.748,66.698,18.554
14168611,21/10/2025,Bedford,Oxford,1.82469,0.84492,1.0604,0.55468,49.81,17.151,33.039
14168658,08/11/2025,Bedford,Merthyr,1.61368,1.14823,1.86603,1.54565,45.853,30.338,23.809
14837121,11/11/2025,Bedford,Buxton,2.37928,0.40942,1.52707,0.40057,72.266,6.604,21.13
14168699,29/11/2025,Bedford,Darlington,0.5991,2.23548,1.5826,2.94786,14.456,69.002,16.542
15029190,16/12/2025,Bedford,Macclesfield,0.46383,2.33262,0.70945,1.86632,8.676,70.969,20.355
14168723,20/12/2025,Bedford,Marine,0.48512,2.31611,0.63197,1.8916,9.545,70.578,19.877
14168748,30/12/2025,Bedford,King's Lynn,1.26647,1.43939,1.39757,1.47912,32.411,38.175,29.414
14168755,03/01/2026,Bedford,Fylde,1.51728,1.15917,1.06916,0.84363,39.791,27.854,32.355
14168784,17/01/2026,Bedford,Southport,0.70657,2.02519,0.75744,1.48138,14.611,58.565,26.824
14168488,09/08/2025,Bedford,Alfreton,1.9198,0.80758,1.65339,1.0008,54.906,17.832,27.262
14168496,19/08/2025,Bedford,Telford,2.0406,0.6861,1.41913,0.713,58.91,13.76,27.33
14168527,25/08/2025,Bedford,South Shields,1.46625,1.17366,1.14103,1.02789,36.872,27.119,36.009
14168555,06/09/2025,Bedford,Curzon Ashton,1.4412,1.34889,2.6605,2.54324,41.043,37.966,20.991
14168568,20/09/2025,Bedford,Spennymoor,0.62798,2.18648,1.52317,2.74415,14.748,66.698,18.554
14168611,21/10/2025,Bedford,Oxford,1.82469,0.84492,1.0604,0.55468,49.81,17.151,33.039
14168658,08/11/2025,Bedford,Merthyr,1.61368,1.14823,1.86603,1.54565,45.853,30.338,23.809
14837121,11/11/2025,Bedford,Buxton,2.37928,0.40942,1.52707,0.40057,72.266,6.604,21.13
14168699,29/11/2025,Bedford,Darlington,0.5991,2.23548,1.5826,2.94786,14.456,69.002,16.542
15029190,16/12/2025,Bedford,Macclesfield,0.46383,2.33262,0.70945,1.86632,8.676,70.969,20.355
14168723,20/12/2025,Bedford,Marine,0.48512,2.31611,0.63197,1.8916,9.545,70.578,19.877
14168748,30/12/2025,Bedford,King's Lynn,1.26647,1.43939,1.39757,1.47912,32.411,38.175,29.414
14168755,03/01/2026,Bedford,Fylde,1.51728,1.15917,1.06916,0.84363,39.791,27.854,32.355
14168784,17/01/2026,Bedford,Southport,0.70657,2.02519,0.75744,1.48138,14.611,58.565,26.824
14168807,27/01/2026,Bedford,Kidderminster,0.35476,2.47282,0.49027,1.90176,6.078,76.68,17.242
14168488,09/08/2025,Bedford,Alfreton,1.9198,0.80758,1.65339,1.0008,54.906,17.832,27.262
14168496,19/08/2025,Bedford,Telford,2.0406,0.6861,1.41913,0.713,58.91,13.76,27.33
14168527,25/08/2025,Bedford,South Shields,1.46625,1.17366,1.14103,1.02789,36.872,27.119,36.009
14168555,06/09/2025,Bedford,Curzon Ashton,1.4412,1.34889,2.6605,2.54324,41.043,37.966,20.991
14168568,20/09/2025,Bedford,Spennymoor,0.62798,2.18648,1.52317,2.74415,14.748,66.698,18.554
14168611,21/10/2025,Bedford,Oxford,1.82469,0.84492,1.0604,0.55468,49.81,17.151,33.039
14168658,08/11/2025,Bedford,Merthyr,1.61368,1.14823,1.86603,1.54565,45.853,30.338,23.809
14837121,11/11/2025,Bedford,Buxton,2.37928,0.40942,1.52707,0.40057,72.266,6.604,21.13
14168699,29/11/2025,Bedford,Darlington,0.5991,2.23548,1.5826,2.94786,14.456,69.002,16.542
15029190,16/12/2025,Bedford,Macclesfield,0.46383,2.33262,0.70945,1.86632,8.676,70.969,20.355
14168723,20/12/2025,Bedford,Marine,0.48512,2.31611,0.63197,1.8916,9.545,70.578,19.877
14168748,30/12/2025,Bedford,King's Lynn,1.26647,1.43939,1.39757,1.47912,32.411,38.175,29.414
14168755,03/01/2026,Bedford,Fylde,1.51728,1.15917,1.06916,0.84363,39.791,27.854,32.355
14168784,17/01/2026,Bedford,Southport,0.70657,2.02519,0.75744,1.48138,14.611,58.565,26.824
14168807,27/01/2026,Bedford,Kidderminster,0.35476,2.47282,0.49027,1.90176,6.078,76.68,17.242
14168831,07/02/2026,Bedford,Chester,0.69354,2.06469,0.86002,1.74579,15.059,60.764,24.177
14168488,09/08/2025,Bedford,Alfreton,1.9198,0.80758,1.65339,1.0008,54.906,17.832,27.262
14168496,19/08/2025,Bedford,Telford,2.0406,0.6861,1.41913,0.713,58.91,13.76,27.33
14168527,25/08/2025,Bedford,South Shields,1.46625,1.17366,1.14103,1.02789,36.872,27.119,36.009
14168555,06/09/2025,Bedford,Curzon Ashton,1.4412,1.34889,2.6605,2.54324,41.043,37.966,20.991
14168568,20/09/2025,Bedford,Spennymoor,0.62798,2.18648,1.52317,2.74415,14.748,66.698,18.554
14168611,21/10/2025,Bedford,Oxford,1.82469,0.84492,1.0604,0.55468,49.81,17.151,33.039
14168658,08/11/2025,Bedford,Merthyr,1.61368,1.14823,1.86603,1.54565,45.853,30.338,23.809
14837121,11/11/2025,Bedford,Buxton,2.37928,0.40942,1.52707,0.40057,72.266,6.604,21.13
14168699,29/11/2025,Bedford,Darlington,0.5991,2.23548,1.5826,2.94786,14.456,69.002,16.542
15029190,16/12/2025,Bedford,Macclesfield,0.46383,2.33262,0.70945,1.86632,8.676,70.969,20.355
14168723,20/12/2025,Bedford,Marine,0.48512,2.31611,0.63197,1.8916,9.545,70.578,19.877
14168748,30/12/2025,Bedford,King's Lynn,1.26647,1.43939,1.39757,1.47912,32.411,38.175,29.414
14168755,03/01/2026,Bedford,Fylde,1.51728,1.15917,1.06916,0.84363,39.791,27.854,32.355
14168784,17/01/2026,Bedford,Southport,0.70657,2.02519,0.75744,1.48138,14.611,58.565,26.824
14168807,27/01/2026,Bedford,Kidderminster,0.35476,2.47282,0.49027,1.90176,6.078,76.68,17.242
14168831,07/02/2026,Bedford,Chester,0.69354,2.06469,0.86002,1.74579,15.059,60.764,24.177
14168866,21/02/2026,Bedford,Chorley,1.23958,1.35961,0.61973,0.68001,27.959,31.96,40.081
14168488,09/08/2025,Bedford,Alfreton,1.9198,0.80758,1.65339,1.0008,54.906,17.832,27.262
14168496,19/08/2025,Bedford,Telford,2.0406,0.6861,1.41913,0.713,58.91,13.76,27.33
14168527,25/08/2025,Bedford,South Shields,1.46625,1.17366,1.14103,1.02789,36.872,27.119,36.009
14168555,06/09/2025,Bedford,Curzon Ashton,1.4412,1.34889,2.6605,2.54324,41.043,37.966,20.991
14168568,20/09/2025,Bedford,Spennymoor,0.62798,2.18648,1.52317,2.74415,14.748,66.698,18.554
14168611,21/10/2025,Bedford,Oxford,1.82469,0.84492,1.0604,0.55468,49.81,17.151,33.039
14168658,08/11/2025,Bedford,Merthyr,1.61368,1.14823,1.86603,1.54565,45.853,30.338,23.809
14837121,11/11/2025,Bedford,Buxton,2.37928,0.40942,1.52707,0.40057,72.266,6.604,21.13
14168699,29/11/2025,Bedford,Darlington,0.5991,2.23548,1.5826,2.94786,14.456,69.002,16.542
15029190,16/12/2025,Bedford,Macclesfield,0.46383,2.33262,0.70945,1.86632,8.676,70.969,20.355
14168723,20/12/2025,Bedford,Marine,0.48512,2.31611,0.63197,1.8916,9.545,70.578,19.877
14168748,30/12/2025,Bedford,King's Lynn,1.26647,1.43939,1.39757,1.47912,32.411,38.175,29.414
14168755,03/01/2026,Bedford,Fylde,1.51728,1.15917,1.06916,0.84363,39.791,27.854,32.355
14168784,17/01/2026,Bedford,Southport,0.70657,2.02519,0.75744,1.48138,14.611,58.565,26.824
14168807,27/01/2026,Bedford,Kidderminster,0.35476,2.47282,0.49027,1.90176,6.078,76.68,17.242
14168831,07/02/2026,Bedford,Chester,0.69354,2.06469,0.86002,1.74579,15.059,60.764,24.177
14168866,21/02/2026,Bedford,Chorley,1.23958,1.35961,0.61973,0.68001,27.959,31.96,40.081
14168879,24/02/2026,Bedford,Peterborough,2.58364,0.30016,3.16073,1.22799,82.248,6.132,11.62
14168488,09/08/2025,Bedford,Alfreton,1.9198,0.80758,1.65339,1.0008,54.906,17.832,27.262
14168496,19/08/2025,Bedford,Telford,2.0406,0.6861,1.41913,0.713,58.91,13.76,27.33
14168527,25/08/2025,Bedford,South Shields,1.46625,1.17366,1.14103,1.02789,36.872,27.119,36.009
14168555,06/09/2025,Bedford,Curzon Ashton,1.4412,1.34889,2.6605,2.54324,41.043,37.966,20.991
14168568,20/09/2025,Bedford,Spennymoor,0.62798,2.18648,1.52317,2.74415,14.748,66.698,18.554
14168611,21/10/2025,Bedford,Oxford,1.82469,0.84492,1.0604,0.55468,49.81,17.151,33.039
14168658,08/11/2025,Bedford,Merthyr,1.61368,1.14823,1.86603,1.54565,45.853,30.338,23.809
14837121,11/11/2025,Bedford,Buxton,2.37928,0.40942,1.52707,0.40057,72.266,6.604,21.13
14168699,29/11/2025,Bedford,Darlington,0.5991,2.23548,1.5826,2.94786,14.456,69.002,16.542
15029190,16/12/2025,Bedford,Macclesfield,0.46383,2.33262,0.70945,1.86632,8.676,70.969,20.355
14168723,20/12/2025,Bedford,Marine,0.48512,2.31611,0.63197,1.8916,9.545,70.578,19.877
14168748,30/12/2025,Bedford,King's Lynn,1.26647,1.43939,1.39757,1.47912,32.411,38.175,29.414
14168755,03/01/2026,Bedford,Fylde,1.51728,1.15917,1.06916,0.84363,39.791,27.854,32.355
14168784,17/01/2026,Bedford,Southport,0.70657,2.02519,0.75744,1.48138,14.611,58.565,26.824
14168807,27/01/2026,Bedford,Kidderminster,0.35476,2.47282,0.49027,1.90176,6.078,76.68,17.242
14168831,07/02/2026,Bedford,Chester,0.69354,2.06469,0.86002,1.74579,15.059,60.764,24.177
14168866,21/02/2026,Bedford,Chorley,1.23958,1.35961,0.61973,0.68001,27.959,31.96,40.081
14168879,24/02/2026,Bedford,Peterborough,2.58364,0.30016,3.16073,1.22799,82.248,6.132,11.62
14168916,10/03/2026,Bedford,Worksop,1.75295,0.96245,1.32949,0.86686,48.945,22.595,28.46
14168488,09/08/2025,Bedford,Alfreton,1.9198,0.80758,1.65339,1.0008,54.906,17.832,27.262
14168496,19/08/2025,Bedford,Telford,2.0406,0.6861,1.41913,0.713,58.91,13.76,27.33
14168527,25/08/2025,Bedford,South Shields,1.46625,1.17366,1.14103,1.02789,36.872,27.119,36.009
14168555,06/09/2025,Bedford,Curzon Ashton,1.4412,1.34889,2.6605,2.54324,41.043,37.966,20.991
14168568,20/09/2025,Bedford,Spennymoor,0.62798,2.18648,1.52317,2.74415,14.748,66.698,18.554
14168611,21/10/2025,Bedford,Oxford,1.82469,0.84492,1.0604,0.55468,49.81,17.151,33.039
14168658,08/11/2025,Bedford,Merthyr,1.61368,1.14823,1.86603,1.54565,45.853,30.338,23.809
14837121,11/11/2025,Bedford,Buxton,2.37928,0.40942,1.52707,0.40057,72.266,6.604,21.13
14168699,29/11/2025,Bedford,Darlington,0.5991,2.23548,1.5826,2.94786,14.456,69.002,16.542
15029190,16/12/2025,Bedford,Macclesfield,0.46383,2.33262,0.70945,1.86632,8.676,70.969,20.355
14168723,20/12/2025,Bedford,Marine,0.48512,2.31611,0.63197,1.8916,9.545,70.578,19.877
14168748,30/12/2025,Bedford,King's Lynn,1.26647,1.43939,1.39757,1.47912,32.411,38.175,29.414
14168755,03/01/2026,Bedford,Fylde,1.51728,1.15917,1.06916,0.84363,39.791,27.854,32.355
14168784,17/01/2026,Bedford,Southport,0.70657,2.02519,0.75744,1.48138,14.611,58.565,26.824
14168807,27/01/2026,Bedford,Kidderminster,0.35476,2.47282,0.49027,1.90176,6.078,76.68,17.242
14168831,07/02/2026,Bedford,Chester,0.69354,2.06469,0.86002,1.74579,15.059,60.764,24.177
14168866,21/02/2026,Bedford,Chorley,1.23958,1.35961,0.61973,0.68001,27.959,31.96,40.081
14168879,24/02/2026,Bedford,Peterborough,2.58364,0.30016,3.16073,1.22799,82.248,6.132,11.62
14168916,10/03/2026,Bedford,Worksop,1.75295,0.96245,1.32949,0.86686,48.945,22.595,28.46
14168928,14/03/2026,Bedford,Radcliffe,2.40647,0.40742,1.95446,0.51274,74.012,7.377,18.611
14168476,09/08/2025,Buxton,Radcliffe,0.84539,1.61636,0.17857,0.51267,10.238,35.937,53.825
14168476,09/08/2025,Buxton,Radcliffe,0.84539,1.61636,0.17857,0.51267,10.238,35.937,53.825
14168492,19/08/2025,Buxton,Hereford,1.03856,1.64045,0.79916,1.11708,23.919,43.982,32.099
14168476,09/08/2025,Buxton,Radcliffe,0.84539,1.61636,0.17857,0.51267,10.238,35.937,53.825
14168492,19/08/2025,Buxton,Hereford,1.03856,1.64045,0.79916,1.11708,23.919,43.982,32.099
14168521,25/08/2025,Buxton,Curzon Ashton,2.1432,0.62961,1.80862,0.79471,63.867,13.414,22.719
14168476,09/08/2025,Buxton,Radcliffe,0.84539,1.61636,0.17857,0.51267,10.238,35.937,53.825
14168492,19/08/2025,Buxton,Hereford,1.03856,1.64045,0.79916,1.11708,23.919,43.982,32.099
14168521,25/08/2025,Buxton,Curzon Ashton,2.1432,0.62961,1.80862,0.79471,63.867,13.414,22.719
14168557,06/09/2025,Buxton,Oxford,1.37123,1.31225,1.34658,1.32371,35.157,33.191,31.652
14168476,09/08/2025,Buxton,Radcliffe,0.84539,1.61636,0.17857,0.51267,10.238,35.937,53.825
14168492,19/08/2025,Buxton,Hereford,1.03856,1.64045,0.79916,1.11708,23.919,43.982,32.099
14168521,25/08/2025,Buxton,Curzon Ashton,2.1432,0.62961,1.80862,0.79471,63.867,13.414,22.719
14168557,06/09/2025,Buxton,Oxford,1.37123,1.31225,1.34658,1.32371,35.157,33.191,31.652
14168580,04/10/2025,Buxton,Darlington,2.07233,0.67049,1.57979,0.68701,60.505,13.777,25.718
14168476,09/08/2025,Buxton,Radcliffe,0.84539,1.61636,0.17857,0.51267,10.238,35.937,53.825
14168492,19/08/2025,Buxton,Hereford,1.03856,1.64045,0.79916,1.11708,23.919,43.982,32.099
14168521,25/08/2025,Buxton,Curzon Ashton,2.1432,0.62961,1.80862,0.79471,63.867,13.414,22.719
14168557,06/09/2025,Buxton,Oxford,1.37123,1.31225,1.34658,1.32371,35.157,33.191,31.652
14168580,04/10/2025,Buxton,Darlington,2.07233,0.67049,1.57979,0.68701,60.505,13.777,25.718
14169188,18/10/2025,Buxton,Chorley,2.85802,0.08971,3.42676,0.77717,93.525,1.248,5.227
14168476,09/08/2025,Buxton,Radcliffe,0.84539,1.61636,0.17857,0.51267,10.238,35.937,53.825
14168492,19/08/2025,Buxton,Hereford,1.03856,1.64045,0.79916,1.11708,23.919,43.982,32.099
14168521,25/08/2025,Buxton,Curzon Ashton,2.1432,0.62961,1.80862,0.79471,63.867,13.414,22.719
14168557,06/09/2025,Buxton,Oxford,1.37123,1.31225,1.34658,1.32371,35.157,33.191,31.652
14168580,04/10/2025,Buxton,Darlington,2.07233,0.67049,1.57979,0.68701,60.505,13.777,25.718
14169188,18/10/2025,Buxton,Chorley,2.85802,0.08971,3.42676,0.77717,93.525,1.248,5.227
14168628,25/10/2025,Buxton,Alfreton,2.71031,0.17999,2.30195,0.27674,86.687,2.343,10.97
14168476,09/08/2025,Buxton,Radcliffe,0.84539,1.61636,0.17857,0.51267,10.238,35.937,53.825
14168492,19/08/2025,Buxton,Hereford,1.03856,1.64045,0.79916,1.11708,23.919,43.982,32.099
14168521,25/08/2025,Buxton,Curzon Ashton,2.1432,0.62961,1.80862,0.79471,63.867,13.414,22.719
14168557,06/09/2025,Buxton,Oxford,1.37123,1.31225,1.34658,1.32371,35.157,33.191,31.652
14168580,04/10/2025,Buxton,Darlington,2.07233,0.67049,1.57979,0.68701,60.505,13.777,25.718
14169188,18/10/2025,Buxton,Chorley,2.85802,0.08971,3.42676,0.77717,93.525,1.248,5.227
14168628,25/10/2025,Buxton,Alfreton,2.71031,0.17999,2.30195,0.27674,86.687,2.343,10.97
14168654,04/11/2025,Buxton,Southport,2.07019,0.68158,1.61743,0.75178,60.732,14.445,24.823
14168476,09/08/2025,Buxton,Radcliffe,0.84539,1.61636,0.17857,0.51267,10.238,35.937,53.825
14168492,19/08/2025,Buxton,Hereford,1.03856,1.64045,0.79916,1.11708,23.919,43.982,32.099
14168521,25/08/2025,Buxton,Curzon Ashton,2.1432,0.62961,1.80862,0.79471,63.867,13.414,22.719
14168557,06/09/2025,Buxton,Oxford,1.37123,1.31225,1.34658,1.32371,35.157,33.191,31.652
14168580,04/10/2025,Buxton,Darlington,2.07233,0.67049,1.57979,0.68701,60.505,13.777,25.718
14169188,18/10/2025,Buxton,Chorley,2.85802,0.08971,3.42676,0.77717,93.525,1.248,5.227
14168628,25/10/2025,Buxton,Alfreton,2.71031,0.17999,2.30195,0.27674,86.687,2.343,10.97
14168654,04/11/2025,Buxton,Southport,2.07019,0.68158,1.61743,0.75178,60.732,14.445,24.823
14168662,08/11/2025,Buxton,Chester,1.23125,1.48856,1.43941,1.59067,31.702,40.279,28.019
14168476,09/08/2025,Buxton,Radcliffe,0.84539,1.61636,0.17857,0.51267,10.238,35.937,53.825
14168492,19/08/2025,Buxton,Hereford,1.03856,1.64045,0.79916,1.11708,23.919,43.982,32.099
14168521,25/08/2025,Buxton,Curzon Ashton,2.1432,0.62961,1.80862,0.79471,63.867,13.414,22.719
14168557,06/09/2025,Buxton,Oxford,1.37123,1.31225,1.34658,1.32371,35.157,33.191,31.652
14168580,04/10/2025,Buxton,Darlington,2.07233,0.67049,1.57979,0.68701,60.505,13.777,25.718
14169188,18/10/2025,Buxton,Chorley,2.85802,0.08971,3.42676,0.77717,93.525,1.248,5.227
14168628,25/10/2025,Buxton,Alfreton,2.71031,0.17999,2.30195,0.27674,86.687,2.343,10.97
14168654,04/11/2025,Buxton,Southport,2.07019,0.68158,1.61743,0.75178,60.732,14.445,24.823
14168662,08/11/2025,Buxton,Chester,1.23125,1.48856,1.43941,1.59067,31.702,40.279,28.019
14168700,29/11/2025,Buxton,Merthyr,1.2623,1.45031,1.13808,1.25181,32.497,38.764,28.739
14168476,09/08/2025,Buxton,Radcliffe,0.84539,1.61636,0.17857,0.51267,10.238,35.937,53.825
14168492,19/08/2025,Buxton,Hereford,1.03856,1.64045,0.79916,1.11708,23.919,43.982,32.099
14168521,25/08/2025,Buxton,Curzon Ashton,2.1432,0.62961,1.80862,0.79471,63.867,13.414,22.719
14168557,06/09/2025,Buxton,Oxford,1.37123,1.31225,1.34658,1.32371,35.157,33.191,31.652
14168580,04/10/2025,Buxton,Darlington,2.07233,0.67049,1.57979,0.68701,60.505,13.777,25.718
14169188,18/10/2025,Buxton,Chorley,2.85802,0.08971,3.42676,0.77717,93.525,1.248,5.227
14168628,25/10/2025,Buxton,Alfreton,2.71031,0.17999,2.30195,0.27674,86.687,2.343,10.97
14168654,04/11/2025,Buxton,Southport,2.07019,0.68158,1.61743,0.75178,60.732,14.445,24.823
14168662,08/11/2025,Buxton,Chester,1.23125,1.48856,1.43941,1.59067,31.702,40.279,28.019
14168700,29/11/2025,Buxton,Merthyr,1.2623,1.45031,1.13808,1.25181,32.497,38.764,28.739
14168724,20/12/2025,Buxton,Telford,1.38597,1.29858,1.08043,1.00239,35.684,32.771,31.545
14168476,09/08/2025,Buxton,Radcliffe,0.84539,1.61636,0.17857,0.51267,10.238,35.937,53.825
14168492,19/08/2025,Buxton,Hereford,1.03856,1.64045,0.79916,1.11708,23.919,43.982,32.099
14168521,25/08/2025,Buxton,Curzon Ashton,2.1432,0.62961,1.80862,0.79471,63.867,13.414,22.719
14168557,06/09/2025,Buxton,Oxford,1.37123,1.31225,1.34658,1.32371,35.157,33.191,31.652
14168580,04/10/2025,Buxton,Darlington,2.07233,0.67049,1.57979,0.68701,60.505,13.777,25.718
14169188,18/10/2025,Buxton,Chorley,2.85802,0.08971,3.42676,0.77717,93.525,1.248,5.227
14168628,25/10/2025,Buxton,Alfreton,2.71031,0.17999,2.30195,0.27674,86.687,2.343,10.97
14168654,04/11/2025,Buxton,Southport,2.07019,0.68158,1.61743,0.75178,60.732,14.445,24.823
14168662,08/11/2025,Buxton,Chester,1.23125,1.48856,1.43941,1.59067,31.702,40.279,28.019
14168700,29/11/2025,Buxton,Merthyr,1.2623,1.45031,1.13808,1.25181,32.497,38.764,28.739
14168724,20/12/2025,Buxton,Telford,1.38597,1.29858,1.08043,1.00239,35.684,32.771,31.545
14168751,30/12/2025,Buxton,Worksop,1.65235,1.10272,2.06124,1.70287,46.914,28.593,24.493
14168476,09/08/2025,Buxton,Radcliffe,0.84539,1.61636,0.17857,0.51267,10.238,35.937,53.825
14168492,19/08/2025,Buxton,Hereford,1.03856,1.64045,0.79916,1.11708,23.919,43.982,32.099
14168521,25/08/2025,Buxton,Curzon Ashton,2.1432,0.62961,1.80862,0.79471,63.867,13.414,22.719
14168557,06/09/2025,Buxton,Oxford,1.37123,1.31225,1.34658,1.32371,35.157,33.191,31.652
14168580,04/10/2025,Buxton,Darlington,2.07233,0.67049,1.57979,0.68701,60.505,13.777,25.718
14169188,18/10/2025,Buxton,Chorley,2.85802,0.08971,3.42676,0.77717,93.525,1.248,5.227
14168628,25/10/2025,Buxton,Alfreton,2.71031,0.17999,2.30195,0.27674,86.687,2.343,10.97
14168654,04/11/2025,Buxton,Southport,2.07019,0.68158,1.61743,0.75178,60.732,14.445,24.823
14168662,08/11/2025,Buxton,Chester,1.23125,1.48856,1.43941,1.59067,31.702,40.279,28.019
14168700,29/11/2025,Buxton,Merthyr,1.2623,1.45031,1.13808,1.25181,32.497,38.764,28.739
14168724,20/12/2025,Buxton,Telford,1.38597,1.29858,1.08043,1.00239,35.684,32.771,31.545
14168751,30/12/2025,Buxton,Worksop,1.65235,1.10272,2.06124,1.70287,46.914,28.593,24.493
14168757,03/01/2026,Buxton,South Shields,1.02452,1.64498,0.71868,1.07265,23.134,43.816,33.05
14168476,09/08/2025,Buxton,Radcliffe,0.84539,1.61636,0.17857,0.51267,10.238,35.937,53.825
14168492,19/08/2025,Buxton,Hereford,1.03856,1.64045,0.79916,1.11708,23.919,43.982,32.099
14168521,25/08/2025,Buxton,Curzon Ashton,2.1432,0.62961,1.80862,0.79471,63.867,13.414,22.719
14168557,06/09/2025,Buxton,Oxford,1.37123,1.31225,1.34658,1.32371,35.157,33.191,31.652
14168580,04/10/2025,Buxton,Darlington,2.07233,0.67049,1.57979,0.68701,60.505,13.777,25.718
14169188,18/10/2025,Buxton,Chorley,2.85802,0.08971,3.42676,0.77717,93.525,1.248,5.227
14168628,25/10/2025,Buxton,Alfreton,2.71031,0.17999,2.30195,0.27674,86.687,2.343,10.97
14168654,04/11/2025,Buxton,Southport,2.07019,0.68158,1.61743,0.75178,60.732,14.445,24.823
14168662,08/11/2025,Buxton,Chester,1.23125,1.48856,1.43941,1.59067,31.702,40.279,28.019
14168700,29/11/2025,Buxton,Merthyr,1.2623,1.45031,1.13808,1.25181,32.497,38.764,28.739
14168724,20/12/2025,Buxton,Telford,1.38597,1.29858,1.08043,1.00239,35.684,32.771,31.545
14168751,30/12/2025,Buxton,Worksop,1.65235,1.10272,2.06124,1.70287,46.914,28.593,24.493
14168757,03/01/2026,Buxton,South Shields,1.02452,1.64498,0.71868,1.07265,23.134,43.816,33.05
14168783,17/01/2026,Buxton,Marine,2.84512,0.08914,2.31825,0.20338,92.646,0.78,6.574
14168476,09/08/2025,Buxton,Radcliffe,0.84539,1.61636,0.17857,0.51267,10.238,35.937,53.825
14168492,19/08/2025,Buxton,Hereford,1.03856,1.64045,0.79916,1.11708,23.919,43.982,32.099
14168521,25/08/2025,Buxton,Curzon Ashton,2.1432,0.62961,1.80862,0.79471,63.867,13.414,22.719
14168557,06/09/2025,Buxton,Oxford,1.37123,1.31225,1.34658,1.32371,35.157,33.191,31.652
14168580,04/10/2025,Buxton,Darlington,2.07233,0.67049,1.57979,0.68701,60.505,13.777,25.718
14169188,18/10/2025,Buxton,Chorley,2.85802,0.08971,3.42676,0.77717,93.525,1.248,5.227
14168628,25/10/2025,Buxton,Alfreton,2.71031,0.17999,2.30195,0.27674,86.687,2.343,10.97
14168654,04/11/2025,Buxton,Southport,2.07019,0.68158,1.61743,0.75178,60.732,14.445,24.823
14168662,08/11/2025,Buxton,Chester,1.23125,1.48856,1.43941,1.59067,31.702,40.279,28.019
14168700,29/11/2025,Buxton,Merthyr,1.2623,1.45031,1.13808,1.25181,32.497,38.764,28.739
14168724,20/12/2025,Buxton,Telford,1.38597,1.29858,1.08043,1.00239,35.684,32.771,31.545
14168751,30/12/2025,Buxton,Worksop,1.65235,1.10272,2.06124,1.70287,46.914,28.593,24.493
14168757,03/01/2026,Buxton,South Shields,1.02452,1.64498,0.71868,1.07265,23.134,43.816,33.05
14168783,17/01/2026,Buxton,Marine,2.84512,0.08914,2.31825,0.20338,92.646,0.78,6.574
14168820,31/10/2025,Buxton,Spennymoor,1.51853,1.26722,3.24995,3.00929,43.476,35.099,21.425
14168476,09/08/2025,Buxton,Radcliffe,0.84539,1.61636,0.17857,0.51267,10.238,35.937,53.825
14168492,19/08/2025,Buxton,Hereford,1.03856,1.64045,0.79916,1.11708,23.919,43.982,32.099
14168521,25/08/2025,Buxton,Curzon Ashton,2.1432,0.62961,1.80862,0.79471,63.867,13.414,22.719
14168557,06/09/2025,Buxton,Oxford,1.37123,1.31225,1.34658,1.32371,35.157,33.191,31.652
14168580,04/10/2025,Buxton,Darlington,2.07233,0.67049,1.57979,0.68701,60.505,13.777,25.718
14169188,18/10/2025,Buxton,Chorley,2.85802,0.08971,3.42676,0.77717,93.525,1.248,5.227
14168628,25/10/2025,Buxton,Alfreton,2.71031,0.17999,2.30195,0.27674,86.687,2.343,10.97
14168654,04/11/2025,Buxton,Southport,2.07019,0.68158,1.61743,0.75178,60.732,14.445,24.823
14168662,08/11/2025,Buxton,Chester,1.23125,1.48856,1.43941,1.59067,31.702,40.279,28.019
14168700,29/11/2025,Buxton,Merthyr,1.2623,1.45031,1.13808,1.25181,32.497,38.764,28.739
14168724,20/12/2025,Buxton,Telford,1.38597,1.29858,1.08043,1.00239,35.684,32.771,31.545
14168751,30/12/2025,Buxton,Worksop,1.65235,1.10272,2.06124,1.70287,46.914,28.593,24.493
14168757,03/01/2026,Buxton,South Shields,1.02452,1.64498,0.71868,1.07265,23.134,43.816,33.05
14168783,17/01/2026,Buxton,Marine,2.84512,0.08914,2.31825,0.20338,92.646,0.78,6.574
14168820,31/10/2025,Buxton,Spennymoor,1.51853,1.26722,3.24995,3.00929,43.476,35.099,21.425
14168845,10/02/2026,Buxton,Peterborough,2.22079,0.51712,1.36983,0.3739,65.29,8.501,26.209
14168476,09/08/2025,Buxton,Radcliffe,0.84539,1.61636,0.17857,0.51267,10.238,35.937,53.825
14168492,19/08/2025,Buxton,Hereford,1.03856,1.64045,0.79916,1.11708,23.919,43.982,32.099
14168521,25/08/2025,Buxton,Curzon Ashton,2.1432,0.62961,1.80862,0.79471,63.867,13.414,22.719
14168557,06/09/2025,Buxton,Oxford,1.37123,1.31225,1.34658,1.32371,35.157,33.191,31.652
14168580,04/10/2025,Buxton,Darlington,2.07233,0.67049,1.57979,0.68701,60.505,13.777,25.718
14169188,18/10/2025,Buxton,Chorley,2.85802,0.08971,3.42676,0.77717,93.525,1.248,5.227
14168628,25/10/2025,Buxton,Alfreton,2.71031,0.17999,2.30195,0.27674,86.687,2.343,10.97
14168654,04/11/2025,Buxton,Southport,2.07019,0.68158,1.61743,0.75178,60.732,14.445,24.823
14168662,08/11/2025,Buxton,Chester,1.23125,1.48856,1.43941,1.59067,31.702,40.279,28.019
14168700,29/11/2025,Buxton,Merthyr,1.2623,1.45031,1.13808,1.25181,32.497,38.764,28.739
14168724,20/12/2025,Buxton,Telford,1.38597,1.29858,1.08043,1.00239,35.684,32.771,31.545
14168751,30/12/2025,Buxton,Worksop,1.65235,1.10272,2.06124,1.70287,46.914,28.593,24.493
14168757,03/01/2026,Buxton,South Shields,1.02452,1.64498,0.71868,1.07265,23.134,43.816,33.05
14168783,17/01/2026,Buxton,Marine,2.84512,0.08914,2.31825,0.20338,92.646,0.78,6.574
14168820,31/10/2025,Buxton,Spennymoor,1.51853,1.26722,3.24995,3.00929,43.476,35.099,21.425
14168845,10/02/2026,Buxton,Peterborough,2.22079,0.51712,1.36983,0.3739,65.29,8.501,26.209
14168868,21/02/2026,Buxton,Fylde,1.27128,1.33137,0.63961,0.67993,29.131,31.134,39.735
14168476,09/08/2025,Buxton,Radcliffe,0.84539,1.61636,0.17857,0.51267,10.238,35.937,53.825
14168492,19/08/2025,Buxton,Hereford,1.03856,1.64045,0.79916,1.11708,23.919,43.982,32.099
14168521,25/08/2025,Buxton,Curzon Ashton,2.1432,0.62961,1.80862,0.79471,63.867,13.414,22.719
14168557,06/09/2025,Buxton,Oxford,1.37123,1.31225,1.34658,1.32371,35.157,33.191,31.652
14168580,04/10/2025,Buxton,Darlington,2.07233,0.67049,1.57979,0.68701,60.505,13.777,25.718
14169188,18/10/2025,Buxton,Chorley,2.85802,0.08971,3.42676,0.77717,93.525,1.248,5.227
14168628,25/10/2025,Buxton,Alfreton,2.71031,0.17999,2.30195,0.27674,86.687,2.343,10.97
14168654,04/11/2025,Buxton,Southport,2.07019,0.68158,1.61743,0.75178,60.732,14.445,24.823
14168662,08/11/2025,Buxton,Chester,1.23125,1.48856,1.43941,1.59067,31.702,40.279,28.019
14168700,29/11/2025,Buxton,Merthyr,1.2623,1.45031,1.13808,1.25181,32.497,38.764,28.739
14168724,20/12/2025,Buxton,Telford,1.38597,1.29858,1.08043,1.00239,35.684,32.771,31.545
14168751,30/12/2025,Buxton,Worksop,1.65235,1.10272,2.06124,1.70287,46.914,28.593,24.493
14168757,03/01/2026,Buxton,South Shields,1.02452,1.64498,0.71868,1.07265,23.134,43.816,33.05
14168783,17/01/2026,Buxton,Marine,2.84512,0.08914,2.31825,0.20338,92.646,0.78,6.574
14168820,31/10/2025,Buxton,Spennymoor,1.51853,1.26722,3.24995,3.00929,43.476,35.099,21.425
14168845,10/02/2026,Buxton,Peterborough,2.22079,0.51712,1.36983,0.3739,65.29,8.501,26.209
14168868,21/02/2026,Buxton,Fylde,1.27128,1.33137,0.63961,0.67993,29.131,31.134,39.735
14168878,24/02/2026,Buxton,King's Lynn,0.69088,2.05612,0.90952,1.7074,14.596,60.104,25.3
14168476,09/08/2025,Buxton,Radcliffe,0.84539,1.61636,0.17857,0.51267,10.238,35.937,53.825
14168492,19/08/2025,Buxton,Hereford,1.03856,1.64045,0.79916,1.11708,23.919,43.982,32.099
14168521,25/08/2025,Buxton,Curzon Ashton,2.1432,0.62961,1.80862,0.79471,63.867,13.414,22.719
14168557,06/09/2025,Buxton,Oxford,1.37123,1.31225,1.34658,1.32371,35.157,33.191,31.652
14168580,04/10/2025,Buxton,Darlington,2.07233,0.67049,1.57979,0.68701,60.505,13.777,25.718
14169188,18/10/2025,Buxton,Chorley,2.85802,0.08971,3.42676,0.77717,93.525,1.248,5.227
14168628,25/10/2025,Buxton,Alfreton,2.71031,0.17999,2.30195,0.27674,86.687,2.343,10.97
14168654,04/11/2025,Buxton,Southport,2.07019,0.68158,1.61743,0.75178,60.732,14.445,24.823
14168662,08/11/2025,Buxton,Chester,1.23125,1.48856,1.43941,1.59067,31.702,40.279,28.019
14168700,29/11/2025,Buxton,Merthyr,1.2623,1.45031,1.13808,1.25181,32.497,38.764,28.739
14168724,20/12/2025,Buxton,Telford,1.38597,1.29858,1.08043,1.00239,35.684,32.771,31.545
14168751,30/12/2025,Buxton,Worksop,1.65235,1.10272,2.06124,1.70287,46.914,28.593,24.493
14168757,03/01/2026,Buxton,South Shields,1.02452,1.64498,0.71868,1.07265,23.134,43.816,33.05
14168783,17/01/2026,Buxton,Marine,2.84512,0.08914,2.31825,0.20338,92.646,0.78,6.574
14168820,31/10/2025,Buxton,Spennymoor,1.51853,1.26722,3.24995,3.00929,43.476,35.099,21.425
14168845,10/02/2026,Buxton,Peterborough,2.22079,0.51712,1.36983,0.3739,65.29,8.501,26.209
14168868,21/02/2026,Buxton,Fylde,1.27128,1.33137,0.63961,0.67993,29.131,31.134,39.735
14168878,24/02/2026,Buxton,King's Lynn,0.69088,2.05612,0.90952,1.7074,14.596,60.104,25.3
14168939,21/03/2026,Buxton,Bedford,2.19734,0.51749,1.21166,0.29589,63.739,7.744,28.517
14168485,09/08/2025,Chester,Peterborough,1.96115,0.76523,1.44372,0.73288,56.251,16.387,27.362
14168485,09/08/2025,Chester,Peterborough,1.96115,0.76523,1.44372,0.73288,56.251,16.387,27.362
14168484,19/08/2025,Chester,Curzon Ashton,2.21969,0.53015,1.56052,0.60299,65.651,9.333,25.016
14168485,09/08/2025,Chester,Peterborough,1.96115,0.76523,1.44372,0.73288,56.251,16.387,27.362
14168484,19/08/2025,Chester,Curzon Ashton,2.21969,0.53015,1.56052,0.60299,65.651,9.333,25.016
14168519,25/08/2025,Chester,Oxford,2.52548,0.30671,1.93568,0.38821,78.589,4.63,16.781
14168485,09/08/2025,Chester,Peterborough,1.96115,0.76523,1.44372,0.73288,56.251,16.387,27.362
14168484,19/08/2025,Chester,Curzon Ashton,2.21969,0.53015,1.56052,0.60299,65.651,9.333,25.016
14168519,25/08/2025,Chester,Oxford,2.52548,0.30671,1.93568,0.38821,78.589,4.63,16.781
14168556,06/09/2025,Chester,Scarborough,1.85127,0.87504,1.5987,0.94421,52.586,20.045,27.369
14168485,09/08/2025,Chester,Peterborough,1.96115,0.76523,1.44372,0.73288,56.251,16.387,27.362
14168484,19/08/2025,Chester,Curzon Ashton,2.21969,0.53015,1.56052,0.60299,65.651,9.333,25.016
14168519,25/08/2025,Chester,Oxford,2.52548,0.30671,1.93568,0.38821,78.589,4.63,16.781
14168556,06/09/2025,Chester,Scarborough,1.85127,0.87504,1.5987,0.94421,52.586,20.045,27.369
14168578,04/10/2025,Chester,Merthyr,2.37128,0.45698,2.41916,1.00079,73.318,9.508,17.174
14168485,09/08/2025,Chester,Peterborough,1.96115,0.76523,1.44372,0.73288,56.251,16.387,27.362
14168484,19/08/2025,Chester,Curzon Ashton,2.21969,0.53015,1.56052,0.60299,65.651,9.333,25.016
14168519,25/08/2025,Chester,Oxford,2.52548,0.30671,1.93568,0.38821,78.589,4.63,16.781
14168556,06/09/2025,Chester,Scarborough,1.85127,0.87504,1.5987,0.94421,52.586,20.045,27.369
14168578,04/10/2025,Chester,Merthyr,2.37128,0.45698,2.41916,1.00079,73.318,9.508,17.174
14168603,18/10/2025,Chester,Kidderminster,1.3673,1.31303,1.03544,1.03506,34.921,33.112,31.967
14168485,09/08/2025,Chester,Peterborough,1.96115,0.76523,1.44372,0.73288,56.251,16.387,27.362
14168484,19/08/2025,Chester,Curzon Ashton,2.21969,0.53015,1.56052,0.60299,65.651,9.333,25.016
14168519,25/08/2025,Chester,Oxford,2.52548,0.30671,1.93568,0.38821,78.589,4.63,16.781
14168556,06/09/2025,Chester,Scarborough,1.85127,0.87504,1.5987,0.94421,52.586,20.045,27.369
14168578,04/10/2025,Chester,Merthyr,2.37128,0.45698,2.41916,1.00079,73.318,9.508,17.174
14168603,18/10/2025,Chester,Kidderminster,1.3673,1.31303,1.03544,1.03506,34.921,33.112,31.967
14168626,25/10/2025,Chester,Bedford,2.66391,0.21519,2.25855,0.4141,84.767,3.143,12.09
14168485,09/08/2025,Chester,Peterborough,1.96115,0.76523,1.44372,0.73288,56.251,16.387,27.362
14168484,19/08/2025,Chester,Curzon Ashton,2.21969,0.53015,1.56052,0.60299,65.651,9.333,25.016
14168519,25/08/2025,Chester,Oxford,2.52548,0.30671,1.93568,0.38821,78.589,4.63,16.781
14168556,06/09/2025,Chester,Scarborough,1.85127,0.87504,1.5987,0.94421,52.586,20.045,27.369
14168578,04/10/2025,Chester,Merthyr,2.37128,0.45698,2.41916,1.00079,73.318,9.508,17.174
14168603,18/10/2025,Chester,Kidderminster,1.3673,1.31303,1.03544,1.03506,34.921,33.112,31.967
14168626,25/10/2025,Chester,Bedford,2.66391,0.21519,2.25855,0.4141,84.767,3.143,12.09
14168652,04/11/2025,Chester,Marine,1.72653,0.8955,0.88297,0.44821,44.952,17.251,37.797
14168485,09/08/2025,Chester,Peterborough,1.96115,0.76523,1.44372,0.73288,56.251,16.387,27.362
14168484,19/08/2025,Chester,Curzon Ashton,2.21969,0.53015,1.56052,0.60299,65.651,9.333,25.016
14168519,25/08/2025,Chester,Oxford,2.52548,0.30671,1.93568,0.38821,78.589,4.63,16.781
14168556,06/09/2025,Chester,Scarborough,1.85127,0.87504,1.5987,0.94421,52.586,20.045,27.369
14168578,04/10/2025,Chester,Merthyr,2.37128,0.45698,2.41916,1.00079,73.318,9.508,17.174
14168603,18/10/2025,Chester,Kidderminster,1.3673,1.31303,1.03544,1.03506,34.921,33.112,31.967
14168626,25/10/2025,Chester,Bedford,2.66391,0.21519,2.25855,0.4141,84.767,3.143,12.09
14168652,04/11/2025,Chester,Marine,1.72653,0.8955,0.88297,0.44821,44.952,17.251,37.797
14168677,22/11/2025,Chester,Leamington,2.16708,0.58788,1.53483,0.52807,64.068,11.428,24.504
14168485,09/08/2025,Chester,Peterborough,1.96115,0.76523,1.44372,0.73288,56.251,16.387,27.362
14168484,19/08/2025,Chester,Curzon Ashton,2.21969,0.53015,1.56052,0.60299,65.651,9.333,25.016
14168519,25/08/2025,Chester,Oxford,2.52548,0.30671,1.93568,0.38821,78.589,4.63,16.781
14168556,06/09/2025,Chester,Scarborough,1.85127,0.87504,1.5987,0.94421,52.586,20.045,27.369
14168578,04/10/2025,Chester,Merthyr,2.37128,0.45698,2.41916,1.00079,73.318,9.508,17.174
14168603,18/10/2025,Chester,Kidderminster,1.3673,1.31303,1.03544,1.03506,34.921,33.112,31.967
14168626,25/10/2025,Chester,Bedford,2.66391,0.21519,2.25855,0.4141,84.767,3.143,12.09
14168652,04/11/2025,Chester,Marine,1.72653,0.8955,0.88297,0.44821,44.952,17.251,37.797
14168677,22/11/2025,Chester,Leamington,2.16708,0.58788,1.53483,0.52807,64.068,11.428,24.504
14168687,25/11/2025,Chester,Hereford,1.36446,1.40637,2.1058,2.13183,37.843,39.24,22.917
14168485,09/08/2025,Chester,Peterborough,1.96115,0.76523,1.44372,0.73288,56.251,16.387,27.362
14168484,19/08/2025,Chester,Curzon Ashton,2.21969,0.53015,1.56052,0.60299,65.651,9.333,25.016
14168519,25/08/2025,Chester,Oxford,2.52548,0.30671,1.93568,0.38821,78.589,4.63,16.781
14168556,06/09/2025,Chester,Scarborough,1.85127,0.87504,1.5987,0.94421,52.586,20.045,27.369
14168578,04/10/2025,Chester,Merthyr,2.37128,0.45698,2.41916,1.00079,73.318,9.508,17.174
14168603,18/10/2025,Chester,Kidderminster,1.3673,1.31303,1.03544,1.03506,34.921,33.112,31.967
14168626,25/10/2025,Chester,Bedford,2.66391,0.21519,2.25855,0.4141,84.767,3.143,12.09
14168652,04/11/2025,Chester,Marine,1.72653,0.8955,0.88297,0.44821,44.952,17.251,37.797
14168677,22/11/2025,Chester,Leamington,2.16708,0.58788,1.53483,0.52807,64.068,11.428,24.504
14168687,25/11/2025,Chester,Hereford,1.36446,1.40637,2.1058,2.13183,37.843,39.24,22.917
14168726,20/12/2025,Chester,South Shields,2.34594,0.49671,2.94549,1.41541,72.953,11.312,15.735
14168485,09/08/2025,Chester,Peterborough,1.96115,0.76523,1.44372,0.73288,56.251,16.387,27.362
14168484,19/08/2025,Chester,Curzon Ashton,2.21969,0.53015,1.56052,0.60299,65.651,9.333,25.016
14168519,25/08/2025,Chester,Oxford,2.52548,0.30671,1.93568,0.38821,78.589,4.63,16.781
14168556,06/09/2025,Chester,Scarborough,1.85127,0.87504,1.5987,0.94421,52.586,20.045,27.369
14168578,04/10/2025,Chester,Merthyr,2.37128,0.45698,2.41916,1.00079,73.318,9.508,17.174
14168603,18/10/2025,Chester,Kidderminster,1.3673,1.31303,1.03544,1.03506,34.921,33.112,31.967
14168626,25/10/2025,Chester,Bedford,2.66391,0.21519,2.25855,0.4141,84.767,3.143,12.09
14168652,04/11/2025,Chester,Marine,1.72653,0.8955,0.88297,0.44821,44.952,17.251,37.797
14168677,22/11/2025,Chester,Leamington,2.16708,0.58788,1.53483,0.52807,64.068,11.428,24.504
14168687,25/11/2025,Chester,Hereford,1.36446,1.40637,2.1058,2.13183,37.843,39.24,22.917
14168726,20/12/2025,Chester,South Shields,2.34594,0.49671,2.94549,1.41541,72.953,11.312,15.735
14168747,30/12/2025,Chester,Macclesfield,1.7946,0.91323,1.39304,0.91808,50.081,20.702,29.217
14168485,09/08/2025,Chester,Peterborough,1.96115,0.76523,1.44372,0.73288,56.251,16.387,27.362
14168484,19/08/2025,Chester,Curzon Ashton,2.21969,0.53015,1.56052,0.60299,65.651,9.333,25.016
14168519,25/08/2025,Chester,Oxford,2.52548,0.30671,1.93568,0.38821,78.589,4.63,16.781
14168556,06/09/2025,Chester,Scarborough,1.85127,0.87504,1.5987,0.94421,52.586,20.045,27.369
14168578,04/10/2025,Chester,Merthyr,2.37128,0.45698,2.41916,1.00079,73.318,9.508,17.174
14168603,18/10/2025,Chester,Kidderminster,1.3673,1.31303,1.03544,1.03506,34.921,33.112,31.967
14168626,25/10/2025,Chester,Bedford,2.66391,0.21519,2.25855,0.4141,84.767,3.143,12.09
14168652,04/11/2025,Chester,Marine,1.72653,0.8955,0.88297,0.44821,44.952,17.251,37.797
14168677,22/11/2025,Chester,Leamington,2.16708,0.58788,1.53483,0.52807,64.068,11.428,24.504
14168687,25/11/2025,Chester,Hereford,1.36446,1.40637,2.1058,2.13183,37.843,39.24,22.917
14168726,20/12/2025,Chester,South Shields,2.34594,0.49671,2.94549,1.41541,72.953,11.312,15.735
14168747,30/12/2025,Chester,Macclesfield,1.7946,0.91323,1.39304,0.91808,50.081,20.702,29.217
14168759,03/01/2026,Chester,Worksop,2.53865,0.34766,3.81047,1.67979,80.832,7.799,11.369
14168485,09/08/2025,Chester,Peterborough,1.96115,0.76523,1.44372,0.73288,56.251,16.387,27.362
14168484,19/08/2025,Chester,Curzon Ashton,2.21969,0.53015,1.56052,0.60299,65.651,9.333,25.016
14168519,25/08/2025,Chester,Oxford,2.52548,0.30671,1.93568,0.38821,78.589,4.63,16.781
14168556,06/09/2025,Chester,Scarborough,1.85127,0.87504,1.5987,0.94421,52.586,20.045,27.369
14168578,04/10/2025,Chester,Merthyr,2.37128,0.45698,2.41916,1.00079,73.318,9.508,17.174
14168603,18/10/2025,Chester,Kidderminster,1.3673,1.31303,1.03544,1.03506,34.921,33.112,31.967
14168626,25/10/2025,Chester,Bedford,2.66391,0.21519,2.25855,0.4141,84.767,3.143,12.09
14168652,04/11/2025,Chester,Marine,1.72653,0.8955,0.88297,0.44821,44.952,17.251,37.797
14168677,22/11/2025,Chester,Leamington,2.16708,0.58788,1.53483,0.52807,64.068,11.428,24.504
14168687,25/11/2025,Chester,Hereford,1.36446,1.40637,2.1058,2.13183,37.843,39.24,22.917
14168726,20/12/2025,Chester,South Shields,2.34594,0.49671,2.94549,1.41541,72.953,11.312,15.735
14168747,30/12/2025,Chester,Macclesfield,1.7946,0.91323,1.39304,0.91808,50.081,20.702,29.217
14168759,03/01/2026,Chester,Worksop,2.53865,0.34766,3.81047,1.67979,80.832,7.799,11.369
14168785,17/01/2026,Chester,Chorley,2.00076,0.74484,1.70263,0.89248,58.212,16.348,25.44
14168485,09/08/2025,Chester,Peterborough,1.96115,0.76523,1.44372,0.73288,56.251,16.387,27.362
14168484,19/08/2025,Chester,Curzon Ashton,2.21969,0.53015,1.56052,0.60299,65.651,9.333,25.016
14168519,25/08/2025,Chester,Oxford,2.52548,0.30671,1.93568,0.38821,78.589,4.63,16.781
14168556,06/09/2025,Chester,Scarborough,1.85127,0.87504,1.5987,0.94421,52.586,20.045,27.369
14168578,04/10/2025,Chester,Merthyr,2.37128,0.45698,2.41916,1.00079,73.318,9.508,17.174
14168603,18/10/2025,Chester,Kidderminster,1.3673,1.31303,1.03544,1.03506,34.921,33.112,31.967
14168626,25/10/2025,Chester,Bedford,2.66391,0.21519,2.25855,0.4141,84.767,3.143,12.09
14168652,04/11/2025,Chester,Marine,1.72653,0.8955,0.88297,0.44821,44.952,17.251,37.797
14168677,22/11/2025,Chester,Leamington,2.16708,0.58788,1.53483,0.52807,64.068,11.428,24.504
14168687,25/11/2025,Chester,Hereford,1.36446,1.40637,2.1058,2.13183,37.843,39.24,22.917
14168726,20/12/2025,Chester,South Shields,2.34594,0.49671,2.94549,1.41541,72.953,11.312,15.735
14168747,30/12/2025,Chester,Macclesfield,1.7946,0.91323,1.39304,0.91808,50.081,20.702,29.217
14168759,03/01/2026,Chester,Worksop,2.53865,0.34766,3.81047,1.67979,80.832,7.799,11.369
14168785,17/01/2026,Chester,Chorley,2.00076,0.74484,1.70263,0.89248,58.212,16.348,25.44
14168822,31/01/2026,Chester,Radcliffe,2.20902,0.57714,2.3331,1.1575,66.506,12.11,21.384
14168485,09/08/2025,Chester,Peterborough,1.96115,0.76523,1.44372,0.73288,56.251,16.387,27.362
14168484,19/08/2025,Chester,Curzon Ashton,2.21969,0.53015,1.56052,0.60299,65.651,9.333,25.016
14168519,25/08/2025,Chester,Oxford,2.52548,0.30671,1.93568,0.38821,78.589,4.63,16.781
14168556,06/09/2025,Chester,Scarborough,1.85127,0.87504,1.5987,0.94421,52.586,20.045,27.369
14168578,04/10/2025,Chester,Merthyr,2.37128,0.45698,2.41916,1.00079,73.318,9.508,17.174
14168603,18/10/2025,Chester,Kidderminster,1.3673,1.31303,1.03544,1.03506,34.921,33.112,31.967
14168626,25/10/2025,Chester,Bedford,2.66391,0.21519,2.25855,0.4141,84.767,3.143,12.09
14168652,04/11/2025,Chester,Marine,1.72653,0.8955,0.88297,0.44821,44.952,17.251,37.797
14168677,22/11/2025,Chester,Leamington,2.16708,0.58788,1.53483,0.52807,64.068,11.428,24.504
14168687,25/11/2025,Chester,Hereford,1.36446,1.40637,2.1058,2.13183,37.843,39.24,22.917
14168726,20/12/2025,Chester,South Shields,2.34594,0.49671,2.94549,1.41541,72.953,11.312,15.735
14168747,30/12/2025,Chester,Macclesfield,1.7946,0.91323,1.39304,0.91808,50.081,20.702,29.217
14168759,03/01/2026,Chester,Worksop,2.53865,0.34766,3.81047,1.67979,80.832,7.799,11.369
14168785,17/01/2026,Chester,Chorley,2.00076,0.74484,1.70263,0.89248,58.212,16.348,25.44
14168822,31/01/2026,Chester,Radcliffe,2.20902,0.57714,2.3331,1.1575,66.506,12.11,21.384
14168844,10/02/2026,Chester,Alfreton,1.40905,1.30585,1.70516,1.62857,37.465,34.025,28.51
14168485,09/08/2025,Chester,Peterborough,1.96115,0.76523,1.44372,0.73288,56.251,16.387,27.362
14168484,19/08/2025,Chester,Curzon Ashton,2.21969,0.53015,1.56052,0.60299,65.651,9.333,25.016
14168519,25/08/2025,Chester,Oxford,2.52548,0.30671,1.93568,0.38821,78.589,4.63,16.781
14168556,06/09/2025,Chester,Scarborough,1.85127,0.87504,1.5987,0.94421,52.586,20.045,27.369
14168578,04/10/2025,Chester,Merthyr,2.37128,0.45698,2.41916,1.00079,73.318,9.508,17.174
14168603,18/10/2025,Chester,Kidderminster,1.3673,1.31303,1.03544,1.03506,34.921,33.112,31.967
14168626,25/10/2025,Chester,Bedford,2.66391,0.21519,2.25855,0.4141,84.767,3.143,12.09
14168652,04/11/2025,Chester,Marine,1.72653,0.8955,0.88297,0.44821,44.952,17.251,37.797
14168677,22/11/2025,Chester,Leamington,2.16708,0.58788,1.53483,0.52807,64.068,11.428,24.504
14168687,25/11/2025,Chester,Hereford,1.36446,1.40637,2.1058,2.13183,37.843,39.24,22.917
14168726,20/12/2025,Chester,South Shields,2.34594,0.49671,2.94549,1.41541,72.953,11.312,15.735
14168747,30/12/2025,Chester,Macclesfield,1.7946,0.91323,1.39304,0.91808,50.081,20.702,29.217
14168759,03/01/2026,Chester,Worksop,2.53865,0.34766,3.81047,1.67979,80.832,7.799,11.369
14168785,17/01/2026,Chester,Chorley,2.00076,0.74484,1.70263,0.89248,58.212,16.348,25.44
14168822,31/01/2026,Chester,Radcliffe,2.20902,0.57714,2.3331,1.1575,66.506,12.11,21.384
14168844,10/02/2026,Chester,Alfreton,1.40905,1.30585,1.70516,1.62857,37.465,34.025,28.51
14168856,14/02/2026,Chester,Buxton,2.12623,0.57727,1.30756,0.42124,60.991,9.359,29.65
14168485,09/08/2025,Chester,Peterborough,1.96115,0.76523,1.44372,0.73288,56.251,16.387,27.362
14168484,19/08/2025,Chester,Curzon Ashton,2.21969,0.53015,1.56052,0.60299,65.651,9.333,25.016
14168519,25/08/2025,Chester,Oxford,2.52548,0.30671,1.93568,0.38821,78.589,4.63,16.781
14168556,06/09/2025,Chester,Scarborough,1.85127,0.87504,1.5987,0.94421,52.586,20.045,27.369
14168578,04/10/2025,Chester,Merthyr,2.37128,0.45698,2.41916,1.00079,73.318,9.508,17.174
14168603,18/10/2025,Chester,Kidderminster,1.3673,1.31303,1.03544,1.03506,34.921,33.112,31.967
14168626,25/10/2025,Chester,Bedford,2.66391,0.21519,2.25855,0.4141,84.767,3.143,12.09
14168652,04/11/2025,Chester,Marine,1.72653,0.8955,0.88297,0.44821,44.952,17.251,37.797
14168677,22/11/2025,Chester,Leamington,2.16708,0.58788,1.53483,0.52807,64.068,11.428,24.504
14168687,25/11/2025,Chester,Hereford,1.36446,1.40637,2.1058,2.13183,37.843,39.24,22.917
14168726,20/12/2025,Chester,South Shields,2.34594,0.49671,2.94549,1.41541,72.953,11.312,15.735
14168747,30/12/2025,Chester,Macclesfield,1.7946,0.91323,1.39304,0.91808,50.081,20.702,29.217
14168759,03/01/2026,Chester,Worksop,2.53865,0.34766,3.81047,1.67979,80.832,7.799,11.369
14168785,17/01/2026,Chester,Chorley,2.00076,0.74484,1.70263,0.89248,58.212,16.348,25.44
14168822,31/01/2026,Chester,Radcliffe,2.20902,0.57714,2.3331,1.1575,66.506,12.11,21.384
14168844,10/02/2026,Chester,Alfreton,1.40905,1.30585,1.70516,1.62857,37.465,34.025,28.51
14168856,14/02/2026,Chester,Buxton,2.12623,0.57727,1.30756,0.42124,60.991,9.359,29.65
14168893,28/02/2026,Chester,Spennymoor,1.63597,1.09291,1.83773,1.46148,45.495,27.393,27.112
14168485,09/08/2025,Chester,Peterborough,1.96115,0.76523,1.44372,0.73288,56.251,16.387,27.362
14168484,19/08/2025,Chester,Curzon Ashton,2.21969,0.53015,1.56052,0.60299,65.651,9.333,25.016
14168519,25/08/2025,Chester,Oxford,2.52548,0.30671,1.93568,0.38821,78.589,4.63,16.781
14168556,06/09/2025,Chester,Scarborough,1.85127,0.87504,1.5987,0.94421,52.586,20.045,27.369
14168578,04/10/2025,Chester,Merthyr,2.37128,0.45698,2.41916,1.00079,73.318,9.508,17.174
14168603,18/10/2025,Chester,Kidderminster,1.3673,1.31303,1.03544,1.03506,34.921,33.112,31.967
14168626,25/10/2025,Chester,Bedford,2.66391,0.21519,2.25855,0.4141,84.767,3.143,12.09
14168652,04/11/2025,Chester,Marine,1.72653,0.8955,0.88297,0.44821,44.952,17.251,37.797
14168677,22/11/2025,Chester,Leamington,2.16708,0.58788,1.53483,0.52807,64.068,11.428,24.504
14168687,25/11/2025,Chester,Hereford,1.36446,1.40637,2.1058,2.13183,37.843,39.24,22.917
14168726,20/12/2025,Chester,South Shields,2.34594,0.49671,2.94549,1.41541,72.953,11.312,15.735
14168747,30/12/2025,Chester,Macclesfield,1.7946,0.91323,1.39304,0.91808,50.081,20.702,29.217
14168759,03/01/2026,Chester,Worksop,2.53865,0.34766,3.81047,1.67979,80.832,7.799,11.369
14168785,17/01/2026,Chester,Chorley,2.00076,0.74484,1.70263,0.89248,58.212,16.348,25.44
14168822,31/01/2026,Chester,Radcliffe,2.20902,0.57714,2.3331,1.1575,66.506,12.11,21.384
14168844,10/02/2026,Chester,Alfreton,1.40905,1.30585,1.70516,1.62857,37.465,34.025,28.51
14168856,14/02/2026,Chester,Buxton,2.12623,0.57727,1.30756,0.42124,60.991,9.359,29.65
14168893,28/02/2026,Chester,Spennymoor,1.63597,1.09291,1.83773,1.46148,45.495,27.393,27.112
14168903,07/03/2026,Chester,Darlington,2.75162,0.1736,3.58577,1.04967,89.228,3.294,7.478
14168485,09/08/2025,Chester,Peterborough,1.96115,0.76523,1.44372,0.73288,56.251,16.387,27.362
14168484,19/08/2025,Chester,Curzon Ashton,2.21969,0.53015,1.56052,0.60299,65.651,9.333,25.016
14168519,25/08/2025,Chester,Oxford,2.52548,0.30671,1.93568,0.38821,78.589,4.63,16.781
14168556,06/09/2025,Chester,Scarborough,1.85127,0.87504,1.5987,0.94421,52.586,20.045,27.369
14168578,04/10/2025,Chester,Merthyr,2.37128,0.45698,2.41916,1.00079,73.318,9.508,17.174
14168603,18/10/2025,Chester,Kidderminster,1.3673,1.31303,1.03544,1.03506,34.921,33.112,31.967
14168626,25/10/2025,Chester,Bedford,2.66391,0.21519,2.25855,0.4141,84.767,3.143,12.09
14168652,04/11/2025,Chester,Marine,1.72653,0.8955,0.88297,0.44821,44.952,17.251,37.797
14168677,22/11/2025,Chester,Leamington,2.16708,0.58788,1.53483,0.52807,64.068,11.428,24.504
14168687,25/11/2025,Chester,Hereford,1.36446,1.40637,2.1058,2.13183,37.843,39.24,22.917
14168726,20/12/2025,Chester,South Shields,2.34594,0.49671,2.94549,1.41541,72.953,11.312,15.735
14168747,30/12/2025,Chester,Macclesfield,1.7946,0.91323,1.39304,0.91808,50.081,20.702,29.217
14168759,03/01/2026,Chester,Worksop,2.53865,0.34766,3.81047,1.67979,80.832,7.799,11.369
14168785,17/01/2026,Chester,Chorley,2.00076,0.74484,1.70263,0.89248,58.212,16.348,25.44
14168822,31/01/2026,Chester,Radcliffe,2.20902,0.57714,2.3331,1.1575,66.506,12.11,21.384
14168844,10/02/2026,Chester,Alfreton,1.40905,1.30585,1.70516,1.62857,37.465,34.025,28.51
14168856,14/02/2026,Chester,Buxton,2.12623,0.57727,1.30756,0.42124,60.991,9.359,29.65
14168893,28/02/2026,Chester,Spennymoor,1.63597,1.09291,1.83773,1.46148,45.495,27.393,27.112
14168903,07/03/2026,Chester,Darlington,2.75162,0.1736,3.58577,1.04967,89.228,3.294,7.478
14168940,21/03/2026,Chester,Southport,0.79967,1.95854,1.0692,1.80378,18.596,57.225,24.179
14168493,16/08/2025,Chorley,Chester,2.77348,0.12268,2.08844,0.0651,88.988,0.628,10.384
14168493,16/08/2025,Chorley,Chester,2.77348,0.12268,2.08844,0.0651,88.988,0.628,10.384
14168498,19/08/2025,Chorley,Scarborough,0.75583,2.05996,2.39089,3.43911,19.054,62.525,18.421
14168493,16/08/2025,Chorley,Chester,2.77348,0.12268,2.08844,0.0651,88.988,0.628,10.384
14168498,19/08/2025,Chorley,Scarborough,0.75583,2.05996,2.39089,3.43911,19.054,62.525,18.421
14168522,25/08/2025,Chorley,King's Lynn,2.75696,0.13382,2.00241,0.08442,88.258,0.82,10.922
14168493,16/08/2025,Chorley,Chester,2.77348,0.12268,2.08844,0.0651,88.988,0.628,10.384
14168498,19/08/2025,Chorley,Scarborough,0.75583,2.05996,2.39089,3.43911,19.054,62.525,18.421
14168522,25/08/2025,Chorley,King's Lynn,2.75696,0.13382,2.00241,0.08442,88.258,0.82,10.922
14168558,06/09/2025,Chorley,Telford,0.30359,2.58884,1.5992,3.78265,6.534,82.709,10.757
14168493,16/08/2025,Chorley,Chester,2.77348,0.12268,2.08844,0.0651,88.988,0.628,10.384
14168498,19/08/2025,Chorley,Scarborough,0.75583,2.05996,2.39089,3.43911,19.054,62.525,18.421
14168522,25/08/2025,Chorley,King's Lynn,2.75696,0.13382,2.00241,0.08442,88.258,0.82,10.922
14168558,06/09/2025,Chorley,Telford,0.30359,2.58884,1.5992,3.78265,6.534,82.709,10.757
14168570,20/09/2025,Chorley,Macclesfield,2.0322,0.73293,2.29475,1.47614,59.911,16.602,23.487
14168493,16/08/2025,Chorley,Chester,2.77348,0.12268,2.08844,0.0651,88.988,0.628,10.384
14168498,19/08/2025,Chorley,Scarborough,0.75583,2.05996,2.39089,3.43911,19.054,62.525,18.421
14168522,25/08/2025,Chorley,King's Lynn,2.75696,0.13382,2.00241,0.08442,88.258,0.82,10.922
14168558,06/09/2025,Chorley,Telford,0.30359,2.58884,1.5992,3.78265,6.534,82.709,10.757
14168570,20/09/2025,Chorley,Macclesfield,2.0322,0.73293,2.29475,1.47614,59.911,16.602,23.487
14168591,11/10/2025,Chorley,Oxford,2.261,0.53831,2.12836,0.9703,68.677,11.254,20.069
14168493,16/08/2025,Chorley,Chester,2.77348,0.12268,2.08844,0.0651,88.988,0.628,10.384
14168498,19/08/2025,Chorley,Scarborough,0.75583,2.05996,2.39089,3.43911,19.054,62.525,18.421
14168522,25/08/2025,Chorley,King's Lynn,2.75696,0.13382,2.00241,0.08442,88.258,0.82,10.922
14168558,06/09/2025,Chorley,Telford,0.30359,2.58884,1.5992,3.78265,6.534,82.709,10.757
14168570,20/09/2025,Chorley,Macclesfield,2.0322,0.73293,2.29475,1.47614,59.911,16.602,23.487
14168591,11/10/2025,Chorley,Oxford,2.261,0.53831,2.12836,0.9703,68.677,11.254,20.069
14168653,04/11/2025,Chorley,Alfreton,1.29434,1.21418,0.46597,0.42299,26.762,24.09,49.148
14168493,16/08/2025,Chorley,Chester,2.77348,0.12268,2.08844,0.0651,88.988,0.628,10.384
14168498,19/08/2025,Chorley,Scarborough,0.75583,2.05996,2.39089,3.43911,19.054,62.525,18.421
14168522,25/08/2025,Chorley,King's Lynn,2.75696,0.13382,2.00241,0.08442,88.258,0.82,10.922
14168558,06/09/2025,Chorley,Telford,0.30359,2.58884,1.5992,3.78265,6.534,82.709,10.757
14168570,20/09/2025,Chorley,Macclesfield,2.0322,0.73293,2.29475,1.47614,59.911,16.602,23.487
14168591,11/10/2025,Chorley,Oxford,2.261,0.53831,2.12836,0.9703,68.677,11.254,20.069
14168653,04/11/2025,Chorley,Alfreton,1.29434,1.21418,0.46597,0.42299,26.762,24.09,49.148
14168678,22/11/2025,Chorley,Bedford,1.05657,1.65459,1.33211,1.6725,25.591,45.525,28.884
14168493,16/08/2025,Chorley,Chester,2.77348,0.12268,2.08844,0.0651,88.988,0.628,10.384
14168498,19/08/2025,Chorley,Scarborough,0.75583,2.05996,2.39089,3.43911,19.054,62.525,18.421
14168522,25/08/2025,Chorley,King's Lynn,2.75696,0.13382,2.00241,0.08442,88.258,0.82,10.922
14168558,06/09/2025,Chorley,Telford,0.30359,2.58884,1.5992,3.78265,6.534,82.709,10.757
14168570,20/09/2025,Chorley,Macclesfield,2.0322,0.73293,2.29475,1.47614,59.911,16.602,23.487
14168591,11/10/2025,Chorley,Oxford,2.261,0.53831,2.12836,0.9703,68.677,11.254,20.069
14168653,04/11/2025,Chorley,Alfreton,1.29434,1.21418,0.46597,0.42299,26.762,24.09,49.148
14168678,22/11/2025,Chorley,Bedford,1.05657,1.65459,1.33211,1.6725,25.591,45.525,28.884
14168690,25/11/2025,Chorley,Spennymoor,0.90624,1.73634,0.50011,0.92299,18.294,45.964,35.742
14168493,16/08/2025,Chorley,Chester,2.77348,0.12268,2.08844,0.0651,88.988,0.628,10.384
14168498,19/08/2025,Chorley,Scarborough,0.75583,2.05996,2.39089,3.43911,19.054,62.525,18.421
14168522,25/08/2025,Chorley,King's Lynn,2.75696,0.13382,2.00241,0.08442,88.258,0.82,10.922
14168558,06/09/2025,Chorley,Telford,0.30359,2.58884,1.5992,3.78265,6.534,82.709,10.757
14168570,20/09/2025,Chorley,Macclesfield,2.0322,0.73293,2.29475,1.47614,59.911,16.602,23.487
14168591,11/10/2025,Chorley,Oxford,2.261,0.53831,2.12836,0.9703,68.677,11.254,20.069
14168653,04/11/2025,Chorley,Alfreton,1.29434,1.21418,0.46597,0.42299,26.762,24.09,49.148
14168678,22/11/2025,Chorley,Bedford,1.05657,1.65459,1.33211,1.6725,25.591,45.525,28.884
14168690,25/11/2025,Chorley,Spennymoor,0.90624,1.73634,0.50011,0.92299,18.294,45.964,35.742
14168722,20/12/2025,Chorley,Hereford,1.78388,0.99512,2.34559,1.73784,52.096,25.804,22.1
14168493,16/08/2025,Chorley,Chester,2.77348,0.12268,2.08844,0.0651,88.988,0.628,10.384
14168498,19/08/2025,Chorley,Scarborough,0.75583,2.05996,2.39089,3.43911,19.054,62.525,18.421
14168522,25/08/2025,Chorley,King's Lynn,2.75696,0.13382,2.00241,0.08442,88.258,0.82,10.922
14168558,06/09/2025,Chorley,Telford,0.30359,2.58884,1.5992,3.78265,6.534,82.709,10.757
14168570,20/09/2025,Chorley,Macclesfield,2.0322,0.73293,2.29475,1.47614,59.911,16.602,23.487
14168591,11/10/2025,Chorley,Oxford,2.261,0.53831,2.12836,0.9703,68.677,11.254,20.069
14168653,04/11/2025,Chorley,Alfreton,1.29434,1.21418,0.46597,0.42299,26.762,24.09,49.148
14168678,22/11/2025,Chorley,Bedford,1.05657,1.65459,1.33211,1.6725,25.591,45.525,28.884
14168690,25/11/2025,Chorley,Spennymoor,0.90624,1.73634,0.50011,0.92299,18.294,45.964,35.742
14168722,20/12/2025,Chorley,Hereford,1.78388,0.99512,2.34559,1.73784,52.096,25.804,22.1
14168749,30/12/2025,Chorley,Marine,2.52067,0.35791,3.64489,1.60354,79.975,7.883,12.142
14168493,16/08/2025,Chorley,Chester,2.77348,0.12268,2.08844,0.0651,88.988,0.628,10.384
14168498,19/08/2025,Chorley,Scarborough,0.75583,2.05996,2.39089,3.43911,19.054,62.525,18.421
14168522,25/08/2025,Chorley,King's Lynn,2.75696,0.13382,2.00241,0.08442,88.258,0.82,10.922
14168558,06/09/2025,Chorley,Telford,0.30359,2.58884,1.5992,3.78265,6.534,82.709,10.757
14168570,20/09/2025,Chorley,Macclesfield,2.0322,0.73293,2.29475,1.47614,59.911,16.602,23.487
14168591,11/10/2025,Chorley,Oxford,2.261,0.53831,2.12836,0.9703,68.677,11.254,20.069
14168653,04/11/2025,Chorley,Alfreton,1.29434,1.21418,0.46597,0.42299,26.762,24.09,49.148
14168678,22/11/2025,Chorley,Bedford,1.05657,1.65459,1.33211,1.6725,25.591,45.525,28.884
14168690,25/11/2025,Chorley,Spennymoor,0.90624,1.73634,0.50011,0.92299,18.294,45.964,35.742
14168722,20/12/2025,Chorley,Hereford,1.78388,0.99512,2.34559,1.73784,52.096,25.804,22.1
14168749,30/12/2025,Chorley,Marine,2.52067,0.35791,3.64489,1.60354,79.975,7.883,12.142
14168792,24/01/2026,Chorley,Darlington,1.95629,0.80147,1.73916,0.94816,57.135,18.641,24.224
14168493,16/08/2025,Chorley,Chester,2.77348,0.12268,2.08844,0.0651,88.988,0.628,10.384
14168498,19/08/2025,Chorley,Scarborough,0.75583,2.05996,2.39089,3.43911,19.054,62.525,18.421
14168522,25/08/2025,Chorley,King's Lynn,2.75696,0.13382,2.00241,0.08442,88.258,0.82,10.922
14168558,06/09/2025,Chorley,Telford,0.30359,2.58884,1.5992,3.78265,6.534,82.709,10.757
14168570,20/09/2025,Chorley,Macclesfield,2.0322,0.73293,2.29475,1.47614,59.911,16.602,23.487
14168591,11/10/2025,Chorley,Oxford,2.261,0.53831,2.12836,0.9703,68.677,11.254,20.069
14168653,04/11/2025,Chorley,Alfreton,1.29434,1.21418,0.46597,0.42299,26.762,24.09,49.148
14168678,22/11/2025,Chorley,Bedford,1.05657,1.65459,1.33211,1.6725,25.591,45.525,28.884
14168690,25/11/2025,Chorley,Spennymoor,0.90624,1.73634,0.50011,0.92299,18.294,45.964,35.742
14168722,20/12/2025,Chorley,Hereford,1.78388,0.99512,2.34559,1.73784,52.096,25.804,22.1
14168749,30/12/2025,Chorley,Marine,2.52067,0.35791,3.64489,1.60354,79.975,7.883,12.142
14168792,24/01/2026,Chorley,Darlington,1.95629,0.80147,1.73916,0.94816,57.135,18.641,24.224
14168821,31/01/2026,Chorley,Peterborough,1.46502,1.24296,1.27975,1.12921,39.1,31.698,29.202
14168493,16/08/2025,Chorley,Chester,2.77348,0.12268,2.08844,0.0651,88.988,0.628,10.384
14168498,19/08/2025,Chorley,Scarborough,0.75583,2.05996,2.39089,3.43911,19.054,62.525,18.421
14168522,25/08/2025,Chorley,King's Lynn,2.75696,0.13382,2.00241,0.08442,88.258,0.82,10.922
14168558,06/09/2025,Chorley,Telford,0.30359,2.58884,1.5992,3.78265,6.534,82.709,10.757
14168570,20/09/2025,Chorley,Macclesfield,2.0322,0.73293,2.29475,1.47614,59.911,16.602,23.487
14168591,11/10/2025,Chorley,Oxford,2.261,0.53831,2.12836,0.9703,68.677,11.254,20.069
14168653,04/11/2025,Chorley,Alfreton,1.29434,1.21418,0.46597,0.42299,26.762,24.09,49.148
14168678,22/11/2025,Chorley,Bedford,1.05657,1.65459,1.33211,1.6725,25.591,45.525,28.884
14168690,25/11/2025,Chorley,Spennymoor,0.90624,1.73634,0.50011,0.92299,18.294,45.964,35.742
14168722,20/12/2025,Chorley,Hereford,1.78388,0.99512,2.34559,1.73784,52.096,25.804,22.1
14168749,30/12/2025,Chorley,Marine,2.52067,0.35791,3.64489,1.60354,79.975,7.883,12.142
14168792,24/01/2026,Chorley,Darlington,1.95629,0.80147,1.73916,0.94816,57.135,18.641,24.224
14168821,31/01/2026,Chorley,Peterborough,1.46502,1.24296,1.27975,1.12921,39.1,31.698,29.202
15326174,03/02/2026,Chorley,Leamington,2.10758,0.66779,2.1199,1.06495,62.765,14.772,22.463
14168493,16/08/2025,Chorley,Chester,2.77348,0.12268,2.08844,0.0651,88.988,0.628,10.384
14168498,19/08/2025,Chorley,Scarborough,0.75583,2.05996,2.39089,3.43911,19.054,62.525,18.421
14168522,25/08/2025,Chorley,King's Lynn,2.75696,0.13382,2.00241,0.08442,88.258,0.82,10.922
14168558,06/09/2025,Chorley,Telford,0.30359,2.58884,1.5992,3.78265,6.534,82.709,10.757
14168570,20/09/2025,Chorley,Macclesfield,2.0322,0.73293,2.29475,1.47614,59.911,16.602,23.487
14168591,11/10/2025,Chorley,Oxford,2.261,0.53831,2.12836,0.9703,68.677,11.254,20.069
14168653,04/11/2025,Chorley,Alfreton,1.29434,1.21418,0.46597,0.42299,26.762,24.09,49.148
14168678,22/11/2025,Chorley,Bedford,1.05657,1.65459,1.33211,1.6725,25.591,45.525,28.884
14168690,25/11/2025,Chorley,Spennymoor,0.90624,1.73634,0.50011,0.92299,18.294,45.964,35.742
14168722,20/12/2025,Chorley,Hereford,1.78388,0.99512,2.34559,1.73784,52.096,25.804,22.1
14168749,30/12/2025,Chorley,Marine,2.52067,0.35791,3.64489,1.60354,79.975,7.883,12.142
14168792,24/01/2026,Chorley,Darlington,1.95629,0.80147,1.73916,0.94816,57.135,18.641,24.224
14168821,31/01/2026,Chorley,Peterborough,1.46502,1.24296,1.27975,1.12921,39.1,31.698,29.202
15326174,03/02/2026,Chorley,Leamington,2.10758,0.66779,2.1199,1.06495,62.765,14.772,22.463
14168841,10/02/2026,Chorley,Southport,1.80127,0.91234,1.4583,0.88984,50.496,20.865,28.639
14168493,16/08/2025,Chorley,Chester,2.77348,0.12268,2.08844,0.0651,88.988,0.628,10.384
14168498,19/08/2025,Chorley,Scarborough,0.75583,2.05996,2.39089,3.43911,19.054,62.525,18.421
14168522,25/08/2025,Chorley,King's Lynn,2.75696,0.13382,2.00241,0.08442,88.258,0.82,10.922
14168558,06/09/2025,Chorley,Telford,0.30359,2.58884,1.5992,3.78265,6.534,82.709,10.757
14168570,20/09/2025,Chorley,Macclesfield,2.0322,0.73293,2.29475,1.47614,59.911,16.602,23.487
14168591,11/10/2025,Chorley,Oxford,2.261,0.53831,2.12836,0.9703,68.677,11.254,20.069
14168653,04/11/2025,Chorley,Alfreton,1.29434,1.21418,0.46597,0.42299,26.762,24.09,49.148
14168678,22/11/2025,Chorley,Bedford,1.05657,1.65459,1.33211,1.6725,25.591,45.525,28.884
14168690,25/11/2025,Chorley,Spennymoor,0.90624,1.73634,0.50011,0.92299,18.294,45.964,35.742
14168722,20/12/2025,Chorley,Hereford,1.78388,0.99512,2.34559,1.73784,52.096,25.804,22.1
14168749,30/12/2025,Chorley,Marine,2.52067,0.35791,3.64489,1.60354,79.975,7.883,12.142
14168792,24/01/2026,Chorley,Darlington,1.95629,0.80147,1.73916,0.94816,57.135,18.641,24.224
14168821,31/01/2026,Chorley,Peterborough,1.46502,1.24296,1.27975,1.12921,39.1,31.698,29.202
15326174,03/02/2026,Chorley,Leamington,2.10758,0.66779,2.1199,1.06495,62.765,14.772,22.463
14168841,10/02/2026,Chorley,Southport,1.80127,0.91234,1.4583,0.88984,50.496,20.865,28.639
14168855,14/02/2026,Chorley,Radcliffe,2.35667,0.36044,1.12551,0.0974,69.126,2.585,28.289
14168493,16/08/2025,Chorley,Chester,2.77348,0.12268,2.08844,0.0651,88.988,0.628,10.384
14168498,19/08/2025,Chorley,Scarborough,0.75583,2.05996,2.39089,3.43911,19.054,62.525,18.421
14168522,25/08/2025,Chorley,King's Lynn,2.75696,0.13382,2.00241,0.08442,88.258,0.82,10.922
14168558,06/09/2025,Chorley,Telford,0.30359,2.58884,1.5992,3.78265,6.534,82.709,10.757
14168570,20/09/2025,Chorley,Macclesfield,2.0322,0.73293,2.29475,1.47614,59.911,16.602,23.487
14168591,11/10/2025,Chorley,Oxford,2.261,0.53831,2.12836,0.9703,68.677,11.254,20.069
14168653,04/11/2025,Chorley,Alfreton,1.29434,1.21418,0.46597,0.42299,26.762,24.09,49.148
14168678,22/11/2025,Chorley,Bedford,1.05657,1.65459,1.33211,1.6725,25.591,45.525,28.884
14168690,25/11/2025,Chorley,Spennymoor,0.90624,1.73634,0.50011,0.92299,18.294,45.964,35.742
14168722,20/12/2025,Chorley,Hereford,1.78388,0.99512,2.34559,1.73784,52.096,25.804,22.1
14168749,30/12/2025,Chorley,Marine,2.52067,0.35791,3.64489,1.60354,79.975,7.883,12.142
14168792,24/01/2026,Chorley,Darlington,1.95629,0.80147,1.73916,0.94816,57.135,18.641,24.224
14168821,31/01/2026,Chorley,Peterborough,1.46502,1.24296,1.27975,1.12921,39.1,31.698,29.202
15326174,03/02/2026,Chorley,Leamington,2.10758,0.66779,2.1199,1.06495,62.765,14.772,22.463
14168841,10/02/2026,Chorley,Southport,1.80127,0.91234,1.4583,0.88984,50.496,20.865,28.639
14168855,14/02/2026,Chorley,Radcliffe,2.35667,0.36044,1.12551,0.0974,69.126,2.585,28.289
14168917,10/03/2026,Chorley,South Shields,2.25954,0.52221,1.77583,0.63657,68.043,10.132,21.825
14168493,16/08/2025,Chorley,Chester,2.77348,0.12268,2.08844,0.0651,88.988,0.628,10.384
14168498,19/08/2025,Chorley,Scarborough,0.75583,2.05996,2.39089,3.43911,19.054,62.525,18.421
14168522,25/08/2025,Chorley,King's Lynn,2.75696,0.13382,2.00241,0.08442,88.258,0.82,10.922
14168558,06/09/2025,Chorley,Telford,0.30359,2.58884,1.5992,3.78265,6.534,82.709,10.757
14168570,20/09/2025,Chorley,Macclesfield,2.0322,0.73293,2.29475,1.47614,59.911,16.602,23.487
14168591,11/10/2025,Chorley,Oxford,2.261,0.53831,2.12836,0.9703,68.677,11.254,20.069
14168653,04/11/2025,Chorley,Alfreton,1.29434,1.21418,0.46597,0.42299,26.762,24.09,49.148
14168678,22/11/2025,Chorley,Bedford,1.05657,1.65459,1.33211,1.6725,25.591,45.525,28.884
14168690,25/11/2025,Chorley,Spennymoor,0.90624,1.73634,0.50011,0.92299,18.294,45.964,35.742
14168722,20/12/2025,Chorley,Hereford,1.78388,0.99512,2.34559,1.73784,52.096,25.804,22.1
14168749,30/12/2025,Chorley,Marine,2.52067,0.35791,3.64489,1.60354,79.975,7.883,12.142
14168792,24/01/2026,Chorley,Darlington,1.95629,0.80147,1.73916,0.94816,57.135,18.641,24.224
14168821,31/01/2026,Chorley,Peterborough,1.46502,1.24296,1.27975,1.12921,39.1,31.698,29.202
15326174,03/02/2026,Chorley,Leamington,2.10758,0.66779,2.1199,1.06495,62.765,14.772,22.463
14168841,10/02/2026,Chorley,Southport,1.80127,0.91234,1.4583,0.88984,50.496,20.865,28.639
14168855,14/02/2026,Chorley,Radcliffe,2.35667,0.36044,1.12551,0.0974,69.126,2.585,28.289
14168917,10/03/2026,Chorley,South Shields,2.25954,0.52221,1.77583,0.63657,68.043,10.132,21.825
14168930,14/03/2026,Chorley,Buxton,0.91052,1.88933,2.07735,2.84363,23.679,56.306,20.015
14168493,16/08/2025,Chorley,Chester,2.77348,0.12268,2.08844,0.0651,88.988,0.628,10.384
14168498,19/08/2025,Chorley,Scarborough,0.75583,2.05996,2.39089,3.43911,19.054,62.525,18.421
14168522,25/08/2025,Chorley,King's Lynn,2.75696,0.13382,2.00241,0.08442,88.258,0.82,10.922
14168558,06/09/2025,Chorley,Telford,0.30359,2.58884,1.5992,3.78265,6.534,82.709,10.757
14168570,20/09/2025,Chorley,Macclesfield,2.0322,0.73293,2.29475,1.47614,59.911,16.602,23.487
14168591,11/10/2025,Chorley,Oxford,2.261,0.53831,2.12836,0.9703,68.677,11.254,20.069
14168653,04/11/2025,Chorley,Alfreton,1.29434,1.21418,0.46597,0.42299,26.762,24.09,49.148
14168678,22/11/2025,Chorley,Bedford,1.05657,1.65459,1.33211,1.6725,25.591,45.525,28.884
14168690,25/11/2025,Chorley,Spennymoor,0.90624,1.73634,0.50011,0.92299,18.294,45.964,35.742
14168722,20/12/2025,Chorley,Hereford,1.78388,0.99512,2.34559,1.73784,52.096,25.804,22.1
14168749,30/12/2025,Chorley,Marine,2.52067,0.35791,3.64489,1.60354,79.975,7.883,12.142
14168792,24/01/2026,Chorley,Darlington,1.95629,0.80147,1.73916,0.94816,57.135,18.641,24.224
14168821,31/01/2026,Chorley,Peterborough,1.46502,1.24296,1.27975,1.12921,39.1,31.698,29.202
15326174,03/02/2026,Chorley,Leamington,2.10758,0.66779,2.1199,1.06495,62.765,14.772,22.463
14168841,10/02/2026,Chorley,Southport,1.80127,0.91234,1.4583,0.88984,50.496,20.865,28.639
14168855,14/02/2026,Chorley,Radcliffe,2.35667,0.36044,1.12551,0.0974,69.126,2.585,28.289
14168917,10/03/2026,Chorley,South Shields,2.25954,0.52221,1.77583,0.63657,68.043,10.132,21.825
14168930,14/03/2026,Chorley,Buxton,0.91052,1.88933,2.07735,2.84363,23.679,56.306,20.015
15473461,17/03/2026,Chorley,Kidderminster,1.67516,1.03454,1.30735,0.90572,46.162,24.808,29.03
14168491,09/08/2025,Curzon Ashton,Leamington,2.60886,0.27957,3.19412,1.15711,83.243,5.6,11.157
14168491,09/08/2025,Curzon Ashton,Leamington,2.60886,0.27957,3.19412,1.15711,83.243,5.6,11.157
14168507,23/08/2025,Curzon Ashton,Merthyr,0.18743,2.68073,0.18438,1.80221,1.853,84.963,13.184
14168491,09/08/2025,Curzon Ashton,Leamington,2.60886,0.27957,3.19412,1.15711,83.243,5.6,11.157
14168507,23/08/2025,Curzon Ashton,Merthyr,0.18743,2.68073,0.18438,1.80221,1.853,84.963,13.184
14168537,30/08/2025,Curzon Ashton,Kidderminster,2.01365,0.7268,1.69722,0.89593,58.47,15.575,25.955
14168491,09/08/2025,Curzon Ashton,Leamington,2.60886,0.27957,3.19412,1.15711,83.243,5.6,11.157
14168507,23/08/2025,Curzon Ashton,Merthyr,0.18743,2.68073,0.18438,1.80221,1.853,84.963,13.184
14168537,30/08/2025,Curzon Ashton,Kidderminster,2.01365,0.7268,1.69722,0.89593,58.47,15.575,25.955
14168543,02/09/2025,Curzon Ashton,Chorley,1.1812,1.54408,1.26462,1.50633,30.216,42.312,27.472
14168491,09/08/2025,Curzon Ashton,Leamington,2.60886,0.27957,3.19412,1.15711,83.243,5.6,11.157
14168507,23/08/2025,Curzon Ashton,Merthyr,0.18743,2.68073,0.18438,1.80221,1.853,84.963,13.184
14168537,30/08/2025,Curzon Ashton,Kidderminster,2.01365,0.7268,1.69722,0.89593,58.47,15.575,25.955
14168543,02/09/2025,Curzon Ashton,Chorley,1.1812,1.54408,1.26462,1.50633,30.216,42.312,27.472
14168572,20/09/2025,Curzon Ashton,South Shields,0.95084,1.80863,1.5968,2.22081,23.677,52.27,24.053
14168491,09/08/2025,Curzon Ashton,Leamington,2.60886,0.27957,3.19412,1.15711,83.243,5.6,11.157
14168507,23/08/2025,Curzon Ashton,Merthyr,0.18743,2.68073,0.18438,1.80221,1.853,84.963,13.184
14168537,30/08/2025,Curzon Ashton,Kidderminster,2.01365,0.7268,1.69722,0.89593,58.47,15.575,25.955
14168543,02/09/2025,Curzon Ashton,Chorley,1.1812,1.54408,1.26462,1.50633,30.216,42.312,27.472
14168572,20/09/2025,Curzon Ashton,South Shields,0.95084,1.80863,1.5968,2.22081,23.677,52.27,24.053
14168631,25/10/2025,Curzon Ashton,Peterborough,1.80841,0.97051,2.25431,1.66173,52.911,24.981,22.108
14168491,09/08/2025,Curzon Ashton,Leamington,2.60886,0.27957,3.19412,1.15711,83.243,5.6,11.157
14168507,23/08/2025,Curzon Ashton,Merthyr,0.18743,2.68073,0.18438,1.80221,1.853,84.963,13.184
14168537,30/08/2025,Curzon Ashton,Kidderminster,2.01365,0.7268,1.69722,0.89593,58.47,15.575,25.955
14168543,02/09/2025,Curzon Ashton,Chorley,1.1812,1.54408,1.26462,1.50633,30.216,42.312,27.472
14168572,20/09/2025,Curzon Ashton,South Shields,0.95084,1.80863,1.5968,2.22081,23.677,52.27,24.053
14168631,25/10/2025,Curzon Ashton,Peterborough,1.80841,0.97051,2.25431,1.66173,52.911,24.981,22.108
14813803,28/10/2025,Curzon Ashton,King's Lynn,1.00253,1.77398,1.60951,2.19586,25.968,51.683,22.349
14168491,09/08/2025,Curzon Ashton,Leamington,2.60886,0.27957,3.19412,1.15711,83.243,5.6,11.157
14168507,23/08/2025,Curzon Ashton,Merthyr,0.18743,2.68073,0.18438,1.80221,1.853,84.963,13.184
14168537,30/08/2025,Curzon Ashton,Kidderminster,2.01365,0.7268,1.69722,0.89593,58.47,15.575,25.955
14168543,02/09/2025,Curzon Ashton,Chorley,1.1812,1.54408,1.26462,1.50633,30.216,42.312,27.472
14168572,20/09/2025,Curzon Ashton,South Shields,0.95084,1.80863,1.5968,2.22081,23.677,52.27,24.053
14168631,25/10/2025,Curzon Ashton,Peterborough,1.80841,0.97051,2.25431,1.66173,52.911,24.981,22.108
14813803,28/10/2025,Curzon Ashton,King's Lynn,1.00253,1.77398,1.60951,2.19586,25.968,51.683,22.349
14168655,04/11/2025,Curzon Ashton,Spennymoor,0.98944,1.76917,1.5186,2.03043,24.935,50.926,24.139
14168491,09/08/2025,Curzon Ashton,Leamington,2.60886,0.27957,3.19412,1.15711,83.243,5.6,11.157
14168507,23/08/2025,Curzon Ashton,Merthyr,0.18743,2.68073,0.18438,1.80221,1.853,84.963,13.184
14168537,30/08/2025,Curzon Ashton,Kidderminster,2.01365,0.7268,1.69722,0.89593,58.47,15.575,25.955
14168543,02/09/2025,Curzon Ashton,Chorley,1.1812,1.54408,1.26462,1.50633,30.216,42.312,27.472
14168572,20/09/2025,Curzon Ashton,South Shields,0.95084,1.80863,1.5968,2.22081,23.677,52.27,24.053
14168631,25/10/2025,Curzon Ashton,Peterborough,1.80841,0.97051,2.25431,1.66173,52.911,24.981,22.108
14813803,28/10/2025,Curzon Ashton,King's Lynn,1.00253,1.77398,1.60951,2.19586,25.968,51.683,22.349
14168655,04/11/2025,Curzon Ashton,Spennymoor,0.98944,1.76917,1.5186,2.03043,24.935,50.926,24.139
14168666,08/11/2025,Curzon Ashton,Scarborough,1.33534,1.35475,1.0644,1.1051,34.181,34.828,30.991
14168491,09/08/2025,Curzon Ashton,Leamington,2.60886,0.27957,3.19412,1.15711,83.243,5.6,11.157
14168507,23/08/2025,Curzon Ashton,Merthyr,0.18743,2.68073,0.18438,1.80221,1.853,84.963,13.184
14168537,30/08/2025,Curzon Ashton,Kidderminster,2.01365,0.7268,1.69722,0.89593,58.47,15.575,25.955
14168543,02/09/2025,Curzon Ashton,Chorley,1.1812,1.54408,1.26462,1.50633,30.216,42.312,27.472
14168572,20/09/2025,Curzon Ashton,South Shields,0.95084,1.80863,1.5968,2.22081,23.677,52.27,24.053
14168631,25/10/2025,Curzon Ashton,Peterborough,1.80841,0.97051,2.25431,1.66173,52.911,24.981,22.108
14813803,28/10/2025,Curzon Ashton,King's Lynn,1.00253,1.77398,1.60951,2.19586,25.968,51.683,22.349
14168655,04/11/2025,Curzon Ashton,Spennymoor,0.98944,1.76917,1.5186,2.03043,24.935,50.926,24.139
14168666,08/11/2025,Curzon Ashton,Scarborough,1.33534,1.35475,1.0644,1.1051,34.181,34.828,30.991
14168709,06/12/2025,Curzon Ashton,Alfreton,1.87316,0.86435,1.53755,0.92933,53.689,20.062,26.249
14168491,09/08/2025,Curzon Ashton,Leamington,2.60886,0.27957,3.19412,1.15711,83.243,5.6,11.157
14168507,23/08/2025,Curzon Ashton,Merthyr,0.18743,2.68073,0.18438,1.80221,1.853,84.963,13.184
14168537,30/08/2025,Curzon Ashton,Kidderminster,2.01365,0.7268,1.69722,0.89593,58.47,15.575,25.955
14168543,02/09/2025,Curzon Ashton,Chorley,1.1812,1.54408,1.26462,1.50633,30.216,42.312,27.472
14168572,20/09/2025,Curzon Ashton,South Shields,0.95084,1.80863,1.5968,2.22081,23.677,52.27,24.053
14168631,25/10/2025,Curzon Ashton,Peterborough,1.80841,0.97051,2.25431,1.66173,52.911,24.981,22.108
14813803,28/10/2025,Curzon Ashton,King's Lynn,1.00253,1.77398,1.60951,2.19586,25.968,51.683,22.349
14168655,04/11/2025,Curzon Ashton,Spennymoor,0.98944,1.76917,1.5186,2.03043,24.935,50.926,24.139
14168666,08/11/2025,Curzon Ashton,Scarborough,1.33534,1.35475,1.0644,1.1051,34.181,34.828,30.991
14168709,06/12/2025,Curzon Ashton,Alfreton,1.87316,0.86435,1.53755,0.92933,53.689,20.062,26.249
14168736,26/12/2025,Curzon Ashton,Radcliffe,0.21579,2.67699,0.55687,2.56435,3.619,85.659,10.722
14168491,09/08/2025,Curzon Ashton,Leamington,2.60886,0.27957,3.19412,1.15711,83.243,5.6,11.157
14168507,23/08/2025,Curzon Ashton,Merthyr,0.18743,2.68073,0.18438,1.80221,1.853,84.963,13.184
14168537,30/08/2025,Curzon Ashton,Kidderminster,2.01365,0.7268,1.69722,0.89593,58.47,15.575,25.955
14168543,02/09/2025,Curzon Ashton,Chorley,1.1812,1.54408,1.26462,1.50633,30.216,42.312,27.472
14168572,20/09/2025,Curzon Ashton,South Shields,0.95084,1.80863,1.5968,2.22081,23.677,52.27,24.053
14168631,25/10/2025,Curzon Ashton,Peterborough,1.80841,0.97051,2.25431,1.66173,52.911,24.981,22.108
14813803,28/10/2025,Curzon Ashton,King's Lynn,1.00253,1.77398,1.60951,2.19586,25.968,51.683,22.349
14168655,04/11/2025,Curzon Ashton,Spennymoor,0.98944,1.76917,1.5186,2.03043,24.935,50.926,24.139
14168666,08/11/2025,Curzon Ashton,Scarborough,1.33534,1.35475,1.0644,1.1051,34.181,34.828,30.991
14168709,06/12/2025,Curzon Ashton,Alfreton,1.87316,0.86435,1.53755,0.92933,53.689,20.062,26.249
14168736,26/12/2025,Curzon Ashton,Radcliffe,0.21579,2.67699,0.55687,2.56435,3.619,85.659,10.722
14168786,17/01/2026,Curzon Ashton,Telford,0.16748,2.7677,1.50738,4.53009,3.422,90.096,6.482
14168491,09/08/2025,Curzon Ashton,Leamington,2.60886,0.27957,3.19412,1.15711,83.243,5.6,11.157
14168507,23/08/2025,Curzon Ashton,Merthyr,0.18743,2.68073,0.18438,1.80221,1.853,84.963,13.184
14168537,30/08/2025,Curzon Ashton,Kidderminster,2.01365,0.7268,1.69722,0.89593,58.47,15.575,25.955
14168543,02/09/2025,Curzon Ashton,Chorley,1.1812,1.54408,1.26462,1.50633,30.216,42.312,27.472
14168572,20/09/2025,Curzon Ashton,South Shields,0.95084,1.80863,1.5968,2.22081,23.677,52.27,24.053
14168631,25/10/2025,Curzon Ashton,Peterborough,1.80841,0.97051,2.25431,1.66173,52.911,24.981,22.108
14813803,28/10/2025,Curzon Ashton,King's Lynn,1.00253,1.77398,1.60951,2.19586,25.968,51.683,22.349
14168655,04/11/2025,Curzon Ashton,Spennymoor,0.98944,1.76917,1.5186,2.03043,24.935,50.926,24.139
14168666,08/11/2025,Curzon Ashton,Scarborough,1.33534,1.35475,1.0644,1.1051,34.181,34.828,30.991
14168709,06/12/2025,Curzon Ashton,Alfreton,1.87316,0.86435,1.53755,0.92933,53.689,20.062,26.249
14168736,26/12/2025,Curzon Ashton,Radcliffe,0.21579,2.67699,0.55687,2.56435,3.619,85.659,10.722
14168786,17/01/2026,Curzon Ashton,Telford,0.16748,2.7677,1.50738,4.53009,3.422,90.096,6.482
14168824,31/01/2026,Curzon Ashton,Hereford,1.7233,0.99598,2.01545,1.5503,48.086,23.842,28.072
14168491,09/08/2025,Curzon Ashton,Leamington,2.60886,0.27957,3.19412,1.15711,83.243,5.6,11.157
14168507,23/08/2025,Curzon Ashton,Merthyr,0.18743,2.68073,0.18438,1.80221,1.853,84.963,13.184
14168537,30/08/2025,Curzon Ashton,Kidderminster,2.01365,0.7268,1.69722,0.89593,58.47,15.575,25.955
14168543,02/09/2025,Curzon Ashton,Chorley,1.1812,1.54408,1.26462,1.50633,30.216,42.312,27.472
14168572,20/09/2025,Curzon Ashton,South Shields,0.95084,1.80863,1.5968,2.22081,23.677,52.27,24.053
14168631,25/10/2025,Curzon Ashton,Peterborough,1.80841,0.97051,2.25431,1.66173,52.911,24.981,22.108
14813803,28/10/2025,Curzon Ashton,King's Lynn,1.00253,1.77398,1.60951,2.19586,25.968,51.683,22.349
14168655,04/11/2025,Curzon Ashton,Spennymoor,0.98944,1.76917,1.5186,2.03043,24.935,50.926,24.139
14168666,08/11/2025,Curzon Ashton,Scarborough,1.33534,1.35475,1.0644,1.1051,34.181,34.828,30.991
14168709,06/12/2025,Curzon Ashton,Alfreton,1.87316,0.86435,1.53755,0.92933,53.689,20.062,26.249
14168736,26/12/2025,Curzon Ashton,Radcliffe,0.21579,2.67699,0.55687,2.56435,3.619,85.659,10.722
14168786,17/01/2026,Curzon Ashton,Telford,0.16748,2.7677,1.50738,4.53009,3.422,90.096,6.482
14168824,31/01/2026,Curzon Ashton,Hereford,1.7233,0.99598,2.01545,1.5503,48.086,23.842,28.072
15399954,03/02/2026,Curzon Ashton,Bedford,2.66688,0.22275,3.18468,1.06622,85.217,3.746,11.037
14168491,09/08/2025,Curzon Ashton,Leamington,2.60886,0.27957,3.19412,1.15711,83.243,5.6,11.157
14168507,23/08/2025,Curzon Ashton,Merthyr,0.18743,2.68073,0.18438,1.80221,1.853,84.963,13.184
14168537,30/08/2025,Curzon Ashton,Kidderminster,2.01365,0.7268,1.69722,0.89593,58.47,15.575,25.955
14168543,02/09/2025,Curzon Ashton,Chorley,1.1812,1.54408,1.26462,1.50633,30.216,42.312,27.472
14168572,20/09/2025,Curzon Ashton,South Shields,0.95084,1.80863,1.5968,2.22081,23.677,52.27,24.053
14168631,25/10/2025,Curzon Ashton,Peterborough,1.80841,0.97051,2.25431,1.66173,52.911,24.981,22.108
14813803,28/10/2025,Curzon Ashton,King's Lynn,1.00253,1.77398,1.60951,2.19586,25.968,51.683,22.349
14168655,04/11/2025,Curzon Ashton,Spennymoor,0.98944,1.76917,1.5186,2.03043,24.935,50.926,24.139
14168666,08/11/2025,Curzon Ashton,Scarborough,1.33534,1.35475,1.0644,1.1051,34.181,34.828,30.991
14168709,06/12/2025,Curzon Ashton,Alfreton,1.87316,0.86435,1.53755,0.92933,53.689,20.062,26.249
14168736,26/12/2025,Curzon Ashton,Radcliffe,0.21579,2.67699,0.55687,2.56435,3.619,85.659,10.722
14168786,17/01/2026,Curzon Ashton,Telford,0.16748,2.7677,1.50738,4.53009,3.422,90.096,6.482
14168824,31/01/2026,Curzon Ashton,Hereford,1.7233,0.99598,2.01545,1.5503,48.086,23.842,28.072
15399954,03/02/2026,Curzon Ashton,Bedford,2.66688,0.22275,3.18468,1.06622,85.217,3.746,11.037
14168847,10/02/2026,Curzon Ashton,Marine,2.08057,0.70126,1.97679,1.02529,62.08,16.103,21.817
14168491,09/08/2025,Curzon Ashton,Leamington,2.60886,0.27957,3.19412,1.15711,83.243,5.6,11.157
14168507,23/08/2025,Curzon Ashton,Merthyr,0.18743,2.68073,0.18438,1.80221,1.853,84.963,13.184
14168537,30/08/2025,Curzon Ashton,Kidderminster,2.01365,0.7268,1.69722,0.89593,58.47,15.575,25.955
14168543,02/09/2025,Curzon Ashton,Chorley,1.1812,1.54408,1.26462,1.50633,30.216,42.312,27.472
14168572,20/09/2025,Curzon Ashton,South Shields,0.95084,1.80863,1.5968,2.22081,23.677,52.27,24.053
14168631,25/10/2025,Curzon Ashton,Peterborough,1.80841,0.97051,2.25431,1.66173,52.911,24.981,22.108
14813803,28/10/2025,Curzon Ashton,King's Lynn,1.00253,1.77398,1.60951,2.19586,25.968,51.683,22.349
14168655,04/11/2025,Curzon Ashton,Spennymoor,0.98944,1.76917,1.5186,2.03043,24.935,50.926,24.139
14168666,08/11/2025,Curzon Ashton,Scarborough,1.33534,1.35475,1.0644,1.1051,34.181,34.828,30.991
14168709,06/12/2025,Curzon Ashton,Alfreton,1.87316,0.86435,1.53755,0.92933,53.689,20.062,26.249
14168736,26/12/2025,Curzon Ashton,Radcliffe,0.21579,2.67699,0.55687,2.56435,3.619,85.659,10.722
14168786,17/01/2026,Curzon Ashton,Telford,0.16748,2.7677,1.50738,4.53009,3.422,90.096,6.482
14168824,31/01/2026,Curzon Ashton,Hereford,1.7233,0.99598,2.01545,1.5503,48.086,23.842,28.072
15399954,03/02/2026,Curzon Ashton,Bedford,2.66688,0.22275,3.18468,1.06622,85.217,3.746,11.037
14168847,10/02/2026,Curzon Ashton,Marine,2.08057,0.70126,1.97679,1.02529,62.08,16.103,21.817
14168881,24/02/2026,Curzon Ashton,Darlington,0.5129,2.31854,1.14069,2.55234,11.478,71.666,16.856
14168491,09/08/2025,Curzon Ashton,Leamington,2.60886,0.27957,3.19412,1.15711,83.243,5.6,11.157
14168507,23/08/2025,Curzon Ashton,Merthyr,0.18743,2.68073,0.18438,1.80221,1.853,84.963,13.184
14168537,30/08/2025,Curzon Ashton,Kidderminster,2.01365,0.7268,1.69722,0.89593,58.47,15.575,25.955
14168543,02/09/2025,Curzon Ashton,Chorley,1.1812,1.54408,1.26462,1.50633,30.216,42.312,27.472
14168572,20/09/2025,Curzon Ashton,South Shields,0.95084,1.80863,1.5968,2.22081,23.677,52.27,24.053
14168631,25/10/2025,Curzon Ashton,Peterborough,1.80841,0.97051,2.25431,1.66173,52.911,24.981,22.108
14813803,28/10/2025,Curzon Ashton,King's Lynn,1.00253,1.77398,1.60951,2.19586,25.968,51.683,22.349
14168655,04/11/2025,Curzon Ashton,Spennymoor,0.98944,1.76917,1.5186,2.03043,24.935,50.926,24.139
14168666,08/11/2025,Curzon Ashton,Scarborough,1.33534,1.35475,1.0644,1.1051,34.181,34.828,30.991
14168709,06/12/2025,Curzon Ashton,Alfreton,1.87316,0.86435,1.53755,0.92933,53.689,20.062,26.249
14168736,26/12/2025,Curzon Ashton,Radcliffe,0.21579,2.67699,0.55687,2.56435,3.619,85.659,10.722
14168786,17/01/2026,Curzon Ashton,Telford,0.16748,2.7677,1.50738,4.53009,3.422,90.096,6.482
14168824,31/01/2026,Curzon Ashton,Hereford,1.7233,0.99598,2.01545,1.5503,48.086,23.842,28.072
15399954,03/02/2026,Curzon Ashton,Bedford,2.66688,0.22275,3.18468,1.06622,85.217,3.746,11.037
14168847,10/02/2026,Curzon Ashton,Marine,2.08057,0.70126,1.97679,1.02529,62.08,16.103,21.817
14168881,24/02/2026,Curzon Ashton,Darlington,0.5129,2.31854,1.14069,2.55234,11.478,71.666,16.856
14168919,10/03/2026,Curzon Ashton,Oxford,1.02177,1.74426,1.53468,2.07254,26.26,50.343,23.397
14168491,09/08/2025,Curzon Ashton,Leamington,2.60886,0.27957,3.19412,1.15711,83.243,5.6,11.157
14168507,23/08/2025,Curzon Ashton,Merthyr,0.18743,2.68073,0.18438,1.80221,1.853,84.963,13.184
14168537,30/08/2025,Curzon Ashton,Kidderminster,2.01365,0.7268,1.69722,0.89593,58.47,15.575,25.955
14168543,02/09/2025,Curzon Ashton,Chorley,1.1812,1.54408,1.26462,1.50633,30.216,42.312,27.472
14168572,20/09/2025,Curzon Ashton,South Shields,0.95084,1.80863,1.5968,2.22081,23.677,52.27,24.053
14168631,25/10/2025,Curzon Ashton,Peterborough,1.80841,0.97051,2.25431,1.66173,52.911,24.981,22.108
14813803,28/10/2025,Curzon Ashton,King's Lynn,1.00253,1.77398,1.60951,2.19586,25.968,51.683,22.349
14168655,04/11/2025,Curzon Ashton,Spennymoor,0.98944,1.76917,1.5186,2.03043,24.935,50.926,24.139
14168666,08/11/2025,Curzon Ashton,Scarborough,1.33534,1.35475,1.0644,1.1051,34.181,34.828,30.991
14168709,06/12/2025,Curzon Ashton,Alfreton,1.87316,0.86435,1.53755,0.92933,53.689,20.062,26.249
14168736,26/12/2025,Curzon Ashton,Radcliffe,0.21579,2.67699,0.55687,2.56435,3.619,85.659,10.722
14168786,17/01/2026,Curzon Ashton,Telford,0.16748,2.7677,1.50738,4.53009,3.422,90.096,6.482
14168824,31/01/2026,Curzon Ashton,Hereford,1.7233,0.99598,2.01545,1.5503,48.086,23.842,28.072
15399954,03/02/2026,Curzon Ashton,Bedford,2.66688,0.22275,3.18468,1.06622,85.217,3.746,11.037
14168847,10/02/2026,Curzon Ashton,Marine,2.08057,0.70126,1.97679,1.02529,62.08,16.103,21.817
14168881,24/02/2026,Curzon Ashton,Darlington,0.5129,2.31854,1.14069,2.55234,11.478,71.666,16.856
14168919,10/03/2026,Curzon Ashton,Oxford,1.02177,1.74426,1.53468,2.07254,26.26,50.343,23.397
14168929,14/03/2026,Curzon Ashton,Macclesfield,0.39498,2.4426,0.81335,2.4096,7.752,76.006,16.242
14168491,09/08/2025,Curzon Ashton,Leamington,2.60886,0.27957,3.19412,1.15711,83.243,5.6,11.157
14168507,23/08/2025,Curzon Ashton,Merthyr,0.18743,2.68073,0.18438,1.80221,1.853,84.963,13.184
14168537,30/08/2025,Curzon Ashton,Kidderminster,2.01365,0.7268,1.69722,0.89593,58.47,15.575,25.955
14168543,02/09/2025,Curzon Ashton,Chorley,1.1812,1.54408,1.26462,1.50633,30.216,42.312,27.472
14168572,20/09/2025,Curzon Ashton,South Shields,0.95084,1.80863,1.5968,2.22081,23.677,52.27,24.053
14168631,25/10/2025,Curzon Ashton,Peterborough,1.80841,0.97051,2.25431,1.66173,52.911,24.981,22.108
14813803,28/10/2025,Curzon Ashton,King's Lynn,1.00253,1.77398,1.60951,2.19586,25.968,51.683,22.349
14168655,04/11/2025,Curzon Ashton,Spennymoor,0.98944,1.76917,1.5186,2.03043,24.935,50.926,24.139
14168666,08/11/2025,Curzon Ashton,Scarborough,1.33534,1.35475,1.0644,1.1051,34.181,34.828,30.991
14168709,06/12/2025,Curzon Ashton,Alfreton,1.87316,0.86435,1.53755,0.92933,53.689,20.062,26.249
14168736,26/12/2025,Curzon Ashton,Radcliffe,0.21579,2.67699,0.55687,2.56435,3.619,85.659,10.722
14168786,17/01/2026,Curzon Ashton,Telford,0.16748,2.7677,1.50738,4.53009,3.422,90.096,6.482
14168824,31/01/2026,Curzon Ashton,Hereford,1.7233,0.99598,2.01545,1.5503,48.086,23.842,28.072
15399954,03/02/2026,Curzon Ashton,Bedford,2.66688,0.22275,3.18468,1.06622,85.217,3.746,11.037
14168847,10/02/2026,Curzon Ashton,Marine,2.08057,0.70126,1.97679,1.02529,62.08,16.103,21.817
14168881,24/02/2026,Curzon Ashton,Darlington,0.5129,2.31854,1.14069,2.55234,11.478,71.666,16.856
14168919,10/03/2026,Curzon Ashton,Oxford,1.02177,1.74426,1.53468,2.07254,26.26,50.343,23.397
14168929,14/03/2026,Curzon Ashton,Macclesfield,0.39498,2.4426,0.81335,2.4096,7.752,76.006,16.242
14168952,28/03/2026,Curzon Ashton,Chester,1.15779,1.44441,0.57767,0.73157,25.333,34.887,39.78
14168494,09/08/2025,Darlington,Chorley,1.26896,1.46015,1.36062,1.45491,33.269,39.642,27.089
14168494,09/08/2025,Darlington,Chorley,1.26896,1.46015,1.36062,1.45491,33.269,39.642,27.089
14168499,19/08/2025,Darlington,Fylde,0.09493,2.86018,1.23444,4.42061,1.668,93.843,4.489
14168494,09/08/2025,Darlington,Chorley,1.26896,1.46015,1.36062,1.45491,33.269,39.642,27.089
14168499,19/08/2025,Darlington,Fylde,0.09493,2.86018,1.23444,4.42061,1.668,93.843,4.489
14168520,25/08/2025,Darlington,Telford,0.82196,1.93496,0.99527,1.71395,19.296,56.396,24.308
14168494,09/08/2025,Darlington,Chorley,1.26896,1.46015,1.36062,1.45491,33.269,39.642,27.089
14168499,19/08/2025,Darlington,Fylde,0.09493,2.86018,1.23444,4.42061,1.668,93.843,4.489
14168520,25/08/2025,Darlington,Telford,0.82196,1.93496,0.99527,1.71395,19.296,56.396,24.308
14168564,06/09/2025,Darlington,Hereford,2.49199,0.35716,2.44426,0.82968,78.038,6.877,15.085
14168494,09/08/2025,Darlington,Chorley,1.26896,1.46015,1.36062,1.45491,33.269,39.642,27.089
14168499,19/08/2025,Darlington,Fylde,0.09493,2.86018,1.23444,4.42061,1.668,93.843,4.489
14168520,25/08/2025,Darlington,Telford,0.82196,1.93496,0.99527,1.71395,19.296,56.396,24.308
14168564,06/09/2025,Darlington,Hereford,2.49199,0.35716,2.44426,0.82968,78.038,6.877,15.085
14168569,20/09/2025,Darlington,Chester,2.1067,0.65467,1.68916,0.73392,62.269,13.868,23.863
14168494,09/08/2025,Darlington,Chorley,1.26896,1.46015,1.36062,1.45491,33.269,39.642,27.089
14168499,19/08/2025,Darlington,Fylde,0.09493,2.86018,1.23444,4.42061,1.668,93.843,4.489
14168520,25/08/2025,Darlington,Telford,0.82196,1.93496,0.99527,1.71395,19.296,56.396,24.308
14168564,06/09/2025,Darlington,Hereford,2.49199,0.35716,2.44426,0.82968,78.038,6.877,15.085
14168569,20/09/2025,Darlington,Chester,2.1067,0.65467,1.68916,0.73392,62.269,13.868,23.863
14168630,25/10/2025,Darlington,Southport,2.28622,0.46159,1.26534,0.33564,67.801,6.98,25.219
14168494,09/08/2025,Darlington,Chorley,1.26896,1.46015,1.36062,1.45491,33.269,39.642,27.089
14168499,19/08/2025,Darlington,Fylde,0.09493,2.86018,1.23444,4.42061,1.668,93.843,4.489
14168520,25/08/2025,Darlington,Telford,0.82196,1.93496,0.99527,1.71395,19.296,56.396,24.308
14168564,06/09/2025,Darlington,Hereford,2.49199,0.35716,2.44426,0.82968,78.038,6.877,15.085
14168569,20/09/2025,Darlington,Chester,2.1067,0.65467,1.68916,0.73392,62.269,13.868,23.863
14168630,25/10/2025,Darlington,Southport,2.28622,0.46159,1.26534,0.33564,67.801,6.98,25.219
14168656,04/11/2025,Darlington,Worksop,2.3184,0.52011,2.69691,1.17345,71.897,11.954,16.149
14168494,09/08/2025,Darlington,Chorley,1.26896,1.46015,1.36062,1.45491,33.269,39.642,27.089
14168499,19/08/2025,Darlington,Fylde,0.09493,2.86018,1.23444,4.42061,1.668,93.843,4.489
14168520,25/08/2025,Darlington,Telford,0.82196,1.93496,0.99527,1.71395,19.296,56.396,24.308
14168564,06/09/2025,Darlington,Hereford,2.49199,0.35716,2.44426,0.82968,78.038,6.877,15.085
14168569,20/09/2025,Darlington,Chester,2.1067,0.65467,1.68916,0.73392,62.269,13.868,23.863
14168630,25/10/2025,Darlington,Southport,2.28622,0.46159,1.26534,0.33564,67.801,6.98,25.219
14168656,04/11/2025,Darlington,Worksop,2.3184,0.52011,2.69691,1.17345,71.897,11.954,16.149
14878242,18/11/2025,Darlington,Peterborough,2.39154,0.46644,3.96312,2.2329,74.984,10.814,14.202
14168494,09/08/2025,Darlington,Chorley,1.26896,1.46015,1.36062,1.45491,33.269,39.642,27.089
14168499,19/08/2025,Darlington,Fylde,0.09493,2.86018,1.23444,4.42061,1.668,93.843,4.489
14168520,25/08/2025,Darlington,Telford,0.82196,1.93496,0.99527,1.71395,19.296,56.396,24.308
14168564,06/09/2025,Darlington,Hereford,2.49199,0.35716,2.44426,0.82968,78.038,6.877,15.085
14168569,20/09/2025,Darlington,Chester,2.1067,0.65467,1.68916,0.73392,62.269,13.868,23.863
14168630,25/10/2025,Darlington,Southport,2.28622,0.46159,1.26534,0.33564,67.801,6.98,25.219
14168656,04/11/2025,Darlington,Worksop,2.3184,0.52011,2.69691,1.17345,71.897,11.954,16.149
14878242,18/11/2025,Darlington,Peterborough,2.39154,0.46644,3.96312,2.2329,74.984,10.814,14.202
14168679,22/11/2025,Darlington,Spennymoor,1.50312,1.15758,0.95103,0.76113,38.794,27.276,33.93
14168494,09/08/2025,Darlington,Chorley,1.26896,1.46015,1.36062,1.45491,33.269,39.642,27.089
14168499,19/08/2025,Darlington,Fylde,0.09493,2.86018,1.23444,4.42061,1.668,93.843,4.489
14168520,25/08/2025,Darlington,Telford,0.82196,1.93496,0.99527,1.71395,19.296,56.396,24.308
14168564,06/09/2025,Darlington,Hereford,2.49199,0.35716,2.44426,0.82968,78.038,6.877,15.085
14168569,20/09/2025,Darlington,Chester,2.1067,0.65467,1.68916,0.73392,62.269,13.868,23.863
14168630,25/10/2025,Darlington,Southport,2.28622,0.46159,1.26534,0.33564,67.801,6.98,25.219
14168656,04/11/2025,Darlington,Worksop,2.3184,0.52011,2.69691,1.17345,71.897,11.954,16.149
14878242,18/11/2025,Darlington,Peterborough,2.39154,0.46644,3.96312,2.2329,74.984,10.814,14.202
14168679,22/11/2025,Darlington,Spennymoor,1.50312,1.15758,0.95103,0.76113,38.794,27.276,33.93
14168689,25/11/2025,Darlington,Curzon Ashton,2.6072,0.25484,2.13036,0.40221,82.308,3.896,13.796
14168494,09/08/2025,Darlington,Chorley,1.26896,1.46015,1.36062,1.45491,33.269,39.642,27.089
14168499,19/08/2025,Darlington,Fylde,0.09493,2.86018,1.23444,4.42061,1.668,93.843,4.489
14168520,25/08/2025,Darlington,Telford,0.82196,1.93496,0.99527,1.71395,19.296,56.396,24.308
14168564,06/09/2025,Darlington,Hereford,2.49199,0.35716,2.44426,0.82968,78.038,6.877,15.085
14168569,20/09/2025,Darlington,Chester,2.1067,0.65467,1.68916,0.73392,62.269,13.868,23.863
14168630,25/10/2025,Darlington,Southport,2.28622,0.46159,1.26534,0.33564,67.801,6.98,25.219
14168656,04/11/2025,Darlington,Worksop,2.3184,0.52011,2.69691,1.17345,71.897,11.954,16.149
14878242,18/11/2025,Darlington,Peterborough,2.39154,0.46644,3.96312,2.2329,74.984,10.814,14.202
14168679,22/11/2025,Darlington,Spennymoor,1.50312,1.15758,0.95103,0.76113,38.794,27.276,33.93
14168689,25/11/2025,Darlington,Curzon Ashton,2.6072,0.25484,2.13036,0.40221,82.308,3.896,13.796
14168727,20/12/2025,Darlington,King's Lynn,0.91315,1.75414,0.58577,1.02978,19.348,47.381,33.271
14168494,09/08/2025,Darlington,Chorley,1.26896,1.46015,1.36062,1.45491,33.269,39.642,27.089
14168499,19/08/2025,Darlington,Fylde,0.09493,2.86018,1.23444,4.42061,1.668,93.843,4.489
14168520,25/08/2025,Darlington,Telford,0.82196,1.93496,0.99527,1.71395,19.296,56.396,24.308
14168564,06/09/2025,Darlington,Hereford,2.49199,0.35716,2.44426,0.82968,78.038,6.877,15.085
14168569,20/09/2025,Darlington,Chester,2.1067,0.65467,1.68916,0.73392,62.269,13.868,23.863
14168630,25/10/2025,Darlington,Southport,2.28622,0.46159,1.26534,0.33564,67.801,6.98,25.219
14168656,04/11/2025,Darlington,Worksop,2.3184,0.52011,2.69691,1.17345,71.897,11.954,16.149
14878242,18/11/2025,Darlington,Peterborough,2.39154,0.46644,3.96312,2.2329,74.984,10.814,14.202
14168679,22/11/2025,Darlington,Spennymoor,1.50312,1.15758,0.95103,0.76113,38.794,27.276,33.93
14168689,25/11/2025,Darlington,Curzon Ashton,2.6072,0.25484,2.13036,0.40221,82.308,3.896,13.796
14168727,20/12/2025,Darlington,King's Lynn,0.91315,1.75414,0.58577,1.02978,19.348,47.381,33.271
14168752,30/12/2025,Darlington,South Shields,1.29681,1.42143,1.24898,1.3445,33.835,37.989,28.176
14168494,09/08/2025,Darlington,Chorley,1.26896,1.46015,1.36062,1.45491,33.269,39.642,27.089
14168499,19/08/2025,Darlington,Fylde,0.09493,2.86018,1.23444,4.42061,1.668,93.843,4.489
14168520,25/08/2025,Darlington,Telford,0.82196,1.93496,0.99527,1.71395,19.296,56.396,24.308
14168564,06/09/2025,Darlington,Hereford,2.49199,0.35716,2.44426,0.82968,78.038,6.877,15.085
14168569,20/09/2025,Darlington,Chester,2.1067,0.65467,1.68916,0.73392,62.269,13.868,23.863
14168630,25/10/2025,Darlington,Southport,2.28622,0.46159,1.26534,0.33564,67.801,6.98,25.219
14168656,04/11/2025,Darlington,Worksop,2.3184,0.52011,2.69691,1.17345,71.897,11.954,16.149
14878242,18/11/2025,Darlington,Peterborough,2.39154,0.46644,3.96312,2.2329,74.984,10.814,14.202
14168679,22/11/2025,Darlington,Spennymoor,1.50312,1.15758,0.95103,0.76113,38.794,27.276,33.93
14168689,25/11/2025,Darlington,Curzon Ashton,2.6072,0.25484,2.13036,0.40221,82.308,3.896,13.796
14168727,20/12/2025,Darlington,King's Lynn,0.91315,1.75414,0.58577,1.02978,19.348,47.381,33.271
14168752,30/12/2025,Darlington,South Shields,1.29681,1.42143,1.24898,1.3445,33.835,37.989,28.176
14168787,17/01/2026,Darlington,Alfreton,2.25491,0.55352,2.27356,1.04722,68.778,12.065,19.157
14168494,09/08/2025,Darlington,Chorley,1.26896,1.46015,1.36062,1.45491,33.269,39.642,27.089
14168499,19/08/2025,Darlington,Fylde,0.09493,2.86018,1.23444,4.42061,1.668,93.843,4.489
14168520,25/08/2025,Darlington,Telford,0.82196,1.93496,0.99527,1.71395,19.296,56.396,24.308
14168564,06/09/2025,Darlington,Hereford,2.49199,0.35716,2.44426,0.82968,78.038,6.877,15.085
14168569,20/09/2025,Darlington,Chester,2.1067,0.65467,1.68916,0.73392,62.269,13.868,23.863
14168630,25/10/2025,Darlington,Southport,2.28622,0.46159,1.26534,0.33564,67.801,6.98,25.219
14168656,04/11/2025,Darlington,Worksop,2.3184,0.52011,2.69691,1.17345,71.897,11.954,16.149
14878242,18/11/2025,Darlington,Peterborough,2.39154,0.46644,3.96312,2.2329,74.984,10.814,14.202
14168679,22/11/2025,Darlington,Spennymoor,1.50312,1.15758,0.95103,0.76113,38.794,27.276,33.93
14168689,25/11/2025,Darlington,Curzon Ashton,2.6072,0.25484,2.13036,0.40221,82.308,3.896,13.796
14168727,20/12/2025,Darlington,King's Lynn,0.91315,1.75414,0.58577,1.02978,19.348,47.381,33.271
14168752,30/12/2025,Darlington,South Shields,1.29681,1.42143,1.24898,1.3445,33.835,37.989,28.176
14168787,17/01/2026,Darlington,Alfreton,2.25491,0.55352,2.27356,1.04722,68.778,12.065,19.157
14168823,31/01/2026,Darlington,Merthyr,2.43522,0.41253,2.60631,0.90497,76.099,8.676,15.225
14168494,09/08/2025,Darlington,Chorley,1.26896,1.46015,1.36062,1.45491,33.269,39.642,27.089
14168499,19/08/2025,Darlington,Fylde,0.09493,2.86018,1.23444,4.42061,1.668,93.843,4.489
14168520,25/08/2025,Darlington,Telford,0.82196,1.93496,0.99527,1.71395,19.296,56.396,24.308
14168564,06/09/2025,Darlington,Hereford,2.49199,0.35716,2.44426,0.82968,78.038,6.877,15.085
14168569,20/09/2025,Darlington,Chester,2.1067,0.65467,1.68916,0.73392,62.269,13.868,23.863
14168630,25/10/2025,Darlington,Southport,2.28622,0.46159,1.26534,0.33564,67.801,6.98,25.219
14168656,04/11/2025,Darlington,Worksop,2.3184,0.52011,2.69691,1.17345,71.897,11.954,16.149
14878242,18/11/2025,Darlington,Peterborough,2.39154,0.46644,3.96312,2.2329,74.984,10.814,14.202
14168679,22/11/2025,Darlington,Spennymoor,1.50312,1.15758,0.95103,0.76113,38.794,27.276,33.93
14168689,25/11/2025,Darlington,Curzon Ashton,2.6072,0.25484,2.13036,0.40221,82.308,3.896,13.796
14168727,20/12/2025,Darlington,King's Lynn,0.91315,1.75414,0.58577,1.02978,19.348,47.381,33.271
14168752,30/12/2025,Darlington,South Shields,1.29681,1.42143,1.24898,1.3445,33.835,37.989,28.176
14168787,17/01/2026,Darlington,Alfreton,2.25491,0.55352,2.27356,1.04722,68.778,12.065,19.157
14168823,31/01/2026,Darlington,Merthyr,2.43522,0.41253,2.60631,0.90497,76.099,8.676,15.225
14168895,28/02/2026,Darlington,Bedford,2.45007,0.40422,2.8887,1.18916,76.812,8.617,14.571
14168494,09/08/2025,Darlington,Chorley,1.26896,1.46015,1.36062,1.45491,33.269,39.642,27.089
14168499,19/08/2025,Darlington,Fylde,0.09493,2.86018,1.23444,4.42061,1.668,93.843,4.489
14168520,25/08/2025,Darlington,Telford,0.82196,1.93496,0.99527,1.71395,19.296,56.396,24.308
14168564,06/09/2025,Darlington,Hereford,2.49199,0.35716,2.44426,0.82968,78.038,6.877,15.085
14168569,20/09/2025,Darlington,Chester,2.1067,0.65467,1.68916,0.73392,62.269,13.868,23.863
14168630,25/10/2025,Darlington,Southport,2.28622,0.46159,1.26534,0.33564,67.801,6.98,25.219
14168656,04/11/2025,Darlington,Worksop,2.3184,0.52011,2.69691,1.17345,71.897,11.954,16.149
14878242,18/11/2025,Darlington,Peterborough,2.39154,0.46644,3.96312,2.2329,74.984,10.814,14.202
14168679,22/11/2025,Darlington,Spennymoor,1.50312,1.15758,0.95103,0.76113,38.794,27.276,33.93
14168689,25/11/2025,Darlington,Curzon Ashton,2.6072,0.25484,2.13036,0.40221,82.308,3.896,13.796
14168727,20/12/2025,Darlington,King's Lynn,0.91315,1.75414,0.58577,1.02978,19.348,47.381,33.271
14168752,30/12/2025,Darlington,South Shields,1.29681,1.42143,1.24898,1.3445,33.835,37.989,28.176
14168787,17/01/2026,Darlington,Alfreton,2.25491,0.55352,2.27356,1.04722,68.778,12.065,19.157
14168823,31/01/2026,Darlington,Merthyr,2.43522,0.41253,2.60631,0.90497,76.099,8.676,15.225
14168895,28/02/2026,Darlington,Bedford,2.45007,0.40422,2.8887,1.18916,76.812,8.617,14.571
15341358,03/03/2026,Darlington,Macclesfield,1.09674,1.68846,2.13912,2.58903,29.398,49.122,21.48
14168494,09/08/2025,Darlington,Chorley,1.26896,1.46015,1.36062,1.45491,33.269,39.642,27.089
14168499,19/08/2025,Darlington,Fylde,0.09493,2.86018,1.23444,4.42061,1.668,93.843,4.489
14168520,25/08/2025,Darlington,Telford,0.82196,1.93496,0.99527,1.71395,19.296,56.396,24.308
14168564,06/09/2025,Darlington,Hereford,2.49199,0.35716,2.44426,0.82968,78.038,6.877,15.085
14168569,20/09/2025,Darlington,Chester,2.1067,0.65467,1.68916,0.73392,62.269,13.868,23.863
14168630,25/10/2025,Darlington,Southport,2.28622,0.46159,1.26534,0.33564,67.801,6.98,25.219
14168656,04/11/2025,Darlington,Worksop,2.3184,0.52011,2.69691,1.17345,71.897,11.954,16.149
14878242,18/11/2025,Darlington,Peterborough,2.39154,0.46644,3.96312,2.2329,74.984,10.814,14.202
14168679,22/11/2025,Darlington,Spennymoor,1.50312,1.15758,0.95103,0.76113,38.794,27.276,33.93
14168689,25/11/2025,Darlington,Curzon Ashton,2.6072,0.25484,2.13036,0.40221,82.308,3.896,13.796
14168727,20/12/2025,Darlington,King's Lynn,0.91315,1.75414,0.58577,1.02978,19.348,47.381,33.271
14168752,30/12/2025,Darlington,South Shields,1.29681,1.42143,1.24898,1.3445,33.835,37.989,28.176
14168787,17/01/2026,Darlington,Alfreton,2.25491,0.55352,2.27356,1.04722,68.778,12.065,19.157
14168823,31/01/2026,Darlington,Merthyr,2.43522,0.41253,2.60631,0.90497,76.099,8.676,15.225
14168895,28/02/2026,Darlington,Bedford,2.45007,0.40422,2.8887,1.18916,76.812,8.617,14.571
15341358,03/03/2026,Darlington,Macclesfield,1.09674,1.68846,2.13912,2.58903,29.398,49.122,21.48
14168918,10/03/2026,Darlington,Buxton,2.35022,0.44966,1.8166,0.57698,71.67,8.318,20.012
14168494,09/08/2025,Darlington,Chorley,1.26896,1.46015,1.36062,1.45491,33.269,39.642,27.089
14168499,19/08/2025,Darlington,Fylde,0.09493,2.86018,1.23444,4.42061,1.668,93.843,4.489
14168520,25/08/2025,Darlington,Telford,0.82196,1.93496,0.99527,1.71395,19.296,56.396,24.308
14168564,06/09/2025,Darlington,Hereford,2.49199,0.35716,2.44426,0.82968,78.038,6.877,15.085
14168569,20/09/2025,Darlington,Chester,2.1067,0.65467,1.68916,0.73392,62.269,13.868,23.863
14168630,25/10/2025,Darlington,Southport,2.28622,0.46159,1.26534,0.33564,67.801,6.98,25.219
14168656,04/11/2025,Darlington,Worksop,2.3184,0.52011,2.69691,1.17345,71.897,11.954,16.149
14878242,18/11/2025,Darlington,Peterborough,2.39154,0.46644,3.96312,2.2329,74.984,10.814,14.202
14168679,22/11/2025,Darlington,Spennymoor,1.50312,1.15758,0.95103,0.76113,38.794,27.276,33.93
14168689,25/11/2025,Darlington,Curzon Ashton,2.6072,0.25484,2.13036,0.40221,82.308,3.896,13.796
14168727,20/12/2025,Darlington,King's Lynn,0.91315,1.75414,0.58577,1.02978,19.348,47.381,33.271
14168752,30/12/2025,Darlington,South Shields,1.29681,1.42143,1.24898,1.3445,33.835,37.989,28.176
14168787,17/01/2026,Darlington,Alfreton,2.25491,0.55352,2.27356,1.04722,68.778,12.065,19.157
14168823,31/01/2026,Darlington,Merthyr,2.43522,0.41253,2.60631,0.90497,76.099,8.676,15.225
14168895,28/02/2026,Darlington,Bedford,2.45007,0.40422,2.8887,1.18916,76.812,8.617,14.571
15341358,03/03/2026,Darlington,Macclesfield,1.09674,1.68846,2.13912,2.58903,29.398,49.122,21.48
14168918,10/03/2026,Darlington,Buxton,2.35022,0.44966,1.8166,0.57698,71.67,8.318,20.012
14168931,14/03/2026,Darlington,Leamington,2.9545,0.02788,4.44282,0.61446,97.896,0.342,1.762
14168494,09/08/2025,Darlington,Chorley,1.26896,1.46015,1.36062,1.45491,33.269,39.642,27.089
14168499,19/08/2025,Darlington,Fylde,0.09493,2.86018,1.23444,4.42061,1.668,93.843,4.489
14168520,25/08/2025,Darlington,Telford,0.82196,1.93496,0.99527,1.71395,19.296,56.396,24.308
14168564,06/09/2025,Darlington,Hereford,2.49199,0.35716,2.44426,0.82968,78.038,6.877,15.085
14168569,20/09/2025,Darlington,Chester,2.1067,0.65467,1.68916,0.73392,62.269,13.868,23.863
14168630,25/10/2025,Darlington,Southport,2.28622,0.46159,1.26534,0.33564,67.801,6.98,25.219
14168656,04/11/2025,Darlington,Worksop,2.3184,0.52011,2.69691,1.17345,71.897,11.954,16.149
14878242,18/11/2025,Darlington,Peterborough,2.39154,0.46644,3.96312,2.2329,74.984,10.814,14.202
14168679,22/11/2025,Darlington,Spennymoor,1.50312,1.15758,0.95103,0.76113,38.794,27.276,33.93
14168689,25/11/2025,Darlington,Curzon Ashton,2.6072,0.25484,2.13036,0.40221,82.308,3.896,13.796
14168727,20/12/2025,Darlington,King's Lynn,0.91315,1.75414,0.58577,1.02978,19.348,47.381,33.271
14168752,30/12/2025,Darlington,South Shields,1.29681,1.42143,1.24898,1.3445,33.835,37.989,28.176
14168787,17/01/2026,Darlington,Alfreton,2.25491,0.55352,2.27356,1.04722,68.778,12.065,19.157
14168823,31/01/2026,Darlington,Merthyr,2.43522,0.41253,2.60631,0.90497,76.099,8.676,15.225
14168895,28/02/2026,Darlington,Bedford,2.45007,0.40422,2.8887,1.18916,76.812,8.617,14.571
15341358,03/03/2026,Darlington,Macclesfield,1.09674,1.68846,2.13912,2.58903,29.398,49.122,21.48
14168918,10/03/2026,Darlington,Buxton,2.35022,0.44966,1.8166,0.57698,71.67,8.318,20.012
14168931,14/03/2026,Darlington,Leamington,2.9545,0.02788,4.44282,0.61446,97.896,0.342,1.762
15559405,24/03/2026,Darlington,Kidderminster,1.67736,1.0404,1.54105,1.13513,46.504,25.272,28.224
14168482,09/08/2025,Fylde,Oxford,0.43852,2.39665,1.09437,2.49168,9.123,74.394,16.483
14168482,09/08/2025,Fylde,Oxford,0.43852,2.39665,1.09437,2.49168,9.123,74.394,16.483
14168505,23/08/2025,Fylde,Kidderminster,1.55111,1.11905,1.01691,0.77848,40.709,26.307,32.984
14168482,09/08/2025,Fylde,Oxford,0.43852,2.39665,1.09437,2.49168,9.123,74.394,16.483
14168505,23/08/2025,Fylde,Kidderminster,1.55111,1.11905,1.01691,0.77848,40.709,26.307,32.984
14168532,30/08/2025,Fylde,Bedford,1.88886,0.80703,1.24559,0.63577,52.825,16.764,30.411
14168482,09/08/2025,Fylde,Oxford,0.43852,2.39665,1.09437,2.49168,9.123,74.394,16.483
14168505,23/08/2025,Fylde,Kidderminster,1.55111,1.11905,1.01691,0.77848,40.709,26.307,32.984
14168532,30/08/2025,Fylde,Bedford,1.88886,0.80703,1.24559,0.63577,52.825,16.764,30.411
14168542,02/09/2025,Fylde,Chester,1.64705,1.03988,1.12503,0.79006,44.466,24.227,31.307
14168482,09/08/2025,Fylde,Oxford,0.43852,2.39665,1.09437,2.49168,9.123,74.394,16.483
14168505,23/08/2025,Fylde,Kidderminster,1.55111,1.11905,1.01691,0.77848,40.709,26.307,32.984
14168532,30/08/2025,Fylde,Bedford,1.88886,0.80703,1.24559,0.63577,52.825,16.764,30.411
14168542,02/09/2025,Fylde,Chester,1.64705,1.03988,1.12503,0.79006,44.466,24.227,31.307
14168590,11/10/2025,Fylde,Worksop,0.87557,1.916,1.9557,2.70551,22.238,56.919,20.843
14168482,09/08/2025,Fylde,Oxford,0.43852,2.39665,1.09437,2.49168,9.123,74.394,16.483
14168505,23/08/2025,Fylde,Kidderminster,1.55111,1.11905,1.01691,0.77848,40.709,26.307,32.984
14168532,30/08/2025,Fylde,Bedford,1.88886,0.80703,1.24559,0.63577,52.825,16.764,30.411
14168542,02/09/2025,Fylde,Chester,1.64705,1.03988,1.12503,0.79006,44.466,24.227,31.307
14168590,11/10/2025,Fylde,Worksop,0.87557,1.916,1.9557,2.70551,22.238,56.919,20.843
14168632,25/10/2025,Fylde,Hereford,0.37564,2.48074,1.02794,2.72457,7.734,77.904,14.362
14168482,09/08/2025,Fylde,Oxford,0.43852,2.39665,1.09437,2.49168,9.123,74.394,16.483
14168505,23/08/2025,Fylde,Kidderminster,1.55111,1.11905,1.01691,0.77848,40.709,26.307,32.984
14168532,30/08/2025,Fylde,Bedford,1.88886,0.80703,1.24559,0.63577,52.825,16.764,30.411
14168542,02/09/2025,Fylde,Chester,1.64705,1.03988,1.12503,0.79006,44.466,24.227,31.307
14168590,11/10/2025,Fylde,Worksop,0.87557,1.916,1.9557,2.70551,22.238,56.919,20.843
14168632,25/10/2025,Fylde,Hereford,0.37564,2.48074,1.02794,2.72457,7.734,77.904,14.362
14168649,05/11/2025,Fylde,South Shields,0.81681,1.97583,1.37923,2.25226,20.315,58.949,20.736
14168482,09/08/2025,Fylde,Oxford,0.43852,2.39665,1.09437,2.49168,9.123,74.394,16.483
14168505,23/08/2025,Fylde,Kidderminster,1.55111,1.11905,1.01691,0.77848,40.709,26.307,32.984
14168532,30/08/2025,Fylde,Bedford,1.88886,0.80703,1.24559,0.63577,52.825,16.764,30.411
14168542,02/09/2025,Fylde,Chester,1.64705,1.03988,1.12503,0.79006,44.466,24.227,31.307
14168590,11/10/2025,Fylde,Worksop,0.87557,1.916,1.9557,2.70551,22.238,56.919,20.843
14168632,25/10/2025,Fylde,Hereford,0.37564,2.48074,1.02794,2.72457,7.734,77.904,14.362
14168649,05/11/2025,Fylde,South Shields,0.81681,1.97583,1.37923,2.25226,20.315,58.949,20.736
14168675,22/11/2025,Fylde,Buxton,0.68976,2.04927,0.67685,1.53097,14.293,59.61,26.097
14168482,09/08/2025,Fylde,Oxford,0.43852,2.39665,1.09437,2.49168,9.123,74.394,16.483
14168505,23/08/2025,Fylde,Kidderminster,1.55111,1.11905,1.01691,0.77848,40.709,26.307,32.984
14168532,30/08/2025,Fylde,Bedford,1.88886,0.80703,1.24559,0.63577,52.825,16.764,30.411
14168542,02/09/2025,Fylde,Chester,1.64705,1.03988,1.12503,0.79006,44.466,24.227,31.307
14168590,11/10/2025,Fylde,Worksop,0.87557,1.916,1.9557,2.70551,22.238,56.919,20.843
14168632,25/10/2025,Fylde,Hereford,0.37564,2.48074,1.02794,2.72457,7.734,77.904,14.362
14168649,05/11/2025,Fylde,South Shields,0.81681,1.97583,1.37923,2.25226,20.315,58.949,20.736
14168675,22/11/2025,Fylde,Buxton,0.68976,2.04927,0.67685,1.53097,14.293,59.61,26.097
14168686,25/11/2025,Fylde,Macclesfield,2.57891,0.25937,2.43847,0.79328,80.573,3.255,16.172
14168482,09/08/2025,Fylde,Oxford,0.43852,2.39665,1.09437,2.49168,9.123,74.394,16.483
14168505,23/08/2025,Fylde,Kidderminster,1.55111,1.11905,1.01691,0.77848,40.709,26.307,32.984
14168532,30/08/2025,Fylde,Bedford,1.88886,0.80703,1.24559,0.63577,52.825,16.764,30.411
14168542,02/09/2025,Fylde,Chester,1.64705,1.03988,1.12503,0.79006,44.466,24.227,31.307
14168590,11/10/2025,Fylde,Worksop,0.87557,1.916,1.9557,2.70551,22.238,56.919,20.843
14168632,25/10/2025,Fylde,Hereford,0.37564,2.48074,1.02794,2.72457,7.734,77.904,14.362
14168649,05/11/2025,Fylde,South Shields,0.81681,1.97583,1.37923,2.25226,20.315,58.949,20.736
14168675,22/11/2025,Fylde,Buxton,0.68976,2.04927,0.67685,1.53097,14.293,59.61,26.097
14168686,25/11/2025,Fylde,Macclesfield,2.57891,0.25937,2.43847,0.79328,80.573,3.255,16.172
14168713,06/12/2025,Fylde,Merthyr,1.07466,1.66866,1.36186,1.72953,27.266,47.066,25.668
14168482,09/08/2025,Fylde,Oxford,0.43852,2.39665,1.09437,2.49168,9.123,74.394,16.483
14168505,23/08/2025,Fylde,Kidderminster,1.55111,1.11905,1.01691,0.77848,40.709,26.307,32.984
14168532,30/08/2025,Fylde,Bedford,1.88886,0.80703,1.24559,0.63577,52.825,16.764,30.411
14168542,02/09/2025,Fylde,Chester,1.64705,1.03988,1.12503,0.79006,44.466,24.227,31.307
14168590,11/10/2025,Fylde,Worksop,0.87557,1.916,1.9557,2.70551,22.238,56.919,20.843
14168632,25/10/2025,Fylde,Hereford,0.37564,2.48074,1.02794,2.72457,7.734,77.904,14.362
14168649,05/11/2025,Fylde,South Shields,0.81681,1.97583,1.37923,2.25226,20.315,58.949,20.736
14168675,22/11/2025,Fylde,Buxton,0.68976,2.04927,0.67685,1.53097,14.293,59.61,26.097
14168686,25/11/2025,Fylde,Macclesfield,2.57891,0.25937,2.43847,0.79328,80.573,3.255,16.172
14168713,06/12/2025,Fylde,Merthyr,1.07466,1.66866,1.36186,1.72953,27.266,47.066,25.668
14168734,26/12/2025,Fylde,Chorley,2.52499,0.33412,2.52552,0.84438,79.47,6.441,14.089
14168482,09/08/2025,Fylde,Oxford,0.43852,2.39665,1.09437,2.49168,9.123,74.394,16.483
14168505,23/08/2025,Fylde,Kidderminster,1.55111,1.11905,1.01691,0.77848,40.709,26.307,32.984
14168532,30/08/2025,Fylde,Bedford,1.88886,0.80703,1.24559,0.63577,52.825,16.764,30.411
14168542,02/09/2025,Fylde,Chester,1.64705,1.03988,1.12503,0.79006,44.466,24.227,31.307
14168590,11/10/2025,Fylde,Worksop,0.87557,1.916,1.9557,2.70551,22.238,56.919,20.843
14168632,25/10/2025,Fylde,Hereford,0.37564,2.48074,1.02794,2.72457,7.734,77.904,14.362
14168649,05/11/2025,Fylde,South Shields,0.81681,1.97583,1.37923,2.25226,20.315,58.949,20.736
14168675,22/11/2025,Fylde,Buxton,0.68976,2.04927,0.67685,1.53097,14.293,59.61,26.097
14168686,25/11/2025,Fylde,Macclesfield,2.57891,0.25937,2.43847,0.79328,80.573,3.255,16.172
14168713,06/12/2025,Fylde,Merthyr,1.07466,1.66866,1.36186,1.72953,27.266,47.066,25.668
14168734,26/12/2025,Fylde,Chorley,2.52499,0.33412,2.52552,0.84438,79.47,6.441,14.089
14168782,17/01/2026,Fylde,Scarborough,2.77272,0.13239,2.34535,0.17676,89.261,1.25,9.489
14168482,09/08/2025,Fylde,Oxford,0.43852,2.39665,1.09437,2.49168,9.123,74.394,16.483
14168505,23/08/2025,Fylde,Kidderminster,1.55111,1.11905,1.01691,0.77848,40.709,26.307,32.984
14168532,30/08/2025,Fylde,Bedford,1.88886,0.80703,1.24559,0.63577,52.825,16.764,30.411
14168542,02/09/2025,Fylde,Chester,1.64705,1.03988,1.12503,0.79006,44.466,24.227,31.307
14168590,11/10/2025,Fylde,Worksop,0.87557,1.916,1.9557,2.70551,22.238,56.919,20.843
14168632,25/10/2025,Fylde,Hereford,0.37564,2.48074,1.02794,2.72457,7.734,77.904,14.362
14168649,05/11/2025,Fylde,South Shields,0.81681,1.97583,1.37923,2.25226,20.315,58.949,20.736
14168675,22/11/2025,Fylde,Buxton,0.68976,2.04927,0.67685,1.53097,14.293,59.61,26.097
14168686,25/11/2025,Fylde,Macclesfield,2.57891,0.25937,2.43847,0.79328,80.573,3.255,16.172
14168713,06/12/2025,Fylde,Merthyr,1.07466,1.66866,1.36186,1.72953,27.266,47.066,25.668
14168734,26/12/2025,Fylde,Chorley,2.52499,0.33412,2.52552,0.84438,79.47,6.441,14.089
14168782,17/01/2026,Fylde,Scarborough,2.77272,0.13239,2.34535,0.17676,89.261,1.25,9.489
15322125,03/02/2026,Fylde,Peterborough,2.55958,0.31381,3.11557,1.15459,81.099,6.24,12.661
14168482,09/08/2025,Fylde,Oxford,0.43852,2.39665,1.09437,2.49168,9.123,74.394,16.483
14168505,23/08/2025,Fylde,Kidderminster,1.55111,1.11905,1.01691,0.77848,40.709,26.307,32.984
14168532,30/08/2025,Fylde,Bedford,1.88886,0.80703,1.24559,0.63577,52.825,16.764,30.411
14168542,02/09/2025,Fylde,Chester,1.64705,1.03988,1.12503,0.79006,44.466,24.227,31.307
14168590,11/10/2025,Fylde,Worksop,0.87557,1.916,1.9557,2.70551,22.238,56.919,20.843
14168632,25/10/2025,Fylde,Hereford,0.37564,2.48074,1.02794,2.72457,7.734,77.904,14.362
14168649,05/11/2025,Fylde,South Shields,0.81681,1.97583,1.37923,2.25226,20.315,58.949,20.736
14168675,22/11/2025,Fylde,Buxton,0.68976,2.04927,0.67685,1.53097,14.293,59.61,26.097
14168686,25/11/2025,Fylde,Macclesfield,2.57891,0.25937,2.43847,0.79328,80.573,3.255,16.172
14168713,06/12/2025,Fylde,Merthyr,1.07466,1.66866,1.36186,1.72953,27.266,47.066,25.668
14168734,26/12/2025,Fylde,Chorley,2.52499,0.33412,2.52552,0.84438,79.47,6.441,14.089
14168782,17/01/2026,Fylde,Scarborough,2.77272,0.13239,2.34535,0.17676,89.261,1.25,9.489
15322125,03/02/2026,Fylde,Peterborough,2.55958,0.31381,3.11557,1.15459,81.099,6.24,12.661
14168857,10/02/2026,Fylde,Spennymoor,2.66723,0.21116,2.2783,0.34409,84.854,2.985,12.161
14168482,09/08/2025,Fylde,Oxford,0.43852,2.39665,1.09437,2.49168,9.123,74.394,16.483
14168505,23/08/2025,Fylde,Kidderminster,1.55111,1.11905,1.01691,0.77848,40.709,26.307,32.984
14168532,30/08/2025,Fylde,Bedford,1.88886,0.80703,1.24559,0.63577,52.825,16.764,30.411
14168542,02/09/2025,Fylde,Chester,1.64705,1.03988,1.12503,0.79006,44.466,24.227,31.307
14168590,11/10/2025,Fylde,Worksop,0.87557,1.916,1.9557,2.70551,22.238,56.919,20.843
14168632,25/10/2025,Fylde,Hereford,0.37564,2.48074,1.02794,2.72457,7.734,77.904,14.362
14168649,05/11/2025,Fylde,South Shields,0.81681,1.97583,1.37923,2.25226,20.315,58.949,20.736
14168675,22/11/2025,Fylde,Buxton,0.68976,2.04927,0.67685,1.53097,14.293,59.61,26.097
14168686,25/11/2025,Fylde,Macclesfield,2.57891,0.25937,2.43847,0.79328,80.573,3.255,16.172
14168713,06/12/2025,Fylde,Merthyr,1.07466,1.66866,1.36186,1.72953,27.266,47.066,25.668
14168734,26/12/2025,Fylde,Chorley,2.52499,0.33412,2.52552,0.84438,79.47,6.441,14.089
14168782,17/01/2026,Fylde,Scarborough,2.77272,0.13239,2.34535,0.17676,89.261,1.25,9.489
15322125,03/02/2026,Fylde,Peterborough,2.55958,0.31381,3.11557,1.15459,81.099,6.24,12.661
14168857,10/02/2026,Fylde,Spennymoor,2.66723,0.21116,2.2783,0.34409,84.854,2.985,12.161
14168889,28/02/2026,Fylde,Curzon Ashton,2.43452,0.41099,2.48743,0.82384,76.001,8.55,15.449
14168482,09/08/2025,Fylde,Oxford,0.43852,2.39665,1.09437,2.49168,9.123,74.394,16.483
14168505,23/08/2025,Fylde,Kidderminster,1.55111,1.11905,1.01691,0.77848,40.709,26.307,32.984
14168532,30/08/2025,Fylde,Bedford,1.88886,0.80703,1.24559,0.63577,52.825,16.764,30.411
14168542,02/09/2025,Fylde,Chester,1.64705,1.03988,1.12503,0.79006,44.466,24.227,31.307
14168590,11/10/2025,Fylde,Worksop,0.87557,1.916,1.9557,2.70551,22.238,56.919,20.843
14168632,25/10/2025,Fylde,Hereford,0.37564,2.48074,1.02794,2.72457,7.734,77.904,14.362
14168649,05/11/2025,Fylde,South Shields,0.81681,1.97583,1.37923,2.25226,20.315,58.949,20.736
14168675,22/11/2025,Fylde,Buxton,0.68976,2.04927,0.67685,1.53097,14.293,59.61,26.097
14168686,25/11/2025,Fylde,Macclesfield,2.57891,0.25937,2.43847,0.79328,80.573,3.255,16.172
14168713,06/12/2025,Fylde,Merthyr,1.07466,1.66866,1.36186,1.72953,27.266,47.066,25.668
14168734,26/12/2025,Fylde,Chorley,2.52499,0.33412,2.52552,0.84438,79.47,6.441,14.089
14168782,17/01/2026,Fylde,Scarborough,2.77272,0.13239,2.34535,0.17676,89.261,1.25,9.489
15322125,03/02/2026,Fylde,Peterborough,2.55958,0.31381,3.11557,1.15459,81.099,6.24,12.661
14168857,10/02/2026,Fylde,Spennymoor,2.66723,0.21116,2.2783,0.34409,84.854,2.985,12.161
14168889,28/02/2026,Fylde,Curzon Ashton,2.43452,0.41099,2.48743,0.82384,76.001,8.55,15.449
14168914,10/03/2026,Fylde,Telford,2.44933,0.41434,2.95688,1.11962,77.1,9.267,13.633
14168482,09/08/2025,Fylde,Oxford,0.43852,2.39665,1.09437,2.49168,9.123,74.394,16.483
14168505,23/08/2025,Fylde,Kidderminster,1.55111,1.11905,1.01691,0.77848,40.709,26.307,32.984
14168532,30/08/2025,Fylde,Bedford,1.88886,0.80703,1.24559,0.63577,52.825,16.764,30.411
14168542,02/09/2025,Fylde,Chester,1.64705,1.03988,1.12503,0.79006,44.466,24.227,31.307
14168590,11/10/2025,Fylde,Worksop,0.87557,1.916,1.9557,2.70551,22.238,56.919,20.843
14168632,25/10/2025,Fylde,Hereford,0.37564,2.48074,1.02794,2.72457,7.734,77.904,14.362
14168649,05/11/2025,Fylde,South Shields,0.81681,1.97583,1.37923,2.25226,20.315,58.949,20.736
14168675,22/11/2025,Fylde,Buxton,0.68976,2.04927,0.67685,1.53097,14.293,59.61,26.097
14168686,25/11/2025,Fylde,Macclesfield,2.57891,0.25937,2.43847,0.79328,80.573,3.255,16.172
14168713,06/12/2025,Fylde,Merthyr,1.07466,1.66866,1.36186,1.72953,27.266,47.066,25.668
14168734,26/12/2025,Fylde,Chorley,2.52499,0.33412,2.52552,0.84438,79.47,6.441,14.089
14168782,17/01/2026,Fylde,Scarborough,2.77272,0.13239,2.34535,0.17676,89.261,1.25,9.489
15322125,03/02/2026,Fylde,Peterborough,2.55958,0.31381,3.11557,1.15459,81.099,6.24,12.661
14168857,10/02/2026,Fylde,Spennymoor,2.66723,0.21116,2.2783,0.34409,84.854,2.985,12.161
14168889,28/02/2026,Fylde,Curzon Ashton,2.43452,0.41099,2.48743,0.82384,76.001,8.55,15.449
14168914,10/03/2026,Fylde,Telford,2.44933,0.41434,2.95688,1.11962,77.1,9.267,13.633
14168951,28/03/2026,Fylde,Darlington,1.6731,1.09938,2.11858,1.7077,48.186,29.062,22.752
14168482,09/08/2025,Fylde,Oxford,0.43852,2.39665,1.09437,2.49168,9.123,74.394,16.483
14168505,23/08/2025,Fylde,Kidderminster,1.55111,1.11905,1.01691,0.77848,40.709,26.307,32.984
14168532,30/08/2025,Fylde,Bedford,1.88886,0.80703,1.24559,0.63577,52.825,16.764,30.411
14168542,02/09/2025,Fylde,Chester,1.64705,1.03988,1.12503,0.79006,44.466,24.227,31.307
14168590,11/10/2025,Fylde,Worksop,0.87557,1.916,1.9557,2.70551,22.238,56.919,20.843
14168632,25/10/2025,Fylde,Hereford,0.37564,2.48074,1.02794,2.72457,7.734,77.904,14.362
14168649,05/11/2025,Fylde,South Shields,0.81681,1.97583,1.37923,2.25226,20.315,58.949,20.736
14168675,22/11/2025,Fylde,Buxton,0.68976,2.04927,0.67685,1.53097,14.293,59.61,26.097
14168686,25/11/2025,Fylde,Macclesfield,2.57891,0.25937,2.43847,0.79328,80.573,3.255,16.172
14168713,06/12/2025,Fylde,Merthyr,1.07466,1.66866,1.36186,1.72953,27.266,47.066,25.668
14168734,26/12/2025,Fylde,Chorley,2.52499,0.33412,2.52552,0.84438,79.47,6.441,14.089
14168782,17/01/2026,Fylde,Scarborough,2.77272,0.13239,2.34535,0.17676,89.261,1.25,9.489
15322125,03/02/2026,Fylde,Peterborough,2.55958,0.31381,3.11557,1.15459,81.099,6.24,12.661
14168857,10/02/2026,Fylde,Spennymoor,2.66723,0.21116,2.2783,0.34409,84.854,2.985,12.161
14168889,28/02/2026,Fylde,Curzon Ashton,2.43452,0.41099,2.48743,0.82384,76.001,8.55,15.449
14168914,10/03/2026,Fylde,Telford,2.44933,0.41434,2.95688,1.11962,77.1,9.267,13.633
14168951,28/03/2026,Fylde,Darlington,1.6731,1.09938,2.11858,1.7077,48.186,29.062,22.752
15864927,31/03/2026,Fylde,Marine,1.89818,0.84116,1.74984,1.05883,54.584,19.35,26.066
14168479,16/08/2025,Hereford,King's Lynn,0.6735,2.10522,0.92276,1.90732,15.074,62.798,22.128
14168479,16/08/2025,Hereford,King's Lynn,0.6735,2.10522,0.92276,1.90732,15.074,62.798,22.128
14168506,23/08/2025,Hereford,Chorley,1.18924,1.5955,2.3698,2.66206,32.466,46.008,21.526
14168479,16/08/2025,Hereford,King's Lynn,0.6735,2.10522,0.92276,1.90732,15.074,62.798,22.128
14168506,23/08/2025,Hereford,Chorley,1.18924,1.5955,2.3698,2.66206,32.466,46.008,21.526
14168531,30/08/2025,Hereford,Alfreton,1.90412,0.79514,1.30231,0.63979,53.446,16.48,30.074
14168479,16/08/2025,Hereford,King's Lynn,0.6735,2.10522,0.92276,1.90732,15.074,62.798,22.128
14168506,23/08/2025,Hereford,Chorley,1.18924,1.5955,2.3698,2.66206,32.466,46.008,21.526
14168531,30/08/2025,Hereford,Alfreton,1.90412,0.79514,1.30231,0.63979,53.446,16.48,30.074
14168545,02/09/2025,Hereford,Bedford,2.20726,0.60703,2.32066,1.06637,67.385,14.044,18.571
14168479,16/08/2025,Hereford,King's Lynn,0.6735,2.10522,0.92276,1.90732,15.074,62.798,22.128
14168506,23/08/2025,Hereford,Chorley,1.18924,1.5955,2.3698,2.66206,32.466,46.008,21.526
14168531,30/08/2025,Hereford,Alfreton,1.90412,0.79514,1.30231,0.63979,53.446,16.48,30.074
14168545,02/09/2025,Hereford,Bedford,2.20726,0.60703,2.32066,1.06637,67.385,14.044,18.571
14168571,20/09/2025,Hereford,Worksop,2.04805,0.76786,2.70826,1.62453,62.132,19.459,18.409
14168479,16/08/2025,Hereford,King's Lynn,0.6735,2.10522,0.92276,1.90732,15.074,62.798,22.128
14168506,23/08/2025,Hereford,Chorley,1.18924,1.5955,2.3698,2.66206,32.466,46.008,21.526
14168531,30/08/2025,Hereford,Alfreton,1.90412,0.79514,1.30231,0.63979,53.446,16.48,30.074
14168545,02/09/2025,Hereford,Bedford,2.20726,0.60703,2.32066,1.06637,67.385,14.044,18.571
14168571,20/09/2025,Hereford,Worksop,2.04805,0.76786,2.70826,1.62453,62.132,19.459,18.409
14168613,21/10/2025,Hereford,Telford,0.16137,2.74926,0.45742,2.6613,2.4,88.663,8.937
14168479,16/08/2025,Hereford,King's Lynn,0.6735,2.10522,0.92276,1.90732,15.074,62.798,22.128
14168506,23/08/2025,Hereford,Chorley,1.18924,1.5955,2.3698,2.66206,32.466,46.008,21.526
14168531,30/08/2025,Hereford,Alfreton,1.90412,0.79514,1.30231,0.63979,53.446,16.48,30.074
14168545,02/09/2025,Hereford,Bedford,2.20726,0.60703,2.32066,1.06637,67.385,14.044,18.571
14168571,20/09/2025,Hereford,Worksop,2.04805,0.76786,2.70826,1.62453,62.132,19.459,18.409
14168613,21/10/2025,Hereford,Telford,0.16137,2.74926,0.45742,2.6613,2.4,88.663,8.937
14168641,01/11/2025,Hereford,Curzon Ashton,1.01516,1.70534,1.05837,1.50311,24.522,47.528,27.95
14168479,16/08/2025,Hereford,King's Lynn,0.6735,2.10522,0.92276,1.90732,15.074,62.798,22.128
14168506,23/08/2025,Hereford,Chorley,1.18924,1.5955,2.3698,2.66206,32.466,46.008,21.526
14168531,30/08/2025,Hereford,Alfreton,1.90412,0.79514,1.30231,0.63979,53.446,16.48,30.074
14168545,02/09/2025,Hereford,Bedford,2.20726,0.60703,2.32066,1.06637,67.385,14.044,18.571
14168571,20/09/2025,Hereford,Worksop,2.04805,0.76786,2.70826,1.62453,62.132,19.459,18.409
14168613,21/10/2025,Hereford,Telford,0.16137,2.74926,0.45742,2.6613,2.4,88.663,8.937
14168641,01/11/2025,Hereford,Curzon Ashton,1.01516,1.70534,1.05837,1.50311,24.522,47.528,27.95
14168663,08/11/2025,Hereford,Southport,0.8933,1.79609,0.76592,1.20841,19.423,49.516,31.061
14168479,16/08/2025,Hereford,King's Lynn,0.6735,2.10522,0.92276,1.90732,15.074,62.798,22.128
14168506,23/08/2025,Hereford,Chorley,1.18924,1.5955,2.3698,2.66206,32.466,46.008,21.526
14168531,30/08/2025,Hereford,Alfreton,1.90412,0.79514,1.30231,0.63979,53.446,16.48,30.074
14168545,02/09/2025,Hereford,Bedford,2.20726,0.60703,2.32066,1.06637,67.385,14.044,18.571
14168571,20/09/2025,Hereford,Worksop,2.04805,0.76786,2.70826,1.62453,62.132,19.459,18.409
14168613,21/10/2025,Hereford,Telford,0.16137,2.74926,0.45742,2.6613,2.4,88.663,8.937
14168641,01/11/2025,Hereford,Curzon Ashton,1.01516,1.70534,1.05837,1.50311,24.522,47.528,27.95
14168663,08/11/2025,Hereford,Southport,0.8933,1.79609,0.76592,1.20841,19.423,49.516,31.061
15261863,17/02/2026,Hereford,Darlington,1.59809,1.12016,1.48665,1.25532,43.878,27.947,28.175
14168479,16/08/2025,Hereford,King's Lynn,0.6735,2.10522,0.92276,1.90732,15.074,62.798,22.128
14168506,23/08/2025,Hereford,Chorley,1.18924,1.5955,2.3698,2.66206,32.466,46.008,21.526
14168531,30/08/2025,Hereford,Alfreton,1.90412,0.79514,1.30231,0.63979,53.446,16.48,30.074
14168545,02/09/2025,Hereford,Bedford,2.20726,0.60703,2.32066,1.06637,67.385,14.044,18.571
14168571,20/09/2025,Hereford,Worksop,2.04805,0.76786,2.70826,1.62453,62.132,19.459,18.409
14168613,21/10/2025,Hereford,Telford,0.16137,2.74926,0.45742,2.6613,2.4,88.663,8.937
14168641,01/11/2025,Hereford,Curzon Ashton,1.01516,1.70534,1.05837,1.50311,24.522,47.528,27.95
14168663,08/11/2025,Hereford,Southport,0.8933,1.79609,0.76592,1.20841,19.423,49.516,31.061
15261863,17/02/2026,Hereford,Darlington,1.59809,1.12016,1.48665,1.25532,43.878,27.947,28.175
14168870,21/02/2026,Hereford,Scarborough,1.33353,1.35699,1.22334,1.23612,34.135,34.917,30.948
14168479,16/08/2025,Hereford,King's Lynn,0.6735,2.10522,0.92276,1.90732,15.074,62.798,22.128
14168506,23/08/2025,Hereford,Chorley,1.18924,1.5955,2.3698,2.66206,32.466,46.008,21.526
14168531,30/08/2025,Hereford,Alfreton,1.90412,0.79514,1.30231,0.63979,53.446,16.48,30.074
14168545,02/09/2025,Hereford,Bedford,2.20726,0.60703,2.32066,1.06637,67.385,14.044,18.571
14168571,20/09/2025,Hereford,Worksop,2.04805,0.76786,2.70826,1.62453,62.132,19.459,18.409
14168613,21/10/2025,Hereford,Telford,0.16137,2.74926,0.45742,2.6613,2.4,88.663,8.937
14168641,01/11/2025,Hereford,Curzon Ashton,1.01516,1.70534,1.05837,1.50311,24.522,47.528,27.95
14168663,08/11/2025,Hereford,Southport,0.8933,1.79609,0.76592,1.20841,19.423,49.516,31.061
15261863,17/02/2026,Hereford,Darlington,1.59809,1.12016,1.48665,1.25532,43.878,27.947,28.175
14168870,21/02/2026,Hereford,Scarborough,1.33353,1.35699,1.22334,1.23612,34.135,34.917,30.948
14168882,24/02/2026,Hereford,Chester,1.46155,1.30432,2.64799,2.52011,40.914,35.673,23.413
14168479,16/08/2025,Hereford,King's Lynn,0.6735,2.10522,0.92276,1.90732,15.074,62.798,22.128
14168506,23/08/2025,Hereford,Chorley,1.18924,1.5955,2.3698,2.66206,32.466,46.008,21.526
14168531,30/08/2025,Hereford,Alfreton,1.90412,0.79514,1.30231,0.63979,53.446,16.48,30.074
14168545,02/09/2025,Hereford,Bedford,2.20726,0.60703,2.32066,1.06637,67.385,14.044,18.571
14168571,20/09/2025,Hereford,Worksop,2.04805,0.76786,2.70826,1.62453,62.132,19.459,18.409
14168613,21/10/2025,Hereford,Telford,0.16137,2.74926,0.45742,2.6613,2.4,88.663,8.937
14168641,01/11/2025,Hereford,Curzon Ashton,1.01516,1.70534,1.05837,1.50311,24.522,47.528,27.95
14168663,08/11/2025,Hereford,Southport,0.8933,1.79609,0.76592,1.20841,19.423,49.516,31.061
15261863,17/02/2026,Hereford,Darlington,1.59809,1.12016,1.48665,1.25532,43.878,27.947,28.175
14168870,21/02/2026,Hereford,Scarborough,1.33353,1.35699,1.22334,1.23612,34.135,34.917,30.948
14168882,24/02/2026,Hereford,Chester,1.46155,1.30432,2.64799,2.52011,40.914,35.673,23.413
14168920,10/03/2026,Hereford,Leamington,2.74116,0.18414,3.70215,1.04577,88.882,3.648,7.47
14168479,16/08/2025,Hereford,King's Lynn,0.6735,2.10522,0.92276,1.90732,15.074,62.798,22.128
14168506,23/08/2025,Hereford,Chorley,1.18924,1.5955,2.3698,2.66206,32.466,46.008,21.526
14168531,30/08/2025,Hereford,Alfreton,1.90412,0.79514,1.30231,0.63979,53.446,16.48,30.074
14168545,02/09/2025,Hereford,Bedford,2.20726,0.60703,2.32066,1.06637,67.385,14.044,18.571
14168571,20/09/2025,Hereford,Worksop,2.04805,0.76786,2.70826,1.62453,62.132,19.459,18.409
14168613,21/10/2025,Hereford,Telford,0.16137,2.74926,0.45742,2.6613,2.4,88.663,8.937
14168641,01/11/2025,Hereford,Curzon Ashton,1.01516,1.70534,1.05837,1.50311,24.522,47.528,27.95
14168663,08/11/2025,Hereford,Southport,0.8933,1.79609,0.76592,1.20841,19.423,49.516,31.061
15261863,17/02/2026,Hereford,Darlington,1.59809,1.12016,1.48665,1.25532,43.878,27.947,28.175
14168870,21/02/2026,Hereford,Scarborough,1.33353,1.35699,1.22334,1.23612,34.135,34.917,30.948
14168882,24/02/2026,Hereford,Chester,1.46155,1.30432,2.64799,2.52011,40.914,35.673,23.413
14168920,10/03/2026,Hereford,Leamington,2.74116,0.18414,3.70215,1.04577,88.882,3.648,7.47
14168932,14/03/2026,Hereford,South Shields,0.40184,2.45537,1.09667,2.84573,8.635,77.086,14.279
14168479,16/08/2025,Hereford,King's Lynn,0.6735,2.10522,0.92276,1.90732,15.074,62.798,22.128
14168506,23/08/2025,Hereford,Chorley,1.18924,1.5955,2.3698,2.66206,32.466,46.008,21.526
14168531,30/08/2025,Hereford,Alfreton,1.90412,0.79514,1.30231,0.63979,53.446,16.48,30.074
14168545,02/09/2025,Hereford,Bedford,2.20726,0.60703,2.32066,1.06637,67.385,14.044,18.571
14168571,20/09/2025,Hereford,Worksop,2.04805,0.76786,2.70826,1.62453,62.132,19.459,18.409
14168613,21/10/2025,Hereford,Telford,0.16137,2.74926,0.45742,2.6613,2.4,88.663,8.937
14168641,01/11/2025,Hereford,Curzon Ashton,1.01516,1.70534,1.05837,1.50311,24.522,47.528,27.95
14168663,08/11/2025,Hereford,Southport,0.8933,1.79609,0.76592,1.20841,19.423,49.516,31.061
15261863,17/02/2026,Hereford,Darlington,1.59809,1.12016,1.48665,1.25532,43.878,27.947,28.175
14168870,21/02/2026,Hereford,Scarborough,1.33353,1.35699,1.22334,1.23612,34.135,34.917,30.948
14168882,24/02/2026,Hereford,Chester,1.46155,1.30432,2.64799,2.52011,40.914,35.673,23.413
14168920,10/03/2026,Hereford,Leamington,2.74116,0.18414,3.70215,1.04577,88.882,3.648,7.47
14168932,14/03/2026,Hereford,South Shields,0.40184,2.45537,1.09667,2.84573,8.635,77.086,14.279
15519409,17/03/2026,Hereford,Fylde,0.3735,2.47719,0.88238,2.54379,7.473,77.596,14.931
14168479,16/08/2025,Hereford,King's Lynn,0.6735,2.10522,0.92276,1.90732,15.074,62.798,22.128
14168506,23/08/2025,Hereford,Chorley,1.18924,1.5955,2.3698,2.66206,32.466,46.008,21.526
14168531,30/08/2025,Hereford,Alfreton,1.90412,0.79514,1.30231,0.63979,53.446,16.48,30.074
14168545,02/09/2025,Hereford,Bedford,2.20726,0.60703,2.32066,1.06637,67.385,14.044,18.571
14168571,20/09/2025,Hereford,Worksop,2.04805,0.76786,2.70826,1.62453,62.132,19.459,18.409
14168613,21/10/2025,Hereford,Telford,0.16137,2.74926,0.45742,2.6613,2.4,88.663,8.937
14168641,01/11/2025,Hereford,Curzon Ashton,1.01516,1.70534,1.05837,1.50311,24.522,47.528,27.95
14168663,08/11/2025,Hereford,Southport,0.8933,1.79609,0.76592,1.20841,19.423,49.516,31.061
15261863,17/02/2026,Hereford,Darlington,1.59809,1.12016,1.48665,1.25532,43.878,27.947,28.175
14168870,21/02/2026,Hereford,Scarborough,1.33353,1.35699,1.22334,1.23612,34.135,34.917,30.948
14168882,24/02/2026,Hereford,Chester,1.46155,1.30432,2.64799,2.52011,40.914,35.673,23.413
14168920,10/03/2026,Hereford,Leamington,2.74116,0.18414,3.70215,1.04577,88.882,3.648,7.47
14168932,14/03/2026,Hereford,South Shields,0.40184,2.45537,1.09667,2.84573,8.635,77.086,14.279
15519409,17/03/2026,Hereford,Fylde,0.3735,2.47719,0.88238,2.54379,7.473,77.596,14.931
15447029,24/03/2026,Hereford,Spennymoor,1.69123,1.03762,1.5411,1.14348,47.336,25.549,27.115
14168479,16/08/2025,Hereford,King's Lynn,0.6735,2.10522,0.92276,1.90732,15.074,62.798,22.128
14168506,23/08/2025,Hereford,Chorley,1.18924,1.5955,2.3698,2.66206,32.466,46.008,21.526
14168531,30/08/2025,Hereford,Alfreton,1.90412,0.79514,1.30231,0.63979,53.446,16.48,30.074
14168545,02/09/2025,Hereford,Bedford,2.20726,0.60703,2.32066,1.06637,67.385,14.044,18.571
14168571,20/09/2025,Hereford,Worksop,2.04805,0.76786,2.70826,1.62453,62.132,19.459,18.409
14168613,21/10/2025,Hereford,Telford,0.16137,2.74926,0.45742,2.6613,2.4,88.663,8.937
14168641,01/11/2025,Hereford,Curzon Ashton,1.01516,1.70534,1.05837,1.50311,24.522,47.528,27.95
14168663,08/11/2025,Hereford,Southport,0.8933,1.79609,0.76592,1.20841,19.423,49.516,31.061
15261863,17/02/2026,Hereford,Darlington,1.59809,1.12016,1.48665,1.25532,43.878,27.947,28.175
14168870,21/02/2026,Hereford,Scarborough,1.33353,1.35699,1.22334,1.23612,34.135,34.917,30.948
14168882,24/02/2026,Hereford,Chester,1.46155,1.30432,2.64799,2.52011,40.914,35.673,23.413
14168920,10/03/2026,Hereford,Leamington,2.74116,0.18414,3.70215,1.04577,88.882,3.648,7.47
14168932,14/03/2026,Hereford,South Shields,0.40184,2.45537,1.09667,2.84573,8.635,77.086,14.279
15519409,17/03/2026,Hereford,Fylde,0.3735,2.47719,0.88238,2.54379,7.473,77.596,14.931
15447029,24/03/2026,Hereford,Spennymoor,1.69123,1.03762,1.5411,1.14348,47.336,25.549,27.115
14168953,28/03/2026,Hereford,Buxton,0.59732,2.16308,0.62876,1.57687,11.924,64.116,23.96
14168479,16/08/2025,Hereford,King's Lynn,0.6735,2.10522,0.92276,1.90732,15.074,62.798,22.128
14168506,23/08/2025,Hereford,Chorley,1.18924,1.5955,2.3698,2.66206,32.466,46.008,21.526
14168531,30/08/2025,Hereford,Alfreton,1.90412,0.79514,1.30231,0.63979,53.446,16.48,30.074
14168545,02/09/2025,Hereford,Bedford,2.20726,0.60703,2.32066,1.06637,67.385,14.044,18.571
14168571,20/09/2025,Hereford,Worksop,2.04805,0.76786,2.70826,1.62453,62.132,19.459,18.409
14168613,21/10/2025,Hereford,Telford,0.16137,2.74926,0.45742,2.6613,2.4,88.663,8.937
14168641,01/11/2025,Hereford,Curzon Ashton,1.01516,1.70534,1.05837,1.50311,24.522,47.528,27.95
14168663,08/11/2025,Hereford,Southport,0.8933,1.79609,0.76592,1.20841,19.423,49.516,31.061
15261863,17/02/2026,Hereford,Darlington,1.59809,1.12016,1.48665,1.25532,43.878,27.947,28.175
14168870,21/02/2026,Hereford,Scarborough,1.33353,1.35699,1.22334,1.23612,34.135,34.917,30.948
14168882,24/02/2026,Hereford,Chester,1.46155,1.30432,2.64799,2.52011,40.914,35.673,23.413
14168920,10/03/2026,Hereford,Leamington,2.74116,0.18414,3.70215,1.04577,88.882,3.648,7.47
14168932,14/03/2026,Hereford,South Shields,0.40184,2.45537,1.09667,2.84573,8.635,77.086,14.279
15519409,17/03/2026,Hereford,Fylde,0.3735,2.47719,0.88238,2.54379,7.473,77.596,14.931
15447029,24/03/2026,Hereford,Spennymoor,1.69123,1.03762,1.5411,1.14348,47.336,25.549,27.115
14168953,28/03/2026,Hereford,Buxton,0.59732,2.16308,0.62876,1.57687,11.924,64.116,23.96
15399968,31/03/2026,Hereford,Macclesfield,0.23479,2.60155,0.16352,1.73875,2.371,81.263,16.366
14168474,09/08/2025,Kidderminster,Scarborough,2.29338,0.45948,1.40186,0.35545,68.208,7.078,24.714
14168474,09/08/2025,Kidderminster,Scarborough,2.29338,0.45948,1.40186,0.35545,68.208,7.078,24.714
14168500,19/08/2025,Kidderminster,Oxford,1.63132,1.04623,1.0834,0.74523,43.629,24.126,32.245
14168474,09/08/2025,Kidderminster,Scarborough,2.29338,0.45948,1.40186,0.35545,68.208,7.078,24.714
14168500,19/08/2025,Kidderminster,Oxford,1.63132,1.04623,1.0834,0.74523,43.629,24.126,32.245
14168524,25/08/2025,Kidderminster,Leamington,1.85191,0.84181,1.32403,0.71532,51.521,17.851,30.628
14168474,09/08/2025,Kidderminster,Scarborough,2.29338,0.45948,1.40186,0.35545,68.208,7.078,24.714
14168500,19/08/2025,Kidderminster,Oxford,1.63132,1.04623,1.0834,0.74523,43.629,24.126,32.245
14168524,25/08/2025,Kidderminster,Leamington,1.85191,0.84181,1.32403,0.71532,51.521,17.851,30.628
14168561,06/09/2025,Kidderminster,Macclesfield,0.93491,1.75721,0.73853,1.17487,20.901,48.311,30.788
14168474,09/08/2025,Kidderminster,Scarborough,2.29338,0.45948,1.40186,0.35545,68.208,7.078,24.714
14168500,19/08/2025,Kidderminster,Oxford,1.63132,1.04623,1.0834,0.74523,43.629,24.126,32.245
14168524,25/08/2025,Kidderminster,Leamington,1.85191,0.84181,1.32403,0.71532,51.521,17.851,30.628
14168561,06/09/2025,Kidderminster,Macclesfield,0.93491,1.75721,0.73853,1.17487,20.901,48.311,30.788
14168575,20/09/2025,Kidderminster,Buxton,1.47151,1.22572,1.28145,1.14762,38.958,30.765,30.277
14168474,09/08/2025,Kidderminster,Scarborough,2.29338,0.45948,1.40186,0.35545,68.208,7.078,24.714
14168500,19/08/2025,Kidderminster,Oxford,1.63132,1.04623,1.0834,0.74523,43.629,24.126,32.245
14168524,25/08/2025,Kidderminster,Leamington,1.85191,0.84181,1.32403,0.71532,51.521,17.851,30.628
14168561,06/09/2025,Kidderminster,Macclesfield,0.93491,1.75721,0.73853,1.17487,20.901,48.311,30.788
14168575,20/09/2025,Kidderminster,Buxton,1.47151,1.22572,1.28145,1.14762,38.958,30.765,30.277
14168597,11/10/2025,Kidderminster,Radcliffe,0.78955,1.96969,1.1285,1.89313,18.293,57.631,24.076
14168474,09/08/2025,Kidderminster,Scarborough,2.29338,0.45948,1.40186,0.35545,68.208,7.078,24.714
14168500,19/08/2025,Kidderminster,Oxford,1.63132,1.04623,1.0834,0.74523,43.629,24.126,32.245
14168524,25/08/2025,Kidderminster,Leamington,1.85191,0.84181,1.32403,0.71532,51.521,17.851,30.628
14168561,06/09/2025,Kidderminster,Macclesfield,0.93491,1.75721,0.73853,1.17487,20.901,48.311,30.788
14168575,20/09/2025,Kidderminster,Buxton,1.47151,1.22572,1.28145,1.14762,38.958,30.765,30.277
14168597,11/10/2025,Kidderminster,Radcliffe,0.78955,1.96969,1.1285,1.89313,18.293,57.631,24.076
14168633,25/10/2025,Kidderminster,Spennymoor,2.1294,0.60324,1.40407,0.46441,62.068,11.196,26.736
14168474,09/08/2025,Kidderminster,Scarborough,2.29338,0.45948,1.40186,0.35545,68.208,7.078,24.714
14168500,19/08/2025,Kidderminster,Oxford,1.63132,1.04623,1.0834,0.74523,43.629,24.126,32.245
14168524,25/08/2025,Kidderminster,Leamington,1.85191,0.84181,1.32403,0.71532,51.521,17.851,30.628
14168561,06/09/2025,Kidderminster,Macclesfield,0.93491,1.75721,0.73853,1.17487,20.901,48.311,30.788
14168575,20/09/2025,Kidderminster,Buxton,1.47151,1.22572,1.28145,1.14762,38.958,30.765,30.277
14168597,11/10/2025,Kidderminster,Radcliffe,0.78955,1.96969,1.1285,1.89313,18.293,57.631,24.076
14168633,25/10/2025,Kidderminster,Spennymoor,2.1294,0.60324,1.40407,0.46441,62.068,11.196,26.736
14168657,04/11/2025,Kidderminster,Bedford,2.76601,0.13399,2.12167,0.13649,88.867,1.133,10.0
14168474,09/08/2025,Kidderminster,Scarborough,2.29338,0.45948,1.40186,0.35545,68.208,7.078,24.714
14168500,19/08/2025,Kidderminster,Oxford,1.63132,1.04623,1.0834,0.74523,43.629,24.126,32.245
14168524,25/08/2025,Kidderminster,Leamington,1.85191,0.84181,1.32403,0.71532,51.521,17.851,30.628
14168561,06/09/2025,Kidderminster,Macclesfield,0.93491,1.75721,0.73853,1.17487,20.901,48.311,30.788
14168575,20/09/2025,Kidderminster,Buxton,1.47151,1.22572,1.28145,1.14762,38.958,30.765,30.277
14168597,11/10/2025,Kidderminster,Radcliffe,0.78955,1.96969,1.1285,1.89313,18.293,57.631,24.076
14168633,25/10/2025,Kidderminster,Spennymoor,2.1294,0.60324,1.40407,0.46441,62.068,11.196,26.736
14168657,04/11/2025,Kidderminster,Bedford,2.76601,0.13399,2.12167,0.13649,88.867,1.133,10.0
14168667,08/11/2025,Kidderminster,Darlington,1.83905,0.91508,1.87551,1.25384,53.106,22.307,24.587
14168474,09/08/2025,Kidderminster,Scarborough,2.29338,0.45948,1.40186,0.35545,68.208,7.078,24.714
14168500,19/08/2025,Kidderminster,Oxford,1.63132,1.04623,1.0834,0.74523,43.629,24.126,32.245
14168524,25/08/2025,Kidderminster,Leamington,1.85191,0.84181,1.32403,0.71532,51.521,17.851,30.628
14168561,06/09/2025,Kidderminster,Macclesfield,0.93491,1.75721,0.73853,1.17487,20.901,48.311,30.788
14168575,20/09/2025,Kidderminster,Buxton,1.47151,1.22572,1.28145,1.14762,38.958,30.765,30.277
14168597,11/10/2025,Kidderminster,Radcliffe,0.78955,1.96969,1.1285,1.89313,18.293,57.631,24.076
14168633,25/10/2025,Kidderminster,Spennymoor,2.1294,0.60324,1.40407,0.46441,62.068,11.196,26.736
14168657,04/11/2025,Kidderminster,Bedford,2.76601,0.13399,2.12167,0.13649,88.867,1.133,10.0
14168667,08/11/2025,Kidderminster,Darlington,1.83905,0.91508,1.87551,1.25384,53.106,22.307,24.587
14168728,20/12/2025,Kidderminster,Fylde,1.92832,0.72508,0.99012,0.37918,52.724,12.616,34.66
14168474,09/08/2025,Kidderminster,Scarborough,2.29338,0.45948,1.40186,0.35545,68.208,7.078,24.714
14168500,19/08/2025,Kidderminster,Oxford,1.63132,1.04623,1.0834,0.74523,43.629,24.126,32.245
14168524,25/08/2025,Kidderminster,Leamington,1.85191,0.84181,1.32403,0.71532,51.521,17.851,30.628
14168561,06/09/2025,Kidderminster,Macclesfield,0.93491,1.75721,0.73853,1.17487,20.901,48.311,30.788
14168575,20/09/2025,Kidderminster,Buxton,1.47151,1.22572,1.28145,1.14762,38.958,30.765,30.277
14168597,11/10/2025,Kidderminster,Radcliffe,0.78955,1.96969,1.1285,1.89313,18.293,57.631,24.076
14168633,25/10/2025,Kidderminster,Spennymoor,2.1294,0.60324,1.40407,0.46441,62.068,11.196,26.736
14168657,04/11/2025,Kidderminster,Bedford,2.76601,0.13399,2.12167,0.13649,88.867,1.133,10.0
14168667,08/11/2025,Kidderminster,Darlington,1.83905,0.91508,1.87551,1.25384,53.106,22.307,24.587
14168728,20/12/2025,Kidderminster,Fylde,1.92832,0.72508,0.99012,0.37918,52.724,12.616,34.66
14168750,30/12/2025,Kidderminster,Telford,2.34878,0.4049,1.44267,0.23792,70.082,5.286,24.632
14168474,09/08/2025,Kidderminster,Scarborough,2.29338,0.45948,1.40186,0.35545,68.208,7.078,24.714
14168500,19/08/2025,Kidderminster,Oxford,1.63132,1.04623,1.0834,0.74523,43.629,24.126,32.245
14168524,25/08/2025,Kidderminster,Leamington,1.85191,0.84181,1.32403,0.71532,51.521,17.851,30.628
14168561,06/09/2025,Kidderminster,Macclesfield,0.93491,1.75721,0.73853,1.17487,20.901,48.311,30.788
14168575,20/09/2025,Kidderminster,Buxton,1.47151,1.22572,1.28145,1.14762,38.958,30.765,30.277
14168597,11/10/2025,Kidderminster,Radcliffe,0.78955,1.96969,1.1285,1.89313,18.293,57.631,24.076
14168633,25/10/2025,Kidderminster,Spennymoor,2.1294,0.60324,1.40407,0.46441,62.068,11.196,26.736
14168657,04/11/2025,Kidderminster,Bedford,2.76601,0.13399,2.12167,0.13649,88.867,1.133,10.0
14168667,08/11/2025,Kidderminster,Darlington,1.83905,0.91508,1.87551,1.25384,53.106,22.307,24.587
14168728,20/12/2025,Kidderminster,Fylde,1.92832,0.72508,0.99012,0.37918,52.724,12.616,34.66
14168750,30/12/2025,Kidderminster,Telford,2.34878,0.4049,1.44267,0.23792,70.082,5.286,24.632
14168764,03/01/2026,Kidderminster,Curzon Ashton,1.86828,0.8946,2.0536,1.37511,54.372,21.916,23.712
14168474,09/08/2025,Kidderminster,Scarborough,2.29338,0.45948,1.40186,0.35545,68.208,7.078,24.714
14168500,19/08/2025,Kidderminster,Oxford,1.63132,1.04623,1.0834,0.74523,43.629,24.126,32.245
14168524,25/08/2025,Kidderminster,Leamington,1.85191,0.84181,1.32403,0.71532,51.521,17.851,30.628
14168561,06/09/2025,Kidderminster,Macclesfield,0.93491,1.75721,0.73853,1.17487,20.901,48.311,30.788
14168575,20/09/2025,Kidderminster,Buxton,1.47151,1.22572,1.28145,1.14762,38.958,30.765,30.277
14168597,11/10/2025,Kidderminster,Radcliffe,0.78955,1.96969,1.1285,1.89313,18.293,57.631,24.076
14168633,25/10/2025,Kidderminster,Spennymoor,2.1294,0.60324,1.40407,0.46441,62.068,11.196,26.736
14168657,04/11/2025,Kidderminster,Bedford,2.76601,0.13399,2.12167,0.13649,88.867,1.133,10.0
14168667,08/11/2025,Kidderminster,Darlington,1.83905,0.91508,1.87551,1.25384,53.106,22.307,24.587
14168728,20/12/2025,Kidderminster,Fylde,1.92832,0.72508,0.99012,0.37918,52.724,12.616,34.66
14168750,30/12/2025,Kidderminster,Telford,2.34878,0.4049,1.44267,0.23792,70.082,5.286,24.632
14168764,03/01/2026,Kidderminster,Curzon Ashton,1.86828,0.8946,2.0536,1.37511,54.372,21.916,23.712
14168788,17/01/2026,Kidderminster,Worksop,1.65535,0.95821,0.82235,0.47324,42.297,19.059,38.644
14168474,09/08/2025,Kidderminster,Scarborough,2.29338,0.45948,1.40186,0.35545,68.208,7.078,24.714
14168500,19/08/2025,Kidderminster,Oxford,1.63132,1.04623,1.0834,0.74523,43.629,24.126,32.245
14168524,25/08/2025,Kidderminster,Leamington,1.85191,0.84181,1.32403,0.71532,51.521,17.851,30.628
14168561,06/09/2025,Kidderminster,Macclesfield,0.93491,1.75721,0.73853,1.17487,20.901,48.311,30.788
14168575,20/09/2025,Kidderminster,Buxton,1.47151,1.22572,1.28145,1.14762,38.958,30.765,30.277
14168597,11/10/2025,Kidderminster,Radcliffe,0.78955,1.96969,1.1285,1.89313,18.293,57.631,24.076
14168633,25/10/2025,Kidderminster,Spennymoor,2.1294,0.60324,1.40407,0.46441,62.068,11.196,26.736
14168657,04/11/2025,Kidderminster,Bedford,2.76601,0.13399,2.12167,0.13649,88.867,1.133,10.0
14168667,08/11/2025,Kidderminster,Darlington,1.83905,0.91508,1.87551,1.25384,53.106,22.307,24.587
14168728,20/12/2025,Kidderminster,Fylde,1.92832,0.72508,0.99012,0.37918,52.724,12.616,34.66
14168750,30/12/2025,Kidderminster,Telford,2.34878,0.4049,1.44267,0.23792,70.082,5.286,24.632
14168764,03/01/2026,Kidderminster,Curzon Ashton,1.86828,0.8946,2.0536,1.37511,54.372,21.916,23.712
14168788,17/01/2026,Kidderminster,Worksop,1.65535,0.95821,0.82235,0.47324,42.297,19.059,38.644
14168843,10/02/2026,Kidderminster,Merthyr,1.56518,1.133,1.33864,1.04864,42.112,27.706,30.182
14168474,09/08/2025,Kidderminster,Scarborough,2.29338,0.45948,1.40186,0.35545,68.208,7.078,24.714
14168500,19/08/2025,Kidderminster,Oxford,1.63132,1.04623,1.0834,0.74523,43.629,24.126,32.245
14168524,25/08/2025,Kidderminster,Leamington,1.85191,0.84181,1.32403,0.71532,51.521,17.851,30.628
14168561,06/09/2025,Kidderminster,Macclesfield,0.93491,1.75721,0.73853,1.17487,20.901,48.311,30.788
14168575,20/09/2025,Kidderminster,Buxton,1.47151,1.22572,1.28145,1.14762,38.958,30.765,30.277
14168597,11/10/2025,Kidderminster,Radcliffe,0.78955,1.96969,1.1285,1.89313,18.293,57.631,24.076
14168633,25/10/2025,Kidderminster,Spennymoor,2.1294,0.60324,1.40407,0.46441,62.068,11.196,26.736
14168657,04/11/2025,Kidderminster,Bedford,2.76601,0.13399,2.12167,0.13649,88.867,1.133,10.0
14168667,08/11/2025,Kidderminster,Darlington,1.83905,0.91508,1.87551,1.25384,53.106,22.307,24.587
14168728,20/12/2025,Kidderminster,Fylde,1.92832,0.72508,0.99012,0.37918,52.724,12.616,34.66
14168750,30/12/2025,Kidderminster,Telford,2.34878,0.4049,1.44267,0.23792,70.082,5.286,24.632
14168764,03/01/2026,Kidderminster,Curzon Ashton,1.86828,0.8946,2.0536,1.37511,54.372,21.916,23.712
14168788,17/01/2026,Kidderminster,Worksop,1.65535,0.95821,0.82235,0.47324,42.297,19.059,38.644
14168843,10/02/2026,Kidderminster,Merthyr,1.56518,1.133,1.33864,1.04864,42.112,27.706,30.182
14168871,21/02/2026,Kidderminster,Southport,2.45468,0.36179,1.76493,0.43766,75.705,5.942,18.353
14168474,09/08/2025,Kidderminster,Scarborough,2.29338,0.45948,1.40186,0.35545,68.208,7.078,24.714
14168500,19/08/2025,Kidderminster,Oxford,1.63132,1.04623,1.0834,0.74523,43.629,24.126,32.245
14168524,25/08/2025,Kidderminster,Leamington,1.85191,0.84181,1.32403,0.71532,51.521,17.851,30.628
14168561,06/09/2025,Kidderminster,Macclesfield,0.93491,1.75721,0.73853,1.17487,20.901,48.311,30.788
14168575,20/09/2025,Kidderminster,Buxton,1.47151,1.22572,1.28145,1.14762,38.958,30.765,30.277
14168597,11/10/2025,Kidderminster,Radcliffe,0.78955,1.96969,1.1285,1.89313,18.293,57.631,24.076
14168633,25/10/2025,Kidderminster,Spennymoor,2.1294,0.60324,1.40407,0.46441,62.068,11.196,26.736
14168657,04/11/2025,Kidderminster,Bedford,2.76601,0.13399,2.12167,0.13649,88.867,1.133,10.0
14168667,08/11/2025,Kidderminster,Darlington,1.83905,0.91508,1.87551,1.25384,53.106,22.307,24.587
14168728,20/12/2025,Kidderminster,Fylde,1.92832,0.72508,0.99012,0.37918,52.724,12.616,34.66
14168750,30/12/2025,Kidderminster,Telford,2.34878,0.4049,1.44267,0.23792,70.082,5.286,24.632
14168764,03/01/2026,Kidderminster,Curzon Ashton,1.86828,0.8946,2.0536,1.37511,54.372,21.916,23.712
14168788,17/01/2026,Kidderminster,Worksop,1.65535,0.95821,0.82235,0.47324,42.297,19.059,38.644
14168843,10/02/2026,Kidderminster,Merthyr,1.56518,1.133,1.33864,1.04864,42.112,27.706,30.182
14168871,21/02/2026,Kidderminster,Southport,2.45468,0.36179,1.76493,0.43766,75.705,5.942,18.353
14168884,24/02/2026,Kidderminster,Marine,2.53808,0.31202,2.17331,0.57033,79.606,5.404,14.99
14168474,09/08/2025,Kidderminster,Scarborough,2.29338,0.45948,1.40186,0.35545,68.208,7.078,24.714
14168500,19/08/2025,Kidderminster,Oxford,1.63132,1.04623,1.0834,0.74523,43.629,24.126,32.245
14168524,25/08/2025,Kidderminster,Leamington,1.85191,0.84181,1.32403,0.71532,51.521,17.851,30.628
14168561,06/09/2025,Kidderminster,Macclesfield,0.93491,1.75721,0.73853,1.17487,20.901,48.311,30.788
14168575,20/09/2025,Kidderminster,Buxton,1.47151,1.22572,1.28145,1.14762,38.958,30.765,30.277
14168597,11/10/2025,Kidderminster,Radcliffe,0.78955,1.96969,1.1285,1.89313,18.293,57.631,24.076
14168633,25/10/2025,Kidderminster,Spennymoor,2.1294,0.60324,1.40407,0.46441,62.068,11.196,26.736
14168657,04/11/2025,Kidderminster,Bedford,2.76601,0.13399,2.12167,0.13649,88.867,1.133,10.0
14168667,08/11/2025,Kidderminster,Darlington,1.83905,0.91508,1.87551,1.25384,53.106,22.307,24.587
14168728,20/12/2025,Kidderminster,Fylde,1.92832,0.72508,0.99012,0.37918,52.724,12.616,34.66
14168750,30/12/2025,Kidderminster,Telford,2.34878,0.4049,1.44267,0.23792,70.082,5.286,24.632
14168764,03/01/2026,Kidderminster,Curzon Ashton,1.86828,0.8946,2.0536,1.37511,54.372,21.916,23.712
14168788,17/01/2026,Kidderminster,Worksop,1.65535,0.95821,0.82235,0.47324,42.297,19.059,38.644
14168843,10/02/2026,Kidderminster,Merthyr,1.56518,1.133,1.33864,1.04864,42.112,27.706,30.182
14168871,21/02/2026,Kidderminster,Southport,2.45468,0.36179,1.76493,0.43766,75.705,5.942,18.353
14168884,24/02/2026,Kidderminster,Marine,2.53808,0.31202,2.17331,0.57033,79.606,5.404,14.99
14168923,10/03/2026,Kidderminster,Peterborough,2.95478,0.02879,4.71482,0.69177,97.945,0.412,1.643
14168474,09/08/2025,Kidderminster,Scarborough,2.29338,0.45948,1.40186,0.35545,68.208,7.078,24.714
14168500,19/08/2025,Kidderminster,Oxford,1.63132,1.04623,1.0834,0.74523,43.629,24.126,32.245
14168524,25/08/2025,Kidderminster,Leamington,1.85191,0.84181,1.32403,0.71532,51.521,17.851,30.628
14168561,06/09/2025,Kidderminster,Macclesfield,0.93491,1.75721,0.73853,1.17487,20.901,48.311,30.788
14168575,20/09/2025,Kidderminster,Buxton,1.47151,1.22572,1.28145,1.14762,38.958,30.765,30.277
14168597,11/10/2025,Kidderminster,Radcliffe,0.78955,1.96969,1.1285,1.89313,18.293,57.631,24.076
14168633,25/10/2025,Kidderminster,Spennymoor,2.1294,0.60324,1.40407,0.46441,62.068,11.196,26.736
14168657,04/11/2025,Kidderminster,Bedford,2.76601,0.13399,2.12167,0.13649,88.867,1.133,10.0
14168667,08/11/2025,Kidderminster,Darlington,1.83905,0.91508,1.87551,1.25384,53.106,22.307,24.587
14168728,20/12/2025,Kidderminster,Fylde,1.92832,0.72508,0.99012,0.37918,52.724,12.616,34.66
14168750,30/12/2025,Kidderminster,Telford,2.34878,0.4049,1.44267,0.23792,70.082,5.286,24.632
14168764,03/01/2026,Kidderminster,Curzon Ashton,1.86828,0.8946,2.0536,1.37511,54.372,21.916,23.712
14168788,17/01/2026,Kidderminster,Worksop,1.65535,0.95821,0.82235,0.47324,42.297,19.059,38.644
14168843,10/02/2026,Kidderminster,Merthyr,1.56518,1.133,1.33864,1.04864,42.112,27.706,30.182
14168871,21/02/2026,Kidderminster,Southport,2.45468,0.36179,1.76493,0.43766,75.705,5.942,18.353
14168884,24/02/2026,Kidderminster,Marine,2.53808,0.31202,2.17331,0.57033,79.606,5.404,14.99
14168923,10/03/2026,Kidderminster,Peterborough,2.95478,0.02879,4.71482,0.69177,97.945,0.412,1.643
14168933,14/03/2026,Kidderminster,Chester,1.85254,0.83137,1.13903,0.5928,51.215,17.176,31.609
14168473,09/08/2025,King's Lynn,Telford,1.80264,0.91569,1.84063,1.26469,50.699,21.134,28.167
14168473,09/08/2025,King's Lynn,Telford,1.80264,0.91569,1.84063,1.26469,50.699,21.134,28.167
14168513,23/08/2025,King's Lynn,Darlington,2.78605,0.13306,2.70484,0.28468,90.172,1.739,8.089
14168473,09/08/2025,King's Lynn,Telford,1.80264,0.91569,1.84063,1.26469,50.699,21.134,28.167
14168513,23/08/2025,King's Lynn,Darlington,2.78605,0.13306,2.70484,0.28468,90.172,1.739,8.089
14168533,30/08/2025,King's Lynn,Merthyr,1.77375,1.00701,2.32909,1.72202,51.817,26.259,21.924
14168473,09/08/2025,King's Lynn,Telford,1.80264,0.91569,1.84063,1.26469,50.699,21.134,28.167
14168513,23/08/2025,King's Lynn,Darlington,2.78605,0.13306,2.70484,0.28468,90.172,1.739,8.089
14168533,30/08/2025,King's Lynn,Merthyr,1.77375,1.00701,2.32909,1.72202,51.817,26.259,21.924
14168544,02/09/2025,King's Lynn,Kidderminster,0.62717,2.08919,0.49009,1.21992,11.451,60.185,28.364
14168473,09/08/2025,King's Lynn,Telford,1.80264,0.91569,1.84063,1.26469,50.699,21.134,28.167
14168513,23/08/2025,King's Lynn,Darlington,2.78605,0.13306,2.70484,0.28468,90.172,1.739,8.089
14168533,30/08/2025,King's Lynn,Merthyr,1.77375,1.00701,2.32909,1.72202,51.817,26.259,21.924
14168544,02/09/2025,King's Lynn,Kidderminster,0.62717,2.08919,0.49009,1.21992,11.451,60.185,28.364
14168581,04/10/2025,King's Lynn,Scarborough,0.64863,2.11596,0.72877,1.69172,13.774,62.685,23.541
14168473,09/08/2025,King's Lynn,Telford,1.80264,0.91569,1.84063,1.26469,50.699,21.134,28.167
14168513,23/08/2025,King's Lynn,Darlington,2.78605,0.13306,2.70484,0.28468,90.172,1.739,8.089
14168533,30/08/2025,King's Lynn,Merthyr,1.77375,1.00701,2.32909,1.72202,51.817,26.259,21.924
14168544,02/09/2025,King's Lynn,Kidderminster,0.62717,2.08919,0.49009,1.21992,11.451,60.185,28.364
14168581,04/10/2025,King's Lynn,Scarborough,0.64863,2.11596,0.72877,1.69172,13.774,62.685,23.541
14168604,18/10/2025,King's Lynn,Fylde,0.74782,2.0146,0.95207,1.80764,17.008,59.234,23.758
14168473,09/08/2025,King's Lynn,Telford,1.80264,0.91569,1.84063,1.26469,50.699,21.134,28.167
14168513,23/08/2025,King's Lynn,Darlington,2.78605,0.13306,2.70484,0.28468,90.172,1.739,8.089
14168533,30/08/2025,King's Lynn,Merthyr,1.77375,1.00701,2.32909,1.72202,51.817,26.259,21.924
14168544,02/09/2025,King's Lynn,Kidderminster,0.62717,2.08919,0.49009,1.21992,11.451,60.185,28.364
14168581,04/10/2025,King's Lynn,Scarborough,0.64863,2.11596,0.72877,1.69172,13.774,62.685,23.541
14168604,18/10/2025,King's Lynn,Fylde,0.74782,2.0146,0.95207,1.80764,17.008,59.234,23.758
14168634,25/10/2025,King's Lynn,Radcliffe,1.51699,1.23418,2.00984,1.8197,42.272,32.845,24.883
14168473,09/08/2025,King's Lynn,Telford,1.80264,0.91569,1.84063,1.26469,50.699,21.134,28.167
14168513,23/08/2025,King's Lynn,Darlington,2.78605,0.13306,2.70484,0.28468,90.172,1.739,8.089
14168533,30/08/2025,King's Lynn,Merthyr,1.77375,1.00701,2.32909,1.72202,51.817,26.259,21.924
14168544,02/09/2025,King's Lynn,Kidderminster,0.62717,2.08919,0.49009,1.21992,11.451,60.185,28.364
14168581,04/10/2025,King's Lynn,Scarborough,0.64863,2.11596,0.72877,1.69172,13.774,62.685,23.541
14168604,18/10/2025,King's Lynn,Fylde,0.74782,2.0146,0.95207,1.80764,17.008,59.234,23.758
14168634,25/10/2025,King's Lynn,Radcliffe,1.51699,1.23418,2.00984,1.8197,42.272,32.845,24.883
14168661,04/11/2025,King's Lynn,Leamington,2.52288,0.29946,1.79875,0.2845,78.174,4.06,17.766
14168473,09/08/2025,King's Lynn,Telford,1.80264,0.91569,1.84063,1.26469,50.699,21.134,28.167
14168513,23/08/2025,King's Lynn,Darlington,2.78605,0.13306,2.70484,0.28468,90.172,1.739,8.089
14168533,30/08/2025,King's Lynn,Merthyr,1.77375,1.00701,2.32909,1.72202,51.817,26.259,21.924
14168544,02/09/2025,King's Lynn,Kidderminster,0.62717,2.08919,0.49009,1.21992,11.451,60.185,28.364
14168581,04/10/2025,King's Lynn,Scarborough,0.64863,2.11596,0.72877,1.69172,13.774,62.685,23.541
14168604,18/10/2025,King's Lynn,Fylde,0.74782,2.0146,0.95207,1.80764,17.008,59.234,23.758
14168634,25/10/2025,King's Lynn,Radcliffe,1.51699,1.23418,2.00984,1.8197,42.272,32.845,24.883
14168661,04/11/2025,King's Lynn,Leamington,2.52288,0.29946,1.79875,0.2845,78.174,4.06,17.766
14168691,25/11/2025,King's Lynn,Buxton,2.3332,0.46783,1.95716,0.68214,71.141,8.962,19.897
14168473,09/08/2025,King's Lynn,Telford,1.80264,0.91569,1.84063,1.26469,50.699,21.134,28.167
14168513,23/08/2025,King's Lynn,Darlington,2.78605,0.13306,2.70484,0.28468,90.172,1.739,8.089
14168533,30/08/2025,King's Lynn,Merthyr,1.77375,1.00701,2.32909,1.72202,51.817,26.259,21.924
14168544,02/09/2025,King's Lynn,Kidderminster,0.62717,2.08919,0.49009,1.21992,11.451,60.185,28.364
14168581,04/10/2025,King's Lynn,Scarborough,0.64863,2.11596,0.72877,1.69172,13.774,62.685,23.541
14168604,18/10/2025,King's Lynn,Fylde,0.74782,2.0146,0.95207,1.80764,17.008,59.234,23.758
14168634,25/10/2025,King's Lynn,Radcliffe,1.51699,1.23418,2.00984,1.8197,42.272,32.845,24.883
14168661,04/11/2025,King's Lynn,Leamington,2.52288,0.29946,1.79875,0.2845,78.174,4.06,17.766
14168691,25/11/2025,King's Lynn,Buxton,2.3332,0.46783,1.95716,0.68214,71.141,8.962,19.897
14168714,06/12/2025,King's Lynn,Chester,1.63125,1.09434,1.48368,1.15871,45.228,27.331,27.441
14168473,09/08/2025,King's Lynn,Telford,1.80264,0.91569,1.84063,1.26469,50.699,21.134,28.167
14168513,23/08/2025,King's Lynn,Darlington,2.78605,0.13306,2.70484,0.28468,90.172,1.739,8.089
14168533,30/08/2025,King's Lynn,Merthyr,1.77375,1.00701,2.32909,1.72202,51.817,26.259,21.924
14168544,02/09/2025,King's Lynn,Kidderminster,0.62717,2.08919,0.49009,1.21992,11.451,60.185,28.364
14168581,04/10/2025,King's Lynn,Scarborough,0.64863,2.11596,0.72877,1.69172,13.774,62.685,23.541
14168604,18/10/2025,King's Lynn,Fylde,0.74782,2.0146,0.95207,1.80764,17.008,59.234,23.758
14168634,25/10/2025,King's Lynn,Radcliffe,1.51699,1.23418,2.00984,1.8197,42.272,32.845,24.883
14168661,04/11/2025,King's Lynn,Leamington,2.52288,0.29946,1.79875,0.2845,78.174,4.06,17.766
14168691,25/11/2025,King's Lynn,Buxton,2.3332,0.46783,1.95716,0.68214,71.141,8.962,19.897
14168714,06/12/2025,King's Lynn,Chester,1.63125,1.09434,1.48368,1.15871,45.228,27.331,27.441
15168214,10/12/2025,King's Lynn,Macclesfield,1.06955,1.62563,0.88591,1.19676,25.491,44.027,30.482
14168473,09/08/2025,King's Lynn,Telford,1.80264,0.91569,1.84063,1.26469,50.699,21.134,28.167
14168513,23/08/2025,King's Lynn,Darlington,2.78605,0.13306,2.70484,0.28468,90.172,1.739,8.089
14168533,30/08/2025,King's Lynn,Merthyr,1.77375,1.00701,2.32909,1.72202,51.817,26.259,21.924
14168544,02/09/2025,King's Lynn,Kidderminster,0.62717,2.08919,0.49009,1.21992,11.451,60.185,28.364
14168581,04/10/2025,King's Lynn,Scarborough,0.64863,2.11596,0.72877,1.69172,13.774,62.685,23.541
14168604,18/10/2025,King's Lynn,Fylde,0.74782,2.0146,0.95207,1.80764,17.008,59.234,23.758
14168634,25/10/2025,King's Lynn,Radcliffe,1.51699,1.23418,2.00984,1.8197,42.272,32.845,24.883
14168661,04/11/2025,King's Lynn,Leamington,2.52288,0.29946,1.79875,0.2845,78.174,4.06,17.766
14168691,25/11/2025,King's Lynn,Buxton,2.3332,0.46783,1.95716,0.68214,71.141,8.962,19.897
14168714,06/12/2025,King's Lynn,Chester,1.63125,1.09434,1.48368,1.15871,45.228,27.331,27.441
15168214,10/12/2025,King's Lynn,Macclesfield,1.06955,1.62563,0.88591,1.19676,25.491,44.027,30.482
14168738,26/12/2025,King's Lynn,Peterborough,2.06966,0.69842,2.27518,1.36059,61.258,15.55,23.192
14168473,09/08/2025,King's Lynn,Telford,1.80264,0.91569,1.84063,1.26469,50.699,21.134,28.167
14168513,23/08/2025,King's Lynn,Darlington,2.78605,0.13306,2.70484,0.28468,90.172,1.739,8.089
14168533,30/08/2025,King's Lynn,Merthyr,1.77375,1.00701,2.32909,1.72202,51.817,26.259,21.924
14168544,02/09/2025,King's Lynn,Kidderminster,0.62717,2.08919,0.49009,1.21992,11.451,60.185,28.364
14168581,04/10/2025,King's Lynn,Scarborough,0.64863,2.11596,0.72877,1.69172,13.774,62.685,23.541
14168604,18/10/2025,King's Lynn,Fylde,0.74782,2.0146,0.95207,1.80764,17.008,59.234,23.758
14168634,25/10/2025,King's Lynn,Radcliffe,1.51699,1.23418,2.00984,1.8197,42.272,32.845,24.883
14168661,04/11/2025,King's Lynn,Leamington,2.52288,0.29946,1.79875,0.2845,78.174,4.06,17.766
14168691,25/11/2025,King's Lynn,Buxton,2.3332,0.46783,1.95716,0.68214,71.141,8.962,19.897
14168714,06/12/2025,King's Lynn,Chester,1.63125,1.09434,1.48368,1.15871,45.228,27.331,27.441
15168214,10/12/2025,King's Lynn,Macclesfield,1.06955,1.62563,0.88591,1.19676,25.491,44.027,30.482
14168738,26/12/2025,King's Lynn,Peterborough,2.06966,0.69842,2.27518,1.36059,61.258,15.55,23.192
14168794,17/01/2026,King's Lynn,Hereford,0.71991,1.98444,0.52399,1.24773,14.142,56.293,29.565
14168473,09/08/2025,King's Lynn,Telford,1.80264,0.91569,1.84063,1.26469,50.699,21.134,28.167
14168513,23/08/2025,King's Lynn,Darlington,2.78605,0.13306,2.70484,0.28468,90.172,1.739,8.089
14168533,30/08/2025,King's Lynn,Merthyr,1.77375,1.00701,2.32909,1.72202,51.817,26.259,21.924
14168544,02/09/2025,King's Lynn,Kidderminster,0.62717,2.08919,0.49009,1.21992,11.451,60.185,28.364
14168581,04/10/2025,King's Lynn,Scarborough,0.64863,2.11596,0.72877,1.69172,13.774,62.685,23.541
14168604,18/10/2025,King's Lynn,Fylde,0.74782,2.0146,0.95207,1.80764,17.008,59.234,23.758
14168634,25/10/2025,King's Lynn,Radcliffe,1.51699,1.23418,2.00984,1.8197,42.272,32.845,24.883
14168661,04/11/2025,King's Lynn,Leamington,2.52288,0.29946,1.79875,0.2845,78.174,4.06,17.766
14168691,25/11/2025,King's Lynn,Buxton,2.3332,0.46783,1.95716,0.68214,71.141,8.962,19.897
14168714,06/12/2025,King's Lynn,Chester,1.63125,1.09434,1.48368,1.15871,45.228,27.331,27.441
15168214,10/12/2025,King's Lynn,Macclesfield,1.06955,1.62563,0.88591,1.19676,25.491,44.027,30.482
14168738,26/12/2025,King's Lynn,Peterborough,2.06966,0.69842,2.27518,1.36059,61.258,15.55,23.192
14168794,17/01/2026,King's Lynn,Hereford,0.71991,1.98444,0.52399,1.24773,14.142,56.293,29.565
15379770,31/10/2025,King's Lynn,Alfreton,2.21028,0.5772,1.88041,0.73168,66.592,12.156,21.252
14168473,09/08/2025,King's Lynn,Telford,1.80264,0.91569,1.84063,1.26469,50.699,21.134,28.167
14168513,23/08/2025,King's Lynn,Darlington,2.78605,0.13306,2.70484,0.28468,90.172,1.739,8.089
14168533,30/08/2025,King's Lynn,Merthyr,1.77375,1.00701,2.32909,1.72202,51.817,26.259,21.924
14168544,02/09/2025,King's Lynn,Kidderminster,0.62717,2.08919,0.49009,1.21992,11.451,60.185,28.364
14168581,04/10/2025,King's Lynn,Scarborough,0.64863,2.11596,0.72877,1.69172,13.774,62.685,23.541
14168604,18/10/2025,King's Lynn,Fylde,0.74782,2.0146,0.95207,1.80764,17.008,59.234,23.758
14168634,25/10/2025,King's Lynn,Radcliffe,1.51699,1.23418,2.00984,1.8197,42.272,32.845,24.883
14168661,04/11/2025,King's Lynn,Leamington,2.52288,0.29946,1.79875,0.2845,78.174,4.06,17.766
14168691,25/11/2025,King's Lynn,Buxton,2.3332,0.46783,1.95716,0.68214,71.141,8.962,19.897
14168714,06/12/2025,King's Lynn,Chester,1.63125,1.09434,1.48368,1.15871,45.228,27.331,27.441
15168214,10/12/2025,King's Lynn,Macclesfield,1.06955,1.62563,0.88591,1.19676,25.491,44.027,30.482
14168738,26/12/2025,King's Lynn,Peterborough,2.06966,0.69842,2.27518,1.36059,61.258,15.55,23.192
14168794,17/01/2026,King's Lynn,Hereford,0.71991,1.98444,0.52399,1.24773,14.142,56.293,29.565
15379770,31/10/2025,King's Lynn,Alfreton,2.21028,0.5772,1.88041,0.73168,66.592,12.156,21.252
15399965,03/02/2026,King's Lynn,Southport,2.45817,0.35826,1.82423,0.41144,75.82,5.823,18.357
14168473,09/08/2025,King's Lynn,Telford,1.80264,0.91569,1.84063,1.26469,50.699,21.134,28.167
14168513,23/08/2025,King's Lynn,Darlington,2.78605,0.13306,2.70484,0.28468,90.172,1.739,8.089
14168533,30/08/2025,King's Lynn,Merthyr,1.77375,1.00701,2.32909,1.72202,51.817,26.259,21.924
14168544,02/09/2025,King's Lynn,Kidderminster,0.62717,2.08919,0.49009,1.21992,11.451,60.185,28.364
14168581,04/10/2025,King's Lynn,Scarborough,0.64863,2.11596,0.72877,1.69172,13.774,62.685,23.541
14168604,18/10/2025,King's Lynn,Fylde,0.74782,2.0146,0.95207,1.80764,17.008,59.234,23.758
14168634,25/10/2025,King's Lynn,Radcliffe,1.51699,1.23418,2.00984,1.8197,42.272,32.845,24.883
14168661,04/11/2025,King's Lynn,Leamington,2.52288,0.29946,1.79875,0.2845,78.174,4.06,17.766
14168691,25/11/2025,King's Lynn,Buxton,2.3332,0.46783,1.95716,0.68214,71.141,8.962,19.897
14168714,06/12/2025,King's Lynn,Chester,1.63125,1.09434,1.48368,1.15871,45.228,27.331,27.441
15168214,10/12/2025,King's Lynn,Macclesfield,1.06955,1.62563,0.88591,1.19676,25.491,44.027,30.482
14168738,26/12/2025,King's Lynn,Peterborough,2.06966,0.69842,2.27518,1.36059,61.258,15.55,23.192
14168794,17/01/2026,King's Lynn,Hereford,0.71991,1.98444,0.52399,1.24773,14.142,56.293,29.565
15379770,31/10/2025,King's Lynn,Alfreton,2.21028,0.5772,1.88041,0.73168,66.592,12.156,21.252
15399965,03/02/2026,King's Lynn,Southport,2.45817,0.35826,1.82423,0.41144,75.82,5.823,18.357
14168894,28/02/2026,King's Lynn,Oxford,0.78882,1.82706,0.35394,0.83902,13.49,48.098,38.412
14168473,09/08/2025,King's Lynn,Telford,1.80264,0.91569,1.84063,1.26469,50.699,21.134,28.167
14168513,23/08/2025,King's Lynn,Darlington,2.78605,0.13306,2.70484,0.28468,90.172,1.739,8.089
14168533,30/08/2025,King's Lynn,Merthyr,1.77375,1.00701,2.32909,1.72202,51.817,26.259,21.924
14168544,02/09/2025,King's Lynn,Kidderminster,0.62717,2.08919,0.49009,1.21992,11.451,60.185,28.364
14168581,04/10/2025,King's Lynn,Scarborough,0.64863,2.11596,0.72877,1.69172,13.774,62.685,23.541
14168604,18/10/2025,King's Lynn,Fylde,0.74782,2.0146,0.95207,1.80764,17.008,59.234,23.758
14168634,25/10/2025,King's Lynn,Radcliffe,1.51699,1.23418,2.00984,1.8197,42.272,32.845,24.883
14168661,04/11/2025,King's Lynn,Leamington,2.52288,0.29946,1.79875,0.2845,78.174,4.06,17.766
14168691,25/11/2025,King's Lynn,Buxton,2.3332,0.46783,1.95716,0.68214,71.141,8.962,19.897
14168714,06/12/2025,King's Lynn,Chester,1.63125,1.09434,1.48368,1.15871,45.228,27.331,27.441
15168214,10/12/2025,King's Lynn,Macclesfield,1.06955,1.62563,0.88591,1.19676,25.491,44.027,30.482
14168738,26/12/2025,King's Lynn,Peterborough,2.06966,0.69842,2.27518,1.36059,61.258,15.55,23.192
14168794,17/01/2026,King's Lynn,Hereford,0.71991,1.98444,0.52399,1.24773,14.142,56.293,29.565
15379770,31/10/2025,King's Lynn,Alfreton,2.21028,0.5772,1.88041,0.73168,66.592,12.156,21.252
15399965,03/02/2026,King's Lynn,Southport,2.45817,0.35826,1.82423,0.41144,75.82,5.823,18.357
14168894,28/02/2026,King's Lynn,Oxford,0.78882,1.82706,0.35394,0.83902,13.49,48.098,38.412
14168907,07/03/2026,King's Lynn,Marine,2.91725,0.04511,2.41601,0.11862,95.987,0.249,3.764
14168473,09/08/2025,King's Lynn,Telford,1.80264,0.91569,1.84063,1.26469,50.699,21.134,28.167
14168513,23/08/2025,King's Lynn,Darlington,2.78605,0.13306,2.70484,0.28468,90.172,1.739,8.089
14168533,30/08/2025,King's Lynn,Merthyr,1.77375,1.00701,2.32909,1.72202,51.817,26.259,21.924
14168544,02/09/2025,King's Lynn,Kidderminster,0.62717,2.08919,0.49009,1.21992,11.451,60.185,28.364
14168581,04/10/2025,King's Lynn,Scarborough,0.64863,2.11596,0.72877,1.69172,13.774,62.685,23.541
14168604,18/10/2025,King's Lynn,Fylde,0.74782,2.0146,0.95207,1.80764,17.008,59.234,23.758
14168634,25/10/2025,King's Lynn,Radcliffe,1.51699,1.23418,2.00984,1.8197,42.272,32.845,24.883
14168661,04/11/2025,King's Lynn,Leamington,2.52288,0.29946,1.79875,0.2845,78.174,4.06,17.766
14168691,25/11/2025,King's Lynn,Buxton,2.3332,0.46783,1.95716,0.68214,71.141,8.962,19.897
14168714,06/12/2025,King's Lynn,Chester,1.63125,1.09434,1.48368,1.15871,45.228,27.331,27.441
15168214,10/12/2025,King's Lynn,Macclesfield,1.06955,1.62563,0.88591,1.19676,25.491,44.027,30.482
14168738,26/12/2025,King's Lynn,Peterborough,2.06966,0.69842,2.27518,1.36059,61.258,15.55,23.192
14168794,17/01/2026,King's Lynn,Hereford,0.71991,1.98444,0.52399,1.24773,14.142,56.293,29.565
15379770,31/10/2025,King's Lynn,Alfreton,2.21028,0.5772,1.88041,0.73168,66.592,12.156,21.252
15399965,03/02/2026,King's Lynn,Southport,2.45817,0.35826,1.82423,0.41144,75.82,5.823,18.357
14168894,28/02/2026,King's Lynn,Oxford,0.78882,1.82706,0.35394,0.83902,13.49,48.098,38.412
14168907,07/03/2026,King's Lynn,Marine,2.91725,0.04511,2.41601,0.11862,95.987,0.249,3.764
15578956,17/03/2026,King's Lynn,South Shields,1.39754,1.21298,0.73393,0.63348,33.602,27.45,38.948
14168473,09/08/2025,King's Lynn,Telford,1.80264,0.91569,1.84063,1.26469,50.699,21.134,28.167
14168513,23/08/2025,King's Lynn,Darlington,2.78605,0.13306,2.70484,0.28468,90.172,1.739,8.089
14168533,30/08/2025,King's Lynn,Merthyr,1.77375,1.00701,2.32909,1.72202,51.817,26.259,21.924
14168544,02/09/2025,King's Lynn,Kidderminster,0.62717,2.08919,0.49009,1.21992,11.451,60.185,28.364
14168581,04/10/2025,King's Lynn,Scarborough,0.64863,2.11596,0.72877,1.69172,13.774,62.685,23.541
14168604,18/10/2025,King's Lynn,Fylde,0.74782,2.0146,0.95207,1.80764,17.008,59.234,23.758
14168634,25/10/2025,King's Lynn,Radcliffe,1.51699,1.23418,2.00984,1.8197,42.272,32.845,24.883
14168661,04/11/2025,King's Lynn,Leamington,2.52288,0.29946,1.79875,0.2845,78.174,4.06,17.766
14168691,25/11/2025,King's Lynn,Buxton,2.3332,0.46783,1.95716,0.68214,71.141,8.962,19.897
14168714,06/12/2025,King's Lynn,Chester,1.63125,1.09434,1.48368,1.15871,45.228,27.331,27.441
15168214,10/12/2025,King's Lynn,Macclesfield,1.06955,1.62563,0.88591,1.19676,25.491,44.027,30.482
14168738,26/12/2025,King's Lynn,Peterborough,2.06966,0.69842,2.27518,1.36059,61.258,15.55,23.192
14168794,17/01/2026,King's Lynn,Hereford,0.71991,1.98444,0.52399,1.24773,14.142,56.293,29.565
15379770,31/10/2025,King's Lynn,Alfreton,2.21028,0.5772,1.88041,0.73168,66.592,12.156,21.252
15399965,03/02/2026,King's Lynn,Southport,2.45817,0.35826,1.82423,0.41144,75.82,5.823,18.357
14168894,28/02/2026,King's Lynn,Oxford,0.78882,1.82706,0.35394,0.83902,13.49,48.098,38.412
14168907,07/03/2026,King's Lynn,Marine,2.91725,0.04511,2.41601,0.11862,95.987,0.249,3.764
15578956,17/03/2026,King's Lynn,South Shields,1.39754,1.21298,0.73393,0.63348,33.602,27.45,38.948
14168941,21/03/2026,King's Lynn,Curzon Ashton,2.63165,0.21482,1.65555,0.17194,82.604,2.043,15.353
14168497,16/08/2025,Leamington,South Shields,0.36808,2.47732,0.85643,2.42262,7.116,77.424,15.46
14168497,16/08/2025,Leamington,South Shields,0.36808,2.47732,0.85643,2.42262,7.116,77.424,15.46
14168512,23/08/2025,Leamington,Radcliffe,1.92191,0.86669,2.77295,1.94158,57.017,21.843,21.14
14168497,16/08/2025,Leamington,South Shields,0.36808,2.47732,0.85643,2.42262,7.116,77.424,15.46
14168512,23/08/2025,Leamington,Radcliffe,1.92191,0.86669,2.77295,1.94158,57.017,21.843,21.14
14168540,30/08/2025,Leamington,Chorley,1.61065,1.14583,1.85422,1.55069,45.571,30.077,24.352
14168497,16/08/2025,Leamington,South Shields,0.36808,2.47732,0.85643,2.42262,7.116,77.424,15.46
14168512,23/08/2025,Leamington,Radcliffe,1.92191,0.86669,2.77295,1.94158,57.017,21.843,21.14
14168540,30/08/2025,Leamington,Chorley,1.61065,1.14583,1.85422,1.55069,45.571,30.077,24.352
14168547,02/09/2025,Leamington,Southport,1.86728,0.80006,1.03893,0.48175,51.154,15.58,33.266
14168497,16/08/2025,Leamington,South Shields,0.36808,2.47732,0.85643,2.42262,7.116,77.424,15.46
14168512,23/08/2025,Leamington,Radcliffe,1.92191,0.86669,2.77295,1.94158,57.017,21.843,21.14
14168540,30/08/2025,Leamington,Chorley,1.61065,1.14583,1.85422,1.55069,45.571,30.077,24.352
14168547,02/09/2025,Leamington,Southport,1.86728,0.80006,1.03893,0.48175,51.154,15.58,33.266
14168582,04/10/2025,Leamington,Hereford,0.80439,1.95966,1.28087,2.07748,18.948,57.457,23.595
14168497,16/08/2025,Leamington,South Shields,0.36808,2.47732,0.85643,2.42262,7.116,77.424,15.46
14168512,23/08/2025,Leamington,Radcliffe,1.92191,0.86669,2.77295,1.94158,57.017,21.843,21.14
14168540,30/08/2025,Leamington,Chorley,1.61065,1.14583,1.85422,1.55069,45.571,30.077,24.352
14168547,02/09/2025,Leamington,Southport,1.86728,0.80006,1.03893,0.48175,51.154,15.58,33.266
14168582,04/10/2025,Leamington,Hereford,0.80439,1.95966,1.28087,2.07748,18.948,57.457,23.595
14168605,18/10/2025,Leamington,Darlington,0.66464,2.14196,1.26204,2.42007,15.708,64.952,19.34
14168497,16/08/2025,Leamington,South Shields,0.36808,2.47732,0.85643,2.42262,7.116,77.424,15.46
14168512,23/08/2025,Leamington,Radcliffe,1.92191,0.86669,2.77295,1.94158,57.017,21.843,21.14
14168540,30/08/2025,Leamington,Chorley,1.61065,1.14583,1.85422,1.55069,45.571,30.077,24.352
14168547,02/09/2025,Leamington,Southport,1.86728,0.80006,1.03893,0.48175,51.154,15.58,33.266
14168582,04/10/2025,Leamington,Hereford,0.80439,1.95966,1.28087,2.07748,18.948,57.457,23.595
14168605,18/10/2025,Leamington,Darlington,0.66464,2.14196,1.26204,2.42007,15.708,64.952,19.34
14168622,21/10/2025,Leamington,Macclesfield,0.01781,2.96582,0.03584,3.17358,0.048,98.315,1.637
14168497,16/08/2025,Leamington,South Shields,0.36808,2.47732,0.85643,2.42262,7.116,77.424,15.46
14168512,23/08/2025,Leamington,Radcliffe,1.92191,0.86669,2.77295,1.94158,57.017,21.843,21.14
14168540,30/08/2025,Leamington,Chorley,1.61065,1.14583,1.85422,1.55069,45.571,30.077,24.352
14168547,02/09/2025,Leamington,Southport,1.86728,0.80006,1.03893,0.48175,51.154,15.58,33.266
14168582,04/10/2025,Leamington,Hereford,0.80439,1.95966,1.28087,2.07748,18.948,57.457,23.595
14168605,18/10/2025,Leamington,Darlington,0.66464,2.14196,1.26204,2.42007,15.708,64.952,19.34
14168622,21/10/2025,Leamington,Macclesfield,0.01781,2.96582,0.03584,3.17358,0.048,98.315,1.637
14168668,08/11/2025,Leamington,Marine,0.56415,2.15364,0.36449,1.29148,9.398,62.381,28.221
14168497,16/08/2025,Leamington,South Shields,0.36808,2.47732,0.85643,2.42262,7.116,77.424,15.46
14168512,23/08/2025,Leamington,Radcliffe,1.92191,0.86669,2.77295,1.94158,57.017,21.843,21.14
14168540,30/08/2025,Leamington,Chorley,1.61065,1.14583,1.85422,1.55069,45.571,30.077,24.352
14168547,02/09/2025,Leamington,Southport,1.86728,0.80006,1.03893,0.48175,51.154,15.58,33.266
14168582,04/10/2025,Leamington,Hereford,0.80439,1.95966,1.28087,2.07748,18.948,57.457,23.595
14168605,18/10/2025,Leamington,Darlington,0.66464,2.14196,1.26204,2.42007,15.708,64.952,19.34
14168622,21/10/2025,Leamington,Macclesfield,0.01781,2.96582,0.03584,3.17358,0.048,98.315,1.637
14168668,08/11/2025,Leamington,Marine,0.56415,2.15364,0.36449,1.29148,9.398,62.381,28.221
14168703,29/11/2025,Leamington,Worksop,0.90564,1.81023,0.92765,1.45343,20.717,50.87,28.413
14168497,16/08/2025,Leamington,South Shields,0.36808,2.47732,0.85643,2.42262,7.116,77.424,15.46
14168512,23/08/2025,Leamington,Radcliffe,1.92191,0.86669,2.77295,1.94158,57.017,21.843,21.14
14168540,30/08/2025,Leamington,Chorley,1.61065,1.14583,1.85422,1.55069,45.571,30.077,24.352
14168547,02/09/2025,Leamington,Southport,1.86728,0.80006,1.03893,0.48175,51.154,15.58,33.266
14168582,04/10/2025,Leamington,Hereford,0.80439,1.95966,1.28087,2.07748,18.948,57.457,23.595
14168605,18/10/2025,Leamington,Darlington,0.66464,2.14196,1.26204,2.42007,15.708,64.952,19.34
14168622,21/10/2025,Leamington,Macclesfield,0.01781,2.96582,0.03584,3.17358,0.048,98.315,1.637
14168668,08/11/2025,Leamington,Marine,0.56415,2.15364,0.36449,1.29148,9.398,62.381,28.221
14168703,29/11/2025,Leamington,Worksop,0.90564,1.81023,0.92765,1.45343,20.717,50.87,28.413
14969964,09/12/2025,Leamington,Telford,0.24212,2.65136,0.73614,2.89554,4.52,84.828,10.652
14168497,16/08/2025,Leamington,South Shields,0.36808,2.47732,0.85643,2.42262,7.116,77.424,15.46
14168512,23/08/2025,Leamington,Radcliffe,1.92191,0.86669,2.77295,1.94158,57.017,21.843,21.14
14168540,30/08/2025,Leamington,Chorley,1.61065,1.14583,1.85422,1.55069,45.571,30.077,24.352
14168547,02/09/2025,Leamington,Southport,1.86728,0.80006,1.03893,0.48175,51.154,15.58,33.266
14168582,04/10/2025,Leamington,Hereford,0.80439,1.95966,1.28087,2.07748,18.948,57.457,23.595
14168605,18/10/2025,Leamington,Darlington,0.66464,2.14196,1.26204,2.42007,15.708,64.952,19.34
14168622,21/10/2025,Leamington,Macclesfield,0.01781,2.96582,0.03584,3.17358,0.048,98.315,1.637
14168668,08/11/2025,Leamington,Marine,0.56415,2.15364,0.36449,1.29148,9.398,62.381,28.221
14168703,29/11/2025,Leamington,Worksop,0.90564,1.81023,0.92765,1.45343,20.717,50.87,28.413
14969964,09/12/2025,Leamington,Telford,0.24212,2.65136,0.73614,2.89554,4.52,84.828,10.652
14168740,26/12/2025,Leamington,Bedford,0.55999,2.24509,1.55681,2.73242,12.169,68.339,19.492
14168497,16/08/2025,Leamington,South Shields,0.36808,2.47732,0.85643,2.42262,7.116,77.424,15.46
14168512,23/08/2025,Leamington,Radcliffe,1.92191,0.86669,2.77295,1.94158,57.017,21.843,21.14
14168540,30/08/2025,Leamington,Chorley,1.61065,1.14583,1.85422,1.55069,45.571,30.077,24.352
14168547,02/09/2025,Leamington,Southport,1.86728,0.80006,1.03893,0.48175,51.154,15.58,33.266
14168582,04/10/2025,Leamington,Hereford,0.80439,1.95966,1.28087,2.07748,18.948,57.457,23.595
14168605,18/10/2025,Leamington,Darlington,0.66464,2.14196,1.26204,2.42007,15.708,64.952,19.34
14168622,21/10/2025,Leamington,Macclesfield,0.01781,2.96582,0.03584,3.17358,0.048,98.315,1.637
14168668,08/11/2025,Leamington,Marine,0.56415,2.15364,0.36449,1.29148,9.398,62.381,28.221
14168703,29/11/2025,Leamington,Worksop,0.90564,1.81023,0.92765,1.45343,20.717,50.87,28.413
14969964,09/12/2025,Leamington,Telford,0.24212,2.65136,0.73614,2.89554,4.52,84.828,10.652
14168740,26/12/2025,Leamington,Bedford,0.55999,2.24509,1.55681,2.73242,12.169,68.339,19.492
14168802,24/01/2026,Leamington,Curzon Ashton,0.64853,2.14406,0.98832,2.05418,14.704,64.555,20.741
14168497,16/08/2025,Leamington,South Shields,0.36808,2.47732,0.85643,2.42262,7.116,77.424,15.46
14168512,23/08/2025,Leamington,Radcliffe,1.92191,0.86669,2.77295,1.94158,57.017,21.843,21.14
14168540,30/08/2025,Leamington,Chorley,1.61065,1.14583,1.85422,1.55069,45.571,30.077,24.352
14168547,02/09/2025,Leamington,Southport,1.86728,0.80006,1.03893,0.48175,51.154,15.58,33.266
14168582,04/10/2025,Leamington,Hereford,0.80439,1.95966,1.28087,2.07748,18.948,57.457,23.595
14168605,18/10/2025,Leamington,Darlington,0.66464,2.14196,1.26204,2.42007,15.708,64.952,19.34
14168622,21/10/2025,Leamington,Macclesfield,0.01781,2.96582,0.03584,3.17358,0.048,98.315,1.637
14168668,08/11/2025,Leamington,Marine,0.56415,2.15364,0.36449,1.29148,9.398,62.381,28.221
14168703,29/11/2025,Leamington,Worksop,0.90564,1.81023,0.92765,1.45343,20.717,50.87,28.413
14969964,09/12/2025,Leamington,Telford,0.24212,2.65136,0.73614,2.89554,4.52,84.828,10.652
14168740,26/12/2025,Leamington,Bedford,0.55999,2.24509,1.55681,2.73242,12.169,68.339,19.492
14168802,24/01/2026,Leamington,Curzon Ashton,0.64853,2.14406,0.98832,2.05418,14.704,64.555,20.741
14168833,07/02/2026,Leamington,Oxford,1.42762,1.04527,0.46958,0.28969,30.017,17.272,52.711
14168497,16/08/2025,Leamington,South Shields,0.36808,2.47732,0.85643,2.42262,7.116,77.424,15.46
14168512,23/08/2025,Leamington,Radcliffe,1.92191,0.86669,2.77295,1.94158,57.017,21.843,21.14
14168540,30/08/2025,Leamington,Chorley,1.61065,1.14583,1.85422,1.55069,45.571,30.077,24.352
14168547,02/09/2025,Leamington,Southport,1.86728,0.80006,1.03893,0.48175,51.154,15.58,33.266
14168582,04/10/2025,Leamington,Hereford,0.80439,1.95966,1.28087,2.07748,18.948,57.457,23.595
14168605,18/10/2025,Leamington,Darlington,0.66464,2.14196,1.26204,2.42007,15.708,64.952,19.34
14168622,21/10/2025,Leamington,Macclesfield,0.01781,2.96582,0.03584,3.17358,0.048,98.315,1.637
14168668,08/11/2025,Leamington,Marine,0.56415,2.15364,0.36449,1.29148,9.398,62.381,28.221
14168703,29/11/2025,Leamington,Worksop,0.90564,1.81023,0.92765,1.45343,20.717,50.87,28.413
14969964,09/12/2025,Leamington,Telford,0.24212,2.65136,0.73614,2.89554,4.52,84.828,10.652
14168740,26/12/2025,Leamington,Bedford,0.55999,2.24509,1.55681,2.73242,12.169,68.339,19.492
14168802,24/01/2026,Leamington,Curzon Ashton,0.64853,2.14406,0.98832,2.05418,14.704,64.555,20.741
14168833,07/02/2026,Leamington,Oxford,1.42762,1.04527,0.46958,0.28969,30.017,17.272,52.711
15399474,17/02/2026,Leamington,Spennymoor,2.00247,0.73716,1.52174,0.71331,58.07,15.893,26.037
14168497,16/08/2025,Leamington,South Shields,0.36808,2.47732,0.85643,2.42262,7.116,77.424,15.46
14168512,23/08/2025,Leamington,Radcliffe,1.92191,0.86669,2.77295,1.94158,57.017,21.843,21.14
14168540,30/08/2025,Leamington,Chorley,1.61065,1.14583,1.85422,1.55069,45.571,30.077,24.352
14168547,02/09/2025,Leamington,Southport,1.86728,0.80006,1.03893,0.48175,51.154,15.58,33.266
14168582,04/10/2025,Leamington,Hereford,0.80439,1.95966,1.28087,2.07748,18.948,57.457,23.595
14168605,18/10/2025,Leamington,Darlington,0.66464,2.14196,1.26204,2.42007,15.708,64.952,19.34
14168622,21/10/2025,Leamington,Macclesfield,0.01781,2.96582,0.03584,3.17358,0.048,98.315,1.637
14168668,08/11/2025,Leamington,Marine,0.56415,2.15364,0.36449,1.29148,9.398,62.381,28.221
14168703,29/11/2025,Leamington,Worksop,0.90564,1.81023,0.92765,1.45343,20.717,50.87,28.413
14969964,09/12/2025,Leamington,Telford,0.24212,2.65136,0.73614,2.89554,4.52,84.828,10.652
14168740,26/12/2025,Leamington,Bedford,0.55999,2.24509,1.55681,2.73242,12.169,68.339,19.492
14168802,24/01/2026,Leamington,Curzon Ashton,0.64853,2.14406,0.98832,2.05418,14.704,64.555,20.741
14168833,07/02/2026,Leamington,Oxford,1.42762,1.04527,0.46958,0.28969,30.017,17.272,52.711
15399474,17/02/2026,Leamington,Spennymoor,2.00247,0.73716,1.52174,0.71331,58.07,15.893,26.037
14168873,21/02/2026,Leamington,Chester,0.21248,2.65001,0.22951,1.95432,2.499,83.75,13.751
14168497,16/08/2025,Leamington,South Shields,0.36808,2.47732,0.85643,2.42262,7.116,77.424,15.46
14168512,23/08/2025,Leamington,Radcliffe,1.92191,0.86669,2.77295,1.94158,57.017,21.843,21.14
14168540,30/08/2025,Leamington,Chorley,1.61065,1.14583,1.85422,1.55069,45.571,30.077,24.352
14168547,02/09/2025,Leamington,Southport,1.86728,0.80006,1.03893,0.48175,51.154,15.58,33.266
14168582,04/10/2025,Leamington,Hereford,0.80439,1.95966,1.28087,2.07748,18.948,57.457,23.595
14168605,18/10/2025,Leamington,Darlington,0.66464,2.14196,1.26204,2.42007,15.708,64.952,19.34
14168622,21/10/2025,Leamington,Macclesfield,0.01781,2.96582,0.03584,3.17358,0.048,98.315,1.637
14168668,08/11/2025,Leamington,Marine,0.56415,2.15364,0.36449,1.29148,9.398,62.381,28.221
14168703,29/11/2025,Leamington,Worksop,0.90564,1.81023,0.92765,1.45343,20.717,50.87,28.413
14969964,09/12/2025,Leamington,Telford,0.24212,2.65136,0.73614,2.89554,4.52,84.828,10.652
14168740,26/12/2025,Leamington,Bedford,0.55999,2.24509,1.55681,2.73242,12.169,68.339,19.492
14168802,24/01/2026,Leamington,Curzon Ashton,0.64853,2.14406,0.98832,2.05418,14.704,64.555,20.741
14168833,07/02/2026,Leamington,Oxford,1.42762,1.04527,0.46958,0.28969,30.017,17.272,52.711
15399474,17/02/2026,Leamington,Spennymoor,2.00247,0.73716,1.52174,0.71331,58.07,15.893,26.037
14168873,21/02/2026,Leamington,Chester,0.21248,2.65001,0.22951,1.95432,2.499,83.75,13.751
14168886,24/02/2026,Leamington,Merthyr,1.39944,1.3566,2.08098,2.03133,38.516,37.088,24.396
14168497,16/08/2025,Leamington,South Shields,0.36808,2.47732,0.85643,2.42262,7.116,77.424,15.46
14168512,23/08/2025,Leamington,Radcliffe,1.92191,0.86669,2.77295,1.94158,57.017,21.843,21.14
14168540,30/08/2025,Leamington,Chorley,1.61065,1.14583,1.85422,1.55069,45.571,30.077,24.352
14168547,02/09/2025,Leamington,Southport,1.86728,0.80006,1.03893,0.48175,51.154,15.58,33.266
14168582,04/10/2025,Leamington,Hereford,0.80439,1.95966,1.28087,2.07748,18.948,57.457,23.595
14168605,18/10/2025,Leamington,Darlington,0.66464,2.14196,1.26204,2.42007,15.708,64.952,19.34
14168622,21/10/2025,Leamington,Macclesfield,0.01781,2.96582,0.03584,3.17358,0.048,98.315,1.637
14168668,08/11/2025,Leamington,Marine,0.56415,2.15364,0.36449,1.29148,9.398,62.381,28.221
14168703,29/11/2025,Leamington,Worksop,0.90564,1.81023,0.92765,1.45343,20.717,50.87,28.413
14969964,09/12/2025,Leamington,Telford,0.24212,2.65136,0.73614,2.89554,4.52,84.828,10.652
14168740,26/12/2025,Leamington,Bedford,0.55999,2.24509,1.55681,2.73242,12.169,68.339,19.492
14168802,24/01/2026,Leamington,Curzon Ashton,0.64853,2.14406,0.98832,2.05418,14.704,64.555,20.741
14168833,07/02/2026,Leamington,Oxford,1.42762,1.04527,0.46958,0.28969,30.017,17.272,52.711
15399474,17/02/2026,Leamington,Spennymoor,2.00247,0.73716,1.52174,0.71331,58.07,15.893,26.037
14168873,21/02/2026,Leamington,Chester,0.21248,2.65001,0.22951,1.95432,2.499,83.75,13.751
14168886,24/02/2026,Leamington,Merthyr,1.39944,1.3566,2.08098,2.03133,38.516,37.088,24.396
14168904,07/03/2026,Leamington,Fylde,2.07727,0.69178,2.10795,1.17651,61.544,15.361,23.095
14168497,16/08/2025,Leamington,South Shields,0.36808,2.47732,0.85643,2.42262,7.116,77.424,15.46
14168512,23/08/2025,Leamington,Radcliffe,1.92191,0.86669,2.77295,1.94158,57.017,21.843,21.14
14168540,30/08/2025,Leamington,Chorley,1.61065,1.14583,1.85422,1.55069,45.571,30.077,24.352
14168547,02/09/2025,Leamington,Southport,1.86728,0.80006,1.03893,0.48175,51.154,15.58,33.266
14168582,04/10/2025,Leamington,Hereford,0.80439,1.95966,1.28087,2.07748,18.948,57.457,23.595
14168605,18/10/2025,Leamington,Darlington,0.66464,2.14196,1.26204,2.42007,15.708,64.952,19.34
14168622,21/10/2025,Leamington,Macclesfield,0.01781,2.96582,0.03584,3.17358,0.048,98.315,1.637
14168668,08/11/2025,Leamington,Marine,0.56415,2.15364,0.36449,1.29148,9.398,62.381,28.221
14168703,29/11/2025,Leamington,Worksop,0.90564,1.81023,0.92765,1.45343,20.717,50.87,28.413
14969964,09/12/2025,Leamington,Telford,0.24212,2.65136,0.73614,2.89554,4.52,84.828,10.652
14168740,26/12/2025,Leamington,Bedford,0.55999,2.24509,1.55681,2.73242,12.169,68.339,19.492
14168802,24/01/2026,Leamington,Curzon Ashton,0.64853,2.14406,0.98832,2.05418,14.704,64.555,20.741
14168833,07/02/2026,Leamington,Oxford,1.42762,1.04527,0.46958,0.28969,30.017,17.272,52.711
15399474,17/02/2026,Leamington,Spennymoor,2.00247,0.73716,1.52174,0.71331,58.07,15.893,26.037
14168873,21/02/2026,Leamington,Chester,0.21248,2.65001,0.22951,1.95432,2.499,83.75,13.751
14168886,24/02/2026,Leamington,Merthyr,1.39944,1.3566,2.08098,2.03133,38.516,37.088,24.396
14168904,07/03/2026,Leamington,Fylde,2.07727,0.69178,2.10795,1.17651,61.544,15.361,23.095
14168942,21/03/2026,Leamington,Scarborough,0.25226,2.64002,0.69699,2.92358,4.818,84.41,10.772
14168497,16/08/2025,Leamington,South Shields,0.36808,2.47732,0.85643,2.42262,7.116,77.424,15.46
14168512,23/08/2025,Leamington,Radcliffe,1.92191,0.86669,2.77295,1.94158,57.017,21.843,21.14
14168540,30/08/2025,Leamington,Chorley,1.61065,1.14583,1.85422,1.55069,45.571,30.077,24.352
14168547,02/09/2025,Leamington,Southport,1.86728,0.80006,1.03893,0.48175,51.154,15.58,33.266
14168582,04/10/2025,Leamington,Hereford,0.80439,1.95966,1.28087,2.07748,18.948,57.457,23.595
14168605,18/10/2025,Leamington,Darlington,0.66464,2.14196,1.26204,2.42007,15.708,64.952,19.34
14168622,21/10/2025,Leamington,Macclesfield,0.01781,2.96582,0.03584,3.17358,0.048,98.315,1.637
14168668,08/11/2025,Leamington,Marine,0.56415,2.15364,0.36449,1.29148,9.398,62.381,28.221
14168703,29/11/2025,Leamington,Worksop,0.90564,1.81023,0.92765,1.45343,20.717,50.87,28.413
14969964,09/12/2025,Leamington,Telford,0.24212,2.65136,0.73614,2.89554,4.52,84.828,10.652
14168740,26/12/2025,Leamington,Bedford,0.55999,2.24509,1.55681,2.73242,12.169,68.339,19.492
14168802,24/01/2026,Leamington,Curzon Ashton,0.64853,2.14406,0.98832,2.05418,14.704,64.555,20.741
14168833,07/02/2026,Leamington,Oxford,1.42762,1.04527,0.46958,0.28969,30.017,17.272,52.711
15399474,17/02/2026,Leamington,Spennymoor,2.00247,0.73716,1.52174,0.71331,58.07,15.893,26.037
14168873,21/02/2026,Leamington,Chester,0.21248,2.65001,0.22951,1.95432,2.499,83.75,13.751
14168886,24/02/2026,Leamington,Merthyr,1.39944,1.3566,2.08098,2.03133,38.516,37.088,24.396
14168904,07/03/2026,Leamington,Fylde,2.07727,0.69178,2.10795,1.17651,61.544,15.361,23.095
14168942,21/03/2026,Leamington,Scarborough,0.25226,2.64002,0.69699,2.92358,4.818,84.41,10.772
15495110,24/03/2026,Leamington,King's Lynn,0.61905,2.15412,0.93583,1.94598,13.074,64.243,22.683
14168497,16/08/2025,Leamington,South Shields,0.36808,2.47732,0.85643,2.42262,7.116,77.424,15.46
14168512,23/08/2025,Leamington,Radcliffe,1.92191,0.86669,2.77295,1.94158,57.017,21.843,21.14
14168540,30/08/2025,Leamington,Chorley,1.61065,1.14583,1.85422,1.55069,45.571,30.077,24.352
14168547,02/09/2025,Leamington,Southport,1.86728,0.80006,1.03893,0.48175,51.154,15.58,33.266
14168582,04/10/2025,Leamington,Hereford,0.80439,1.95966,1.28087,2.07748,18.948,57.457,23.595
14168605,18/10/2025,Leamington,Darlington,0.66464,2.14196,1.26204,2.42007,15.708,64.952,19.34
14168622,21/10/2025,Leamington,Macclesfield,0.01781,2.96582,0.03584,3.17358,0.048,98.315,1.637
14168668,08/11/2025,Leamington,Marine,0.56415,2.15364,0.36449,1.29148,9.398,62.381,28.221
14168703,29/11/2025,Leamington,Worksop,0.90564,1.81023,0.92765,1.45343,20.717,50.87,28.413
14969964,09/12/2025,Leamington,Telford,0.24212,2.65136,0.73614,2.89554,4.52,84.828,10.652
14168740,26/12/2025,Leamington,Bedford,0.55999,2.24509,1.55681,2.73242,12.169,68.339,19.492
14168802,24/01/2026,Leamington,Curzon Ashton,0.64853,2.14406,0.98832,2.05418,14.704,64.555,20.741
14168833,07/02/2026,Leamington,Oxford,1.42762,1.04527,0.46958,0.28969,30.017,17.272,52.711
15399474,17/02/2026,Leamington,Spennymoor,2.00247,0.73716,1.52174,0.71331,58.07,15.893,26.037
14168873,21/02/2026,Leamington,Chester,0.21248,2.65001,0.22951,1.95432,2.499,83.75,13.751
14168886,24/02/2026,Leamington,Merthyr,1.39944,1.3566,2.08098,2.03133,38.516,37.088,24.396
14168904,07/03/2026,Leamington,Fylde,2.07727,0.69178,2.10795,1.17651,61.544,15.361,23.095
14168942,21/03/2026,Leamington,Scarborough,0.25226,2.64002,0.69699,2.92358,4.818,84.41,10.772
15495110,24/03/2026,Leamington,King's Lynn,0.61905,2.15412,0.93583,1.94598,13.074,64.243,22.683
14168958,28/03/2026,Leamington,Peterborough,2.48353,0.40423,4.07417,1.97174,79.043,9.733,11.224
14168487,09/08/2025,Macclesfield,Worksop,1.86381,0.92538,2.78799,2.04313,55.1,23.819,21.081
14168487,09/08/2025,Macclesfield,Worksop,1.86381,0.92538,2.78799,2.04313,55.1,23.819,21.081
14168509,23/08/2025,Macclesfield,Alfreton,0.35735,2.50553,0.94122,2.68996,7.341,78.947,13.712
14168487,09/08/2025,Macclesfield,Worksop,1.86381,0.92538,2.78799,2.04313,55.1,23.819,21.081
14168509,23/08/2025,Macclesfield,Alfreton,0.35735,2.50553,0.94122,2.68996,7.341,78.947,13.712
14168538,30/08/2025,Macclesfield,Darlington,1.80679,0.94873,1.99141,1.44341,52.077,23.475,24.448
14168487,09/08/2025,Macclesfield,Worksop,1.86381,0.92538,2.78799,2.04313,55.1,23.819,21.081
14168509,23/08/2025,Macclesfield,Alfreton,0.35735,2.50553,0.94122,2.68996,7.341,78.947,13.712
14168538,30/08/2025,Macclesfield,Darlington,1.80679,0.94873,1.99141,1.44341,52.077,23.475,24.448
14168548,02/09/2025,Macclesfield,Merthyr,0.38394,2.43048,0.5003,1.85983,6.612,74.83,18.558
14168487,09/08/2025,Macclesfield,Worksop,1.86381,0.92538,2.78799,2.04313,55.1,23.819,21.081
14168509,23/08/2025,Macclesfield,Alfreton,0.35735,2.50553,0.94122,2.68996,7.341,78.947,13.712
14168538,30/08/2025,Macclesfield,Darlington,1.80679,0.94873,1.99141,1.44341,52.077,23.475,24.448
14168548,02/09/2025,Macclesfield,Merthyr,0.38394,2.43048,0.5003,1.85983,6.612,74.83,18.558
14168583,04/10/2025,Macclesfield,Marine,1.15365,1.43064,0.53245,0.68016,24.598,33.831,41.571
14168487,09/08/2025,Macclesfield,Worksop,1.86381,0.92538,2.78799,2.04313,55.1,23.819,21.081
14168509,23/08/2025,Macclesfield,Alfreton,0.35735,2.50553,0.94122,2.68996,7.341,78.947,13.712
14168538,30/08/2025,Macclesfield,Darlington,1.80679,0.94873,1.99141,1.44341,52.077,23.475,24.448
14168548,02/09/2025,Macclesfield,Merthyr,0.38394,2.43048,0.5003,1.85983,6.612,74.83,18.558
14168583,04/10/2025,Macclesfield,Marine,1.15365,1.43064,0.53245,0.68016,24.598,33.831,41.571
14168615,18/10/2025,Macclesfield,Curzon Ashton,1.15177,1.58122,1.18852,1.46943,29.492,43.807,26.701
14168487,09/08/2025,Macclesfield,Worksop,1.86381,0.92538,2.78799,2.04313,55.1,23.819,21.081
14168509,23/08/2025,Macclesfield,Alfreton,0.35735,2.50553,0.94122,2.68996,7.341,78.947,13.712
14168538,30/08/2025,Macclesfield,Darlington,1.80679,0.94873,1.99141,1.44341,52.077,23.475,24.448
14168548,02/09/2025,Macclesfield,Merthyr,0.38394,2.43048,0.5003,1.85983,6.612,74.83,18.558
14168583,04/10/2025,Macclesfield,Marine,1.15365,1.43064,0.53245,0.68016,24.598,33.831,41.571
14168615,18/10/2025,Macclesfield,Curzon Ashton,1.15177,1.58122,1.18852,1.46943,29.492,43.807,26.701
14168635,25/10/2025,Macclesfield,South Shields,1.92843,0.73938,1.00248,0.43947,53.208,13.573,33.219
14168487,09/08/2025,Macclesfield,Worksop,1.86381,0.92538,2.78799,2.04313,55.1,23.819,21.081
14168509,23/08/2025,Macclesfield,Alfreton,0.35735,2.50553,0.94122,2.68996,7.341,78.947,13.712
14168538,30/08/2025,Macclesfield,Darlington,1.80679,0.94873,1.99141,1.44341,52.077,23.475,24.448
14168548,02/09/2025,Macclesfield,Merthyr,0.38394,2.43048,0.5003,1.85983,6.612,74.83,18.558
14168583,04/10/2025,Macclesfield,Marine,1.15365,1.43064,0.53245,0.68016,24.598,33.831,41.571
14168615,18/10/2025,Macclesfield,Curzon Ashton,1.15177,1.58122,1.18852,1.46943,29.492,43.807,26.701
14168635,25/10/2025,Macclesfield,South Shields,1.92843,0.73938,1.00248,0.43947,53.208,13.573,33.219
14168665,04/11/2025,Macclesfield,Peterborough,2.08473,0.69294,1.89964,0.9165,62.08,15.687,22.233
14168487,09/08/2025,Macclesfield,Worksop,1.86381,0.92538,2.78799,2.04313,55.1,23.819,21.081
14168509,23/08/2025,Macclesfield,Alfreton,0.35735,2.50553,0.94122,2.68996,7.341,78.947,13.712
14168538,30/08/2025,Macclesfield,Darlington,1.80679,0.94873,1.99141,1.44341,52.077,23.475,24.448
14168548,02/09/2025,Macclesfield,Merthyr,0.38394,2.43048,0.5003,1.85983,6.612,74.83,18.558
14168583,04/10/2025,Macclesfield,Marine,1.15365,1.43064,0.53245,0.68016,24.598,33.831,41.571
14168615,18/10/2025,Macclesfield,Curzon Ashton,1.15177,1.58122,1.18852,1.46943,29.492,43.807,26.701
14168635,25/10/2025,Macclesfield,South Shields,1.92843,0.73938,1.00248,0.43947,53.208,13.573,33.219
14168665,04/11/2025,Macclesfield,Peterborough,2.08473,0.69294,1.89964,0.9165,62.08,15.687,22.233
14168669,08/11/2025,Macclesfield,Telford,1.52001,1.12644,0.99343,0.77255,38.882,25.763,35.355
14168487,09/08/2025,Macclesfield,Worksop,1.86381,0.92538,2.78799,2.04313,55.1,23.819,21.081
14168509,23/08/2025,Macclesfield,Alfreton,0.35735,2.50553,0.94122,2.68996,7.341,78.947,13.712
14168538,30/08/2025,Macclesfield,Darlington,1.80679,0.94873,1.99141,1.44341,52.077,23.475,24.448
14168548,02/09/2025,Macclesfield,Merthyr,0.38394,2.43048,0.5003,1.85983,6.612,74.83,18.558
14168583,04/10/2025,Macclesfield,Marine,1.15365,1.43064,0.53245,0.68016,24.598,33.831,41.571
14168615,18/10/2025,Macclesfield,Curzon Ashton,1.15177,1.58122,1.18852,1.46943,29.492,43.807,26.701
14168635,25/10/2025,Macclesfield,South Shields,1.92843,0.73938,1.00248,0.43947,53.208,13.573,33.219
14168665,04/11/2025,Macclesfield,Peterborough,2.08473,0.69294,1.89964,0.9165,62.08,15.687,22.233
14168669,08/11/2025,Macclesfield,Telford,1.52001,1.12644,0.99343,0.77255,38.882,25.763,35.355
14168708,29/11/2025,Macclesfield,Scarborough,0.98238,1.76274,1.17132,1.6622,24.25,50.262,25.488
14168487,09/08/2025,Macclesfield,Worksop,1.86381,0.92538,2.78799,2.04313,55.1,23.819,21.081
14168509,23/08/2025,Macclesfield,Alfreton,0.35735,2.50553,0.94122,2.68996,7.341,78.947,13.712
14168538,30/08/2025,Macclesfield,Darlington,1.80679,0.94873,1.99141,1.44341,52.077,23.475,24.448
14168548,02/09/2025,Macclesfield,Merthyr,0.38394,2.43048,0.5003,1.85983,6.612,74.83,18.558
14168583,04/10/2025,Macclesfield,Marine,1.15365,1.43064,0.53245,0.68016,24.598,33.831,41.571
14168615,18/10/2025,Macclesfield,Curzon Ashton,1.15177,1.58122,1.18852,1.46943,29.492,43.807,26.701
14168635,25/10/2025,Macclesfield,South Shields,1.92843,0.73938,1.00248,0.43947,53.208,13.573,33.219
14168665,04/11/2025,Macclesfield,Peterborough,2.08473,0.69294,1.89964,0.9165,62.08,15.687,22.233
14168669,08/11/2025,Macclesfield,Telford,1.52001,1.12644,0.99343,0.77255,38.882,25.763,35.355
14168708,29/11/2025,Macclesfield,Scarborough,0.98238,1.76274,1.17132,1.6622,24.25,50.262,25.488
14168739,26/12/2025,Macclesfield,Buxton,2.01641,0.72833,1.64219,0.90103,58.705,15.769,25.526
14168487,09/08/2025,Macclesfield,Worksop,1.86381,0.92538,2.78799,2.04313,55.1,23.819,21.081
14168509,23/08/2025,Macclesfield,Alfreton,0.35735,2.50553,0.94122,2.68996,7.341,78.947,13.712
14168538,30/08/2025,Macclesfield,Darlington,1.80679,0.94873,1.99141,1.44341,52.077,23.475,24.448
14168548,02/09/2025,Macclesfield,Merthyr,0.38394,2.43048,0.5003,1.85983,6.612,74.83,18.558
14168583,04/10/2025,Macclesfield,Marine,1.15365,1.43064,0.53245,0.68016,24.598,33.831,41.571
14168615,18/10/2025,Macclesfield,Curzon Ashton,1.15177,1.58122,1.18852,1.46943,29.492,43.807,26.701
14168635,25/10/2025,Macclesfield,South Shields,1.92843,0.73938,1.00248,0.43947,53.208,13.573,33.219
14168665,04/11/2025,Macclesfield,Peterborough,2.08473,0.69294,1.89964,0.9165,62.08,15.687,22.233
14168669,08/11/2025,Macclesfield,Telford,1.52001,1.12644,0.99343,0.77255,38.882,25.763,35.355
14168708,29/11/2025,Macclesfield,Scarborough,0.98238,1.76274,1.17132,1.6622,24.25,50.262,25.488
14168739,26/12/2025,Macclesfield,Buxton,2.01641,0.72833,1.64219,0.90103,58.705,15.769,25.526
15122242,06/01/2026,Macclesfield,Radcliffe,0.98642,1.78745,1.69373,2.24257,25.343,52.044,22.613
14168487,09/08/2025,Macclesfield,Worksop,1.86381,0.92538,2.78799,2.04313,55.1,23.819,21.081
14168509,23/08/2025,Macclesfield,Alfreton,0.35735,2.50553,0.94122,2.68996,7.341,78.947,13.712
14168538,30/08/2025,Macclesfield,Darlington,1.80679,0.94873,1.99141,1.44341,52.077,23.475,24.448
14168548,02/09/2025,Macclesfield,Merthyr,0.38394,2.43048,0.5003,1.85983,6.612,74.83,18.558
14168583,04/10/2025,Macclesfield,Marine,1.15365,1.43064,0.53245,0.68016,24.598,33.831,41.571
14168615,18/10/2025,Macclesfield,Curzon Ashton,1.15177,1.58122,1.18852,1.46943,29.492,43.807,26.701
14168635,25/10/2025,Macclesfield,South Shields,1.92843,0.73938,1.00248,0.43947,53.208,13.573,33.219
14168665,04/11/2025,Macclesfield,Peterborough,2.08473,0.69294,1.89964,0.9165,62.08,15.687,22.233
14168669,08/11/2025,Macclesfield,Telford,1.52001,1.12644,0.99343,0.77255,38.882,25.763,35.355
14168708,29/11/2025,Macclesfield,Scarborough,0.98238,1.76274,1.17132,1.6622,24.25,50.262,25.488
14168739,26/12/2025,Macclesfield,Buxton,2.01641,0.72833,1.64219,0.90103,58.705,15.769,25.526
15122242,06/01/2026,Macclesfield,Radcliffe,0.98642,1.78745,1.69373,2.24257,25.343,52.044,22.613
14168793,17/01/2026,Macclesfield,Oxford,2.72222,0.17,2.18057,0.28105,87.148,2.074,10.778
14168487,09/08/2025,Macclesfield,Worksop,1.86381,0.92538,2.78799,2.04313,55.1,23.819,21.081
14168509,23/08/2025,Macclesfield,Alfreton,0.35735,2.50553,0.94122,2.68996,7.341,78.947,13.712
14168538,30/08/2025,Macclesfield,Darlington,1.80679,0.94873,1.99141,1.44341,52.077,23.475,24.448
14168548,02/09/2025,Macclesfield,Merthyr,0.38394,2.43048,0.5003,1.85983,6.612,74.83,18.558
14168583,04/10/2025,Macclesfield,Marine,1.15365,1.43064,0.53245,0.68016,24.598,33.831,41.571
14168615,18/10/2025,Macclesfield,Curzon Ashton,1.15177,1.58122,1.18852,1.46943,29.492,43.807,26.701
14168635,25/10/2025,Macclesfield,South Shields,1.92843,0.73938,1.00248,0.43947,53.208,13.573,33.219
14168665,04/11/2025,Macclesfield,Peterborough,2.08473,0.69294,1.89964,0.9165,62.08,15.687,22.233
14168669,08/11/2025,Macclesfield,Telford,1.52001,1.12644,0.99343,0.77255,38.882,25.763,35.355
14168708,29/11/2025,Macclesfield,Scarborough,0.98238,1.76274,1.17132,1.6622,24.25,50.262,25.488
14168739,26/12/2025,Macclesfield,Buxton,2.01641,0.72833,1.64219,0.90103,58.705,15.769,25.526
15122242,06/01/2026,Macclesfield,Radcliffe,0.98642,1.78745,1.69373,2.24257,25.343,52.044,22.613
14168793,17/01/2026,Macclesfield,Oxford,2.72222,0.17,2.18057,0.28105,87.148,2.074,10.778
14168827,31/01/2026,Macclesfield,Bedford,1.38284,1.30562,1.25646,1.19086,35.71,33.136,31.154
14168487,09/08/2025,Macclesfield,Worksop,1.86381,0.92538,2.78799,2.04313,55.1,23.819,21.081
14168509,23/08/2025,Macclesfield,Alfreton,0.35735,2.50553,0.94122,2.68996,7.341,78.947,13.712
14168538,30/08/2025,Macclesfield,Darlington,1.80679,0.94873,1.99141,1.44341,52.077,23.475,24.448
14168548,02/09/2025,Macclesfield,Merthyr,0.38394,2.43048,0.5003,1.85983,6.612,74.83,18.558
14168583,04/10/2025,Macclesfield,Marine,1.15365,1.43064,0.53245,0.68016,24.598,33.831,41.571
14168615,18/10/2025,Macclesfield,Curzon Ashton,1.15177,1.58122,1.18852,1.46943,29.492,43.807,26.701
14168635,25/10/2025,Macclesfield,South Shields,1.92843,0.73938,1.00248,0.43947,53.208,13.573,33.219
14168665,04/11/2025,Macclesfield,Peterborough,2.08473,0.69294,1.89964,0.9165,62.08,15.687,22.233
14168669,08/11/2025,Macclesfield,Telford,1.52001,1.12644,0.99343,0.77255,38.882,25.763,35.355
14168708,29/11/2025,Macclesfield,Scarborough,0.98238,1.76274,1.17132,1.6622,24.25,50.262,25.488
14168739,26/12/2025,Macclesfield,Buxton,2.01641,0.72833,1.64219,0.90103,58.705,15.769,25.526
15122242,06/01/2026,Macclesfield,Radcliffe,0.98642,1.78745,1.69373,2.24257,25.343,52.044,22.613
14168793,17/01/2026,Macclesfield,Oxford,2.72222,0.17,2.18057,0.28105,87.148,2.074,10.778
14168827,31/01/2026,Macclesfield,Bedford,1.38284,1.30562,1.25646,1.19086,35.71,33.136,31.154
15227997,03/02/2026,Macclesfield,Kidderminster,2.5368,0.33597,3.61351,1.71935,80.319,6.958,12.723
14168487,09/08/2025,Macclesfield,Worksop,1.86381,0.92538,2.78799,2.04313,55.1,23.819,21.081
14168509,23/08/2025,Macclesfield,Alfreton,0.35735,2.50553,0.94122,2.68996,7.341,78.947,13.712
14168538,30/08/2025,Macclesfield,Darlington,1.80679,0.94873,1.99141,1.44341,52.077,23.475,24.448
14168548,02/09/2025,Macclesfield,Merthyr,0.38394,2.43048,0.5003,1.85983,6.612,74.83,18.558
14168583,04/10/2025,Macclesfield,Marine,1.15365,1.43064,0.53245,0.68016,24.598,33.831,41.571
14168615,18/10/2025,Macclesfield,Curzon Ashton,1.15177,1.58122,1.18852,1.46943,29.492,43.807,26.701
14168635,25/10/2025,Macclesfield,South Shields,1.92843,0.73938,1.00248,0.43947,53.208,13.573,33.219
14168665,04/11/2025,Macclesfield,Peterborough,2.08473,0.69294,1.89964,0.9165,62.08,15.687,22.233
14168669,08/11/2025,Macclesfield,Telford,1.52001,1.12644,0.99343,0.77255,38.882,25.763,35.355
14168708,29/11/2025,Macclesfield,Scarborough,0.98238,1.76274,1.17132,1.6622,24.25,50.262,25.488
14168739,26/12/2025,Macclesfield,Buxton,2.01641,0.72833,1.64219,0.90103,58.705,15.769,25.526
15122242,06/01/2026,Macclesfield,Radcliffe,0.98642,1.78745,1.69373,2.24257,25.343,52.044,22.613
14168793,17/01/2026,Macclesfield,Oxford,2.72222,0.17,2.18057,0.28105,87.148,2.074,10.778
14168827,31/01/2026,Macclesfield,Bedford,1.38284,1.30562,1.25646,1.19086,35.71,33.136,31.154
15227997,03/02/2026,Macclesfield,Kidderminster,2.5368,0.33597,3.61351,1.71935,80.319,6.958,12.723
14168852,10/02/2026,Macclesfield,Leamington,2.37382,0.39922,1.48656,0.28446,71.562,5.742,22.696
14168487,09/08/2025,Macclesfield,Worksop,1.86381,0.92538,2.78799,2.04313,55.1,23.819,21.081
14168509,23/08/2025,Macclesfield,Alfreton,0.35735,2.50553,0.94122,2.68996,7.341,78.947,13.712
14168538,30/08/2025,Macclesfield,Darlington,1.80679,0.94873,1.99141,1.44341,52.077,23.475,24.448
14168548,02/09/2025,Macclesfield,Merthyr,0.38394,2.43048,0.5003,1.85983,6.612,74.83,18.558
14168583,04/10/2025,Macclesfield,Marine,1.15365,1.43064,0.53245,0.68016,24.598,33.831,41.571
14168615,18/10/2025,Macclesfield,Curzon Ashton,1.15177,1.58122,1.18852,1.46943,29.492,43.807,26.701
14168635,25/10/2025,Macclesfield,South Shields,1.92843,0.73938,1.00248,0.43947,53.208,13.573,33.219
14168665,04/11/2025,Macclesfield,Peterborough,2.08473,0.69294,1.89964,0.9165,62.08,15.687,22.233
14168669,08/11/2025,Macclesfield,Telford,1.52001,1.12644,0.99343,0.77255,38.882,25.763,35.355
14168708,29/11/2025,Macclesfield,Scarborough,0.98238,1.76274,1.17132,1.6622,24.25,50.262,25.488
14168739,26/12/2025,Macclesfield,Buxton,2.01641,0.72833,1.64219,0.90103,58.705,15.769,25.526
15122242,06/01/2026,Macclesfield,Radcliffe,0.98642,1.78745,1.69373,2.24257,25.343,52.044,22.613
14168793,17/01/2026,Macclesfield,Oxford,2.72222,0.17,2.18057,0.28105,87.148,2.074,10.778
14168827,31/01/2026,Macclesfield,Bedford,1.38284,1.30562,1.25646,1.19086,35.71,33.136,31.154
15227997,03/02/2026,Macclesfield,Kidderminster,2.5368,0.33597,3.61351,1.71935,80.319,6.958,12.723
14168852,10/02/2026,Macclesfield,Leamington,2.37382,0.39922,1.48656,0.28446,71.562,5.742,22.696
14168872,21/02/2026,Macclesfield,King's Lynn,2.64942,0.22929,2.45268,0.51913,84.271,3.6,12.129
14168487,09/08/2025,Macclesfield,Worksop,1.86381,0.92538,2.78799,2.04313,55.1,23.819,21.081
14168509,23/08/2025,Macclesfield,Alfreton,0.35735,2.50553,0.94122,2.68996,7.341,78.947,13.712
14168538,30/08/2025,Macclesfield,Darlington,1.80679,0.94873,1.99141,1.44341,52.077,23.475,24.448
14168548,02/09/2025,Macclesfield,Merthyr,0.38394,2.43048,0.5003,1.85983,6.612,74.83,18.558
14168583,04/10/2025,Macclesfield,Marine,1.15365,1.43064,0.53245,0.68016,24.598,33.831,41.571
14168615,18/10/2025,Macclesfield,Curzon Ashton,1.15177,1.58122,1.18852,1.46943,29.492,43.807,26.701
14168635,25/10/2025,Macclesfield,South Shields,1.92843,0.73938,1.00248,0.43947,53.208,13.573,33.219
14168665,04/11/2025,Macclesfield,Peterborough,2.08473,0.69294,1.89964,0.9165,62.08,15.687,22.233
14168669,08/11/2025,Macclesfield,Telford,1.52001,1.12644,0.99343,0.77255,38.882,25.763,35.355
14168708,29/11/2025,Macclesfield,Scarborough,0.98238,1.76274,1.17132,1.6622,24.25,50.262,25.488
14168739,26/12/2025,Macclesfield,Buxton,2.01641,0.72833,1.64219,0.90103,58.705,15.769,25.526
15122242,06/01/2026,Macclesfield,Radcliffe,0.98642,1.78745,1.69373,2.24257,25.343,52.044,22.613
14168793,17/01/2026,Macclesfield,Oxford,2.72222,0.17,2.18057,0.28105,87.148,2.074,10.778
14168827,31/01/2026,Macclesfield,Bedford,1.38284,1.30562,1.25646,1.19086,35.71,33.136,31.154
15227997,03/02/2026,Macclesfield,Kidderminster,2.5368,0.33597,3.61351,1.71935,80.319,6.958,12.723
14168852,10/02/2026,Macclesfield,Leamington,2.37382,0.39922,1.48656,0.28446,71.562,5.742,22.696
14168872,21/02/2026,Macclesfield,King's Lynn,2.64942,0.22929,2.45268,0.51913,84.271,3.6,12.129
14168883,24/02/2026,Macclesfield,Fylde,0.76549,1.9588,0.68002,1.34787,16.326,56.103,27.571
14168487,09/08/2025,Macclesfield,Worksop,1.86381,0.92538,2.78799,2.04313,55.1,23.819,21.081
14168509,23/08/2025,Macclesfield,Alfreton,0.35735,2.50553,0.94122,2.68996,7.341,78.947,13.712
14168538,30/08/2025,Macclesfield,Darlington,1.80679,0.94873,1.99141,1.44341,52.077,23.475,24.448
14168548,02/09/2025,Macclesfield,Merthyr,0.38394,2.43048,0.5003,1.85983,6.612,74.83,18.558
14168583,04/10/2025,Macclesfield,Marine,1.15365,1.43064,0.53245,0.68016,24.598,33.831,41.571
14168615,18/10/2025,Macclesfield,Curzon Ashton,1.15177,1.58122,1.18852,1.46943,29.492,43.807,26.701
14168635,25/10/2025,Macclesfield,South Shields,1.92843,0.73938,1.00248,0.43947,53.208,13.573,33.219
14168665,04/11/2025,Macclesfield,Peterborough,2.08473,0.69294,1.89964,0.9165,62.08,15.687,22.233
14168669,08/11/2025,Macclesfield,Telford,1.52001,1.12644,0.99343,0.77255,38.882,25.763,35.355
14168708,29/11/2025,Macclesfield,Scarborough,0.98238,1.76274,1.17132,1.6622,24.25,50.262,25.488
14168739,26/12/2025,Macclesfield,Buxton,2.01641,0.72833,1.64219,0.90103,58.705,15.769,25.526
15122242,06/01/2026,Macclesfield,Radcliffe,0.98642,1.78745,1.69373,2.24257,25.343,52.044,22.613
14168793,17/01/2026,Macclesfield,Oxford,2.72222,0.17,2.18057,0.28105,87.148,2.074,10.778
14168827,31/01/2026,Macclesfield,Bedford,1.38284,1.30562,1.25646,1.19086,35.71,33.136,31.154
15227997,03/02/2026,Macclesfield,Kidderminster,2.5368,0.33597,3.61351,1.71935,80.319,6.958,12.723
14168852,10/02/2026,Macclesfield,Leamington,2.37382,0.39922,1.48656,0.28446,71.562,5.742,22.696
14168872,21/02/2026,Macclesfield,King's Lynn,2.64942,0.22929,2.45268,0.51913,84.271,3.6,12.129
14168883,24/02/2026,Macclesfield,Fylde,0.76549,1.9588,0.68002,1.34787,16.326,56.103,27.571
14168908,07/03/2026,Macclesfield,Chorley,1.46894,1.18589,1.23669,1.00572,37.459,28.024,34.517
14168487,09/08/2025,Macclesfield,Worksop,1.86381,0.92538,2.78799,2.04313,55.1,23.819,21.081
14168509,23/08/2025,Macclesfield,Alfreton,0.35735,2.50553,0.94122,2.68996,7.341,78.947,13.712
14168538,30/08/2025,Macclesfield,Darlington,1.80679,0.94873,1.99141,1.44341,52.077,23.475,24.448
14168548,02/09/2025,Macclesfield,Merthyr,0.38394,2.43048,0.5003,1.85983,6.612,74.83,18.558
14168583,04/10/2025,Macclesfield,Marine,1.15365,1.43064,0.53245,0.68016,24.598,33.831,41.571
14168615,18/10/2025,Macclesfield,Curzon Ashton,1.15177,1.58122,1.18852,1.46943,29.492,43.807,26.701
14168635,25/10/2025,Macclesfield,South Shields,1.92843,0.73938,1.00248,0.43947,53.208,13.573,33.219
14168665,04/11/2025,Macclesfield,Peterborough,2.08473,0.69294,1.89964,0.9165,62.08,15.687,22.233
14168669,08/11/2025,Macclesfield,Telford,1.52001,1.12644,0.99343,0.77255,38.882,25.763,35.355
14168708,29/11/2025,Macclesfield,Scarborough,0.98238,1.76274,1.17132,1.6622,24.25,50.262,25.488
14168739,26/12/2025,Macclesfield,Buxton,2.01641,0.72833,1.64219,0.90103,58.705,15.769,25.526
15122242,06/01/2026,Macclesfield,Radcliffe,0.98642,1.78745,1.69373,2.24257,25.343,52.044,22.613
14168793,17/01/2026,Macclesfield,Oxford,2.72222,0.17,2.18057,0.28105,87.148,2.074,10.778
14168827,31/01/2026,Macclesfield,Bedford,1.38284,1.30562,1.25646,1.19086,35.71,33.136,31.154
15227997,03/02/2026,Macclesfield,Kidderminster,2.5368,0.33597,3.61351,1.71935,80.319,6.958,12.723
14168852,10/02/2026,Macclesfield,Leamington,2.37382,0.39922,1.48656,0.28446,71.562,5.742,22.696
14168872,21/02/2026,Macclesfield,King's Lynn,2.64942,0.22929,2.45268,0.51913,84.271,3.6,12.129
14168883,24/02/2026,Macclesfield,Fylde,0.76549,1.9588,0.68002,1.34787,16.326,56.103,27.571
14168908,07/03/2026,Macclesfield,Chorley,1.46894,1.18589,1.23669,1.00572,37.459,28.024,34.517
14168943,21/03/2026,Macclesfield,Hereford,2.41688,0.42338,2.44521,0.91718,75.238,8.788,15.974
14168472,16/08/2025,Marine,Buxton,1.56879,1.12698,1.5077,1.24718,42.152,27.425,30.423
14168472,16/08/2025,Marine,Buxton,1.56879,1.12698,1.5077,1.24718,42.152,27.425,30.423
14168510,23/08/2025,Marine,Bedford,0.4948,2.28412,0.59001,1.66895,9.124,68.768,22.108
14168472,16/08/2025,Marine,Buxton,1.56879,1.12698,1.5077,1.24718,42.152,27.425,30.423
14168510,23/08/2025,Marine,Bedford,0.4948,2.28412,0.59001,1.66895,9.124,68.768,22.108
14168541,30/08/2025,Marine,Peterborough,1.03408,1.6795,0.94274,1.34273,24.922,46.436,28.642
14168472,16/08/2025,Marine,Buxton,1.56879,1.12698,1.5077,1.24718,42.152,27.425,30.423
14168510,23/08/2025,Marine,Bedford,0.4948,2.28412,0.59001,1.66895,9.124,68.768,22.108
14168541,30/08/2025,Marine,Peterborough,1.03408,1.6795,0.94274,1.34273,24.922,46.436,28.642
14168549,02/09/2025,Marine,Darlington,0.54998,2.25593,0.86255,2.07725,11.863,68.728,19.409
14168472,16/08/2025,Marine,Buxton,1.56879,1.12698,1.5077,1.24718,42.152,27.425,30.423
14168510,23/08/2025,Marine,Bedford,0.4948,2.28412,0.59001,1.66895,9.124,68.768,22.108
14168541,30/08/2025,Marine,Peterborough,1.03408,1.6795,0.94274,1.34273,24.922,46.436,28.642
14168549,02/09/2025,Marine,Darlington,0.54998,2.25593,0.86255,2.07725,11.863,68.728,19.409
14168577,20/09/2025,Marine,King's Lynn,0.42512,2.26283,0.12522,0.96798,3.769,65.026,31.205
14168472,16/08/2025,Marine,Buxton,1.56879,1.12698,1.5077,1.24718,42.152,27.425,30.423
14168510,23/08/2025,Marine,Bedford,0.4948,2.28412,0.59001,1.66895,9.124,68.768,22.108
14168541,30/08/2025,Marine,Peterborough,1.03408,1.6795,0.94274,1.34273,24.922,46.436,28.642
14168549,02/09/2025,Marine,Darlington,0.54998,2.25593,0.86255,2.07725,11.863,68.728,19.409
14168577,20/09/2025,Marine,King's Lynn,0.42512,2.26283,0.12522,0.96798,3.769,65.026,31.205
14168619,11/10/2025,Marine,Curzon Ashton,1.23599,1.50872,1.49638,1.70635,32.69,41.781,25.529
14168472,16/08/2025,Marine,Buxton,1.56879,1.12698,1.5077,1.24718,42.152,27.425,30.423
14168510,23/08/2025,Marine,Bedford,0.4948,2.28412,0.59001,1.66895,9.124,68.768,22.108
14168541,30/08/2025,Marine,Peterborough,1.03408,1.6795,0.94274,1.34273,24.922,46.436,28.642
14168549,02/09/2025,Marine,Darlington,0.54998,2.25593,0.86255,2.07725,11.863,68.728,19.409
14168577,20/09/2025,Marine,King's Lynn,0.42512,2.26283,0.12522,0.96798,3.769,65.026,31.205
14168619,11/10/2025,Marine,Curzon Ashton,1.23599,1.50872,1.49638,1.70635,32.69,41.781,25.529
14168642,01/11/2025,Marine,Fylde,0.98905,1.72849,0.97878,1.41367,23.553,48.201,28.246
14168472,16/08/2025,Marine,Buxton,1.56879,1.12698,1.5077,1.24718,42.152,27.425,30.423
14168510,23/08/2025,Marine,Bedford,0.4948,2.28412,0.59001,1.66895,9.124,68.768,22.108
14168541,30/08/2025,Marine,Peterborough,1.03408,1.6795,0.94274,1.34273,24.922,46.436,28.642
14168549,02/09/2025,Marine,Darlington,0.54998,2.25593,0.86255,2.07725,11.863,68.728,19.409
14168577,20/09/2025,Marine,King's Lynn,0.42512,2.26283,0.12522,0.96798,3.769,65.026,31.205
14168619,11/10/2025,Marine,Curzon Ashton,1.23599,1.50872,1.49638,1.70635,32.69,41.781,25.529
14168642,01/11/2025,Marine,Fylde,0.98905,1.72849,0.97878,1.41367,23.553,48.201,28.246
14837164,11/11/2025,Marine,Telford,1.73343,1.00395,1.53592,1.05714,49.027,24.711,26.262
14168472,16/08/2025,Marine,Buxton,1.56879,1.12698,1.5077,1.24718,42.152,27.425,30.423
14168510,23/08/2025,Marine,Bedford,0.4948,2.28412,0.59001,1.66895,9.124,68.768,22.108
14168541,30/08/2025,Marine,Peterborough,1.03408,1.6795,0.94274,1.34273,24.922,46.436,28.642
14168549,02/09/2025,Marine,Darlington,0.54998,2.25593,0.86255,2.07725,11.863,68.728,19.409
14168577,20/09/2025,Marine,King's Lynn,0.42512,2.26283,0.12522,0.96798,3.769,65.026,31.205
14168619,11/10/2025,Marine,Curzon Ashton,1.23599,1.50872,1.49638,1.70635,32.69,41.781,25.529
14168642,01/11/2025,Marine,Fylde,0.98905,1.72849,0.97878,1.41367,23.553,48.201,28.246
14837164,11/11/2025,Marine,Telford,1.73343,1.00395,1.53592,1.05714,49.027,24.711,26.262
14168680,22/11/2025,Marine,Oxford,2.8292,0.10394,2.65363,0.26034,92.078,1.236,6.686
14168472,16/08/2025,Marine,Buxton,1.56879,1.12698,1.5077,1.24718,42.152,27.425,30.423
14168510,23/08/2025,Marine,Bedford,0.4948,2.28412,0.59001,1.66895,9.124,68.768,22.108
14168541,30/08/2025,Marine,Peterborough,1.03408,1.6795,0.94274,1.34273,24.922,46.436,28.642
14168549,02/09/2025,Marine,Darlington,0.54998,2.25593,0.86255,2.07725,11.863,68.728,19.409
14168577,20/09/2025,Marine,King's Lynn,0.42512,2.26283,0.12522,0.96798,3.769,65.026,31.205
14168619,11/10/2025,Marine,Curzon Ashton,1.23599,1.50872,1.49638,1.70635,32.69,41.781,25.529
14168642,01/11/2025,Marine,Fylde,0.98905,1.72849,0.97878,1.41367,23.553,48.201,28.246
14837164,11/11/2025,Marine,Telford,1.73343,1.00395,1.53592,1.05714,49.027,24.711,26.262
14168680,22/11/2025,Marine,Oxford,2.8292,0.10394,2.65363,0.26034,92.078,1.236,6.686
14168692,25/11/2025,Marine,Kidderminster,1.66478,0.98672,0.93927,0.60189,43.876,21.274,34.85
14168472,16/08/2025,Marine,Buxton,1.56879,1.12698,1.5077,1.24718,42.152,27.425,30.423
14168510,23/08/2025,Marine,Bedford,0.4948,2.28412,0.59001,1.66895,9.124,68.768,22.108
14168541,30/08/2025,Marine,Peterborough,1.03408,1.6795,0.94274,1.34273,24.922,46.436,28.642
14168549,02/09/2025,Marine,Darlington,0.54998,2.25593,0.86255,2.07725,11.863,68.728,19.409
14168577,20/09/2025,Marine,King's Lynn,0.42512,2.26283,0.12522,0.96798,3.769,65.026,31.205
14168619,11/10/2025,Marine,Curzon Ashton,1.23599,1.50872,1.49638,1.70635,32.69,41.781,25.529
14168642,01/11/2025,Marine,Fylde,0.98905,1.72849,0.97878,1.41367,23.553,48.201,28.246
14837164,11/11/2025,Marine,Telford,1.73343,1.00395,1.53592,1.05714,49.027,24.711,26.262
14168680,22/11/2025,Marine,Oxford,2.8292,0.10394,2.65363,0.26034,92.078,1.236,6.686
14168692,25/11/2025,Marine,Kidderminster,1.66478,0.98672,0.93927,0.60189,43.876,21.274,34.85
14168717,06/12/2025,Marine,Spennymoor,0.40051,2.40481,0.45709,1.79866,6.861,73.671,19.468
14168472,16/08/2025,Marine,Buxton,1.56879,1.12698,1.5077,1.24718,42.152,27.425,30.423
14168510,23/08/2025,Marine,Bedford,0.4948,2.28412,0.59001,1.66895,9.124,68.768,22.108
14168541,30/08/2025,Marine,Peterborough,1.03408,1.6795,0.94274,1.34273,24.922,46.436,28.642
14168549,02/09/2025,Marine,Darlington,0.54998,2.25593,0.86255,2.07725,11.863,68.728,19.409
14168577,20/09/2025,Marine,King's Lynn,0.42512,2.26283,0.12522,0.96798,3.769,65.026,31.205
14168619,11/10/2025,Marine,Curzon Ashton,1.23599,1.50872,1.49638,1.70635,32.69,41.781,25.529
14168642,01/11/2025,Marine,Fylde,0.98905,1.72849,0.97878,1.41367,23.553,48.201,28.246
14837164,11/11/2025,Marine,Telford,1.73343,1.00395,1.53592,1.05714,49.027,24.711,26.262
14168680,22/11/2025,Marine,Oxford,2.8292,0.10394,2.65363,0.26034,92.078,1.236,6.686
14168692,25/11/2025,Marine,Kidderminster,1.66478,0.98672,0.93927,0.60189,43.876,21.274,34.85
14168717,06/12/2025,Marine,Spennymoor,0.40051,2.40481,0.45709,1.79866,6.861,73.671,19.468
14168741,26/12/2025,Marine,Southport,2.87182,0.07432,2.30794,0.19339,93.932,0.682,5.386
14168472,16/08/2025,Marine,Buxton,1.56879,1.12698,1.5077,1.24718,42.152,27.425,30.423
14168510,23/08/2025,Marine,Bedford,0.4948,2.28412,0.59001,1.66895,9.124,68.768,22.108
14168541,30/08/2025,Marine,Peterborough,1.03408,1.6795,0.94274,1.34273,24.922,46.436,28.642
14168549,02/09/2025,Marine,Darlington,0.54998,2.25593,0.86255,2.07725,11.863,68.728,19.409
14168577,20/09/2025,Marine,King's Lynn,0.42512,2.26283,0.12522,0.96798,3.769,65.026,31.205
14168619,11/10/2025,Marine,Curzon Ashton,1.23599,1.50872,1.49638,1.70635,32.69,41.781,25.529
14168642,01/11/2025,Marine,Fylde,0.98905,1.72849,0.97878,1.41367,23.553,48.201,28.246
14837164,11/11/2025,Marine,Telford,1.73343,1.00395,1.53592,1.05714,49.027,24.711,26.262
14168680,22/11/2025,Marine,Oxford,2.8292,0.10394,2.65363,0.26034,92.078,1.236,6.686
14168692,25/11/2025,Marine,Kidderminster,1.66478,0.98672,0.93927,0.60189,43.876,21.274,34.85
14168717,06/12/2025,Marine,Spennymoor,0.40051,2.40481,0.45709,1.79866,6.861,73.671,19.468
14168741,26/12/2025,Marine,Southport,2.87182,0.07432,2.30794,0.19339,93.932,0.682,5.386
15234057,20/01/2026,Marine,Radcliffe,2.80604,0.12092,2.6899,0.4693,91.1,1.596,7.304
14168472,16/08/2025,Marine,Buxton,1.56879,1.12698,1.5077,1.24718,42.152,27.425,30.423
14168510,23/08/2025,Marine,Bedford,0.4948,2.28412,0.59001,1.66895,9.124,68.768,22.108
14168541,30/08/2025,Marine,Peterborough,1.03408,1.6795,0.94274,1.34273,24.922,46.436,28.642
14168549,02/09/2025,Marine,Darlington,0.54998,2.25593,0.86255,2.07725,11.863,68.728,19.409
14168577,20/09/2025,Marine,King's Lynn,0.42512,2.26283,0.12522,0.96798,3.769,65.026,31.205
14168619,11/10/2025,Marine,Curzon Ashton,1.23599,1.50872,1.49638,1.70635,32.69,41.781,25.529
14168642,01/11/2025,Marine,Fylde,0.98905,1.72849,0.97878,1.41367,23.553,48.201,28.246
14837164,11/11/2025,Marine,Telford,1.73343,1.00395,1.53592,1.05714,49.027,24.711,26.262
14168680,22/11/2025,Marine,Oxford,2.8292,0.10394,2.65363,0.26034,92.078,1.236,6.686
14168692,25/11/2025,Marine,Kidderminster,1.66478,0.98672,0.93927,0.60189,43.876,21.274,34.85
14168717,06/12/2025,Marine,Spennymoor,0.40051,2.40481,0.45709,1.79866,6.861,73.671,19.468
14168741,26/12/2025,Marine,Southport,2.87182,0.07432,2.30794,0.19339,93.932,0.682,5.386
15234057,20/01/2026,Marine,Radcliffe,2.80604,0.12092,2.6899,0.4693,91.1,1.596,7.304
14168797,24/01/2026,Marine,South Shields,1.70388,0.95859,1.01968,0.6726,45.545,20.702,33.753
14168472,16/08/2025,Marine,Buxton,1.56879,1.12698,1.5077,1.24718,42.152,27.425,30.423
14168510,23/08/2025,Marine,Bedford,0.4948,2.28412,0.59001,1.66895,9.124,68.768,22.108
14168541,30/08/2025,Marine,Peterborough,1.03408,1.6795,0.94274,1.34273,24.922,46.436,28.642
14168549,02/09/2025,Marine,Darlington,0.54998,2.25593,0.86255,2.07725,11.863,68.728,19.409
14168577,20/09/2025,Marine,King's Lynn,0.42512,2.26283,0.12522,0.96798,3.769,65.026,31.205
14168619,11/10/2025,Marine,Curzon Ashton,1.23599,1.50872,1.49638,1.70635,32.69,41.781,25.529
14168642,01/11/2025,Marine,Fylde,0.98905,1.72849,0.97878,1.41367,23.553,48.201,28.246
14837164,11/11/2025,Marine,Telford,1.73343,1.00395,1.53592,1.05714,49.027,24.711,26.262
14168680,22/11/2025,Marine,Oxford,2.8292,0.10394,2.65363,0.26034,92.078,1.236,6.686
14168692,25/11/2025,Marine,Kidderminster,1.66478,0.98672,0.93927,0.60189,43.876,21.274,34.85
14168717,06/12/2025,Marine,Spennymoor,0.40051,2.40481,0.45709,1.79866,6.861,73.671,19.468
14168741,26/12/2025,Marine,Southport,2.87182,0.07432,2.30794,0.19339,93.932,0.682,5.386
15234057,20/01/2026,Marine,Radcliffe,2.80604,0.12092,2.6899,0.4693,91.1,1.596,7.304
14168797,24/01/2026,Marine,South Shields,1.70388,0.95859,1.01968,0.6726,45.545,20.702,33.753
14168810,27/01/2026,Marine,Chester,2.09848,0.64051,1.90122,0.98752,61.249,12.65,26.101
14168472,16/08/2025,Marine,Buxton,1.56879,1.12698,1.5077,1.24718,42.152,27.425,30.423
14168510,23/08/2025,Marine,Bedford,0.4948,2.28412,0.59001,1.66895,9.124,68.768,22.108
14168541,30/08/2025,Marine,Peterborough,1.03408,1.6795,0.94274,1.34273,24.922,46.436,28.642
14168549,02/09/2025,Marine,Darlington,0.54998,2.25593,0.86255,2.07725,11.863,68.728,19.409
14168577,20/09/2025,Marine,King's Lynn,0.42512,2.26283,0.12522,0.96798,3.769,65.026,31.205
14168619,11/10/2025,Marine,Curzon Ashton,1.23599,1.50872,1.49638,1.70635,32.69,41.781,25.529
14168642,01/11/2025,Marine,Fylde,0.98905,1.72849,0.97878,1.41367,23.553,48.201,28.246
14837164,11/11/2025,Marine,Telford,1.73343,1.00395,1.53592,1.05714,49.027,24.711,26.262
14168680,22/11/2025,Marine,Oxford,2.8292,0.10394,2.65363,0.26034,92.078,1.236,6.686
14168692,25/11/2025,Marine,Kidderminster,1.66478,0.98672,0.93927,0.60189,43.876,21.274,34.85
14168717,06/12/2025,Marine,Spennymoor,0.40051,2.40481,0.45709,1.79866,6.861,73.671,19.468
14168741,26/12/2025,Marine,Southport,2.87182,0.07432,2.30794,0.19339,93.932,0.682,5.386
15234057,20/01/2026,Marine,Radcliffe,2.80604,0.12092,2.6899,0.4693,91.1,1.596,7.304
14168797,24/01/2026,Marine,South Shields,1.70388,0.95859,1.01968,0.6726,45.545,20.702,33.753
14168810,27/01/2026,Marine,Chester,2.09848,0.64051,1.90122,0.98752,61.249,12.65,26.101
14168834,07/02/2026,Marine,Scarborough,0.80921,1.96472,1.23328,2.04796,19.438,57.955,22.607
14168472,16/08/2025,Marine,Buxton,1.56879,1.12698,1.5077,1.24718,42.152,27.425,30.423
14168510,23/08/2025,Marine,Bedford,0.4948,2.28412,0.59001,1.66895,9.124,68.768,22.108
14168541,30/08/2025,Marine,Peterborough,1.03408,1.6795,0.94274,1.34273,24.922,46.436,28.642
14168549,02/09/2025,Marine,Darlington,0.54998,2.25593,0.86255,2.07725,11.863,68.728,19.409
14168577,20/09/2025,Marine,King's Lynn,0.42512,2.26283,0.12522,0.96798,3.769,65.026,31.205
14168619,11/10/2025,Marine,Curzon Ashton,1.23599,1.50872,1.49638,1.70635,32.69,41.781,25.529
14168642,01/11/2025,Marine,Fylde,0.98905,1.72849,0.97878,1.41367,23.553,48.201,28.246
14837164,11/11/2025,Marine,Telford,1.73343,1.00395,1.53592,1.05714,49.027,24.711,26.262
14168680,22/11/2025,Marine,Oxford,2.8292,0.10394,2.65363,0.26034,92.078,1.236,6.686
14168692,25/11/2025,Marine,Kidderminster,1.66478,0.98672,0.93927,0.60189,43.876,21.274,34.85
14168717,06/12/2025,Marine,Spennymoor,0.40051,2.40481,0.45709,1.79866,6.861,73.671,19.468
14168741,26/12/2025,Marine,Southport,2.87182,0.07432,2.30794,0.19339,93.932,0.682,5.386
15234057,20/01/2026,Marine,Radcliffe,2.80604,0.12092,2.6899,0.4693,91.1,1.596,7.304
14168797,24/01/2026,Marine,South Shields,1.70388,0.95859,1.01968,0.6726,45.545,20.702,33.753
14168810,27/01/2026,Marine,Chester,2.09848,0.64051,1.90122,0.98752,61.249,12.65,26.101
14168834,07/02/2026,Marine,Scarborough,0.80921,1.96472,1.23328,2.04796,19.438,57.955,22.607
14168859,14/02/2026,Marine,Leamington,2.32625,0.49715,2.3337,1.00487,71.655,10.685,17.66
14168472,16/08/2025,Marine,Buxton,1.56879,1.12698,1.5077,1.24718,42.152,27.425,30.423
14168510,23/08/2025,Marine,Bedford,0.4948,2.28412,0.59001,1.66895,9.124,68.768,22.108
14168541,30/08/2025,Marine,Peterborough,1.03408,1.6795,0.94274,1.34273,24.922,46.436,28.642
14168549,02/09/2025,Marine,Darlington,0.54998,2.25593,0.86255,2.07725,11.863,68.728,19.409
14168577,20/09/2025,Marine,King's Lynn,0.42512,2.26283,0.12522,0.96798,3.769,65.026,31.205
14168619,11/10/2025,Marine,Curzon Ashton,1.23599,1.50872,1.49638,1.70635,32.69,41.781,25.529
14168642,01/11/2025,Marine,Fylde,0.98905,1.72849,0.97878,1.41367,23.553,48.201,28.246
14837164,11/11/2025,Marine,Telford,1.73343,1.00395,1.53592,1.05714,49.027,24.711,26.262
14168680,22/11/2025,Marine,Oxford,2.8292,0.10394,2.65363,0.26034,92.078,1.236,6.686
14168692,25/11/2025,Marine,Kidderminster,1.66478,0.98672,0.93927,0.60189,43.876,21.274,34.85
14168717,06/12/2025,Marine,Spennymoor,0.40051,2.40481,0.45709,1.79866,6.861,73.671,19.468
14168741,26/12/2025,Marine,Southport,2.87182,0.07432,2.30794,0.19339,93.932,0.682,5.386
15234057,20/01/2026,Marine,Radcliffe,2.80604,0.12092,2.6899,0.4693,91.1,1.596,7.304
14168797,24/01/2026,Marine,South Shields,1.70388,0.95859,1.01968,0.6726,45.545,20.702,33.753
14168810,27/01/2026,Marine,Chester,2.09848,0.64051,1.90122,0.98752,61.249,12.65,26.101
14168834,07/02/2026,Marine,Scarborough,0.80921,1.96472,1.23328,2.04796,19.438,57.955,22.607
14168859,14/02/2026,Marine,Leamington,2.32625,0.49715,2.3337,1.00487,71.655,10.685,17.66
14168921,10/03/2026,Marine,Macclesfield,0.26433,2.60814,0.86973,2.76146,4.56,82.687,12.753
14168472,16/08/2025,Marine,Buxton,1.56879,1.12698,1.5077,1.24718,42.152,27.425,30.423
14168510,23/08/2025,Marine,Bedford,0.4948,2.28412,0.59001,1.66895,9.124,68.768,22.108
14168541,30/08/2025,Marine,Peterborough,1.03408,1.6795,0.94274,1.34273,24.922,46.436,28.642
14168549,02/09/2025,Marine,Darlington,0.54998,2.25593,0.86255,2.07725,11.863,68.728,19.409
14168577,20/09/2025,Marine,King's Lynn,0.42512,2.26283,0.12522,0.96798,3.769,65.026,31.205
14168619,11/10/2025,Marine,Curzon Ashton,1.23599,1.50872,1.49638,1.70635,32.69,41.781,25.529
14168642,01/11/2025,Marine,Fylde,0.98905,1.72849,0.97878,1.41367,23.553,48.201,28.246
14837164,11/11/2025,Marine,Telford,1.73343,1.00395,1.53592,1.05714,49.027,24.711,26.262
14168680,22/11/2025,Marine,Oxford,2.8292,0.10394,2.65363,0.26034,92.078,1.236,6.686
14168692,25/11/2025,Marine,Kidderminster,1.66478,0.98672,0.93927,0.60189,43.876,21.274,34.85
14168717,06/12/2025,Marine,Spennymoor,0.40051,2.40481,0.45709,1.79866,6.861,73.671,19.468
14168741,26/12/2025,Marine,Southport,2.87182,0.07432,2.30794,0.19339,93.932,0.682,5.386
15234057,20/01/2026,Marine,Radcliffe,2.80604,0.12092,2.6899,0.4693,91.1,1.596,7.304
14168797,24/01/2026,Marine,South Shields,1.70388,0.95859,1.01968,0.6726,45.545,20.702,33.753
14168810,27/01/2026,Marine,Chester,2.09848,0.64051,1.90122,0.98752,61.249,12.65,26.101
14168834,07/02/2026,Marine,Scarborough,0.80921,1.96472,1.23328,2.04796,19.438,57.955,22.607
14168859,14/02/2026,Marine,Leamington,2.32625,0.49715,2.3337,1.00487,71.655,10.685,17.66
14168921,10/03/2026,Marine,Macclesfield,0.26433,2.60814,0.86973,2.76146,4.56,82.687,12.753
14168937,14/03/2026,Marine,Worksop,1.76226,0.98979,2.19929,1.67006,50.477,24.728,24.795
14168489,09/08/2025,Merthyr,Southport,0.41382,2.41833,0.7004,2.22946,8.199,75.016,16.785
14168489,09/08/2025,Merthyr,Southport,0.41382,2.41833,0.7004,2.22946,8.199,75.016,16.785
14168501,19/08/2025,Merthyr,Marine,0.05978,2.91026,0.79292,4.40212,0.994,96.01,2.996
14168489,09/08/2025,Merthyr,Southport,0.41382,2.41833,0.7004,2.22946,8.199,75.016,16.785
14168501,19/08/2025,Merthyr,Marine,0.05978,2.91026,0.79292,4.40212,0.994,96.01,2.996
14168525,25/08/2025,Merthyr,Scarborough,1.2084,1.54413,1.66007,1.88603,32.031,43.222,24.747
14168489,09/08/2025,Merthyr,Southport,0.41382,2.41833,0.7004,2.22946,8.199,75.016,16.785
14168501,19/08/2025,Merthyr,Marine,0.05978,2.91026,0.79292,4.40212,0.994,96.01,2.996
14168525,25/08/2025,Merthyr,Scarborough,1.2084,1.54413,1.66007,1.88603,32.031,43.222,24.747
14168560,06/09/2025,Merthyr,Worksop,2.36153,0.48677,3.03494,1.48153,73.661,11.169,15.17
14168489,09/08/2025,Merthyr,Southport,0.41382,2.41833,0.7004,2.22946,8.199,75.016,16.785
14168501,19/08/2025,Merthyr,Marine,0.05978,2.91026,0.79292,4.40212,0.994,96.01,2.996
14168525,25/08/2025,Merthyr,Scarborough,1.2084,1.54413,1.66007,1.88603,32.031,43.222,24.747
14168560,06/09/2025,Merthyr,Worksop,2.36153,0.48677,3.03494,1.48153,73.661,11.169,15.17
14168574,20/09/2025,Merthyr,Radcliffe,0.01834,2.96878,0.30138,4.12467,0.182,98.53,1.288
14168489,09/08/2025,Merthyr,Southport,0.41382,2.41833,0.7004,2.22946,8.199,75.016,16.785
14168501,19/08/2025,Merthyr,Marine,0.05978,2.91026,0.79292,4.40212,0.994,96.01,2.996
14168525,25/08/2025,Merthyr,Scarborough,1.2084,1.54413,1.66007,1.88603,32.031,43.222,24.747
14168560,06/09/2025,Merthyr,Worksop,2.36153,0.48677,3.03494,1.48153,73.661,11.169,15.17
14168574,20/09/2025,Merthyr,Radcliffe,0.01834,2.96878,0.30138,4.12467,0.182,98.53,1.288
14168620,21/10/2025,Merthyr,Kidderminster,0.34035,2.48043,0.42175,1.72492,5.371,76.707,17.922
14168489,09/08/2025,Merthyr,Southport,0.41382,2.41833,0.7004,2.22946,8.199,75.016,16.785
14168501,19/08/2025,Merthyr,Marine,0.05978,2.91026,0.79292,4.40212,0.994,96.01,2.996
14168525,25/08/2025,Merthyr,Scarborough,1.2084,1.54413,1.66007,1.88603,32.031,43.222,24.747
14168560,06/09/2025,Merthyr,Worksop,2.36153,0.48677,3.03494,1.48153,73.661,11.169,15.17
14168574,20/09/2025,Merthyr,Radcliffe,0.01834,2.96878,0.30138,4.12467,0.182,98.53,1.288
14168620,21/10/2025,Merthyr,Kidderminster,0.34035,2.48043,0.42175,1.72492,5.371,76.707,17.922
14168640,01/11/2025,Merthyr,Darlington,1.65765,1.06233,1.41845,1.04285,45.921,26.077,28.002
14168489,09/08/2025,Merthyr,Southport,0.41382,2.41833,0.7004,2.22946,8.199,75.016,16.785
14168501,19/08/2025,Merthyr,Marine,0.05978,2.91026,0.79292,4.40212,0.994,96.01,2.996
14168525,25/08/2025,Merthyr,Scarborough,1.2084,1.54413,1.66007,1.88603,32.031,43.222,24.747
14168560,06/09/2025,Merthyr,Worksop,2.36153,0.48677,3.03494,1.48153,73.661,11.169,15.17
14168574,20/09/2025,Merthyr,Radcliffe,0.01834,2.96878,0.30138,4.12467,0.182,98.53,1.288
14168620,21/10/2025,Merthyr,Kidderminster,0.34035,2.48043,0.42175,1.72492,5.371,76.707,17.922
14168640,01/11/2025,Merthyr,Darlington,1.65765,1.06233,1.41845,1.04285,45.921,26.077,28.002
14837162,11/11/2025,Merthyr,South Shields,2.55545,0.30473,2.28438,0.70547,80.521,5.497,13.982
14168489,09/08/2025,Merthyr,Southport,0.41382,2.41833,0.7004,2.22946,8.199,75.016,16.785
14168501,19/08/2025,Merthyr,Marine,0.05978,2.91026,0.79292,4.40212,0.994,96.01,2.996
14168525,25/08/2025,Merthyr,Scarborough,1.2084,1.54413,1.66007,1.88603,32.031,43.222,24.747
14168560,06/09/2025,Merthyr,Worksop,2.36153,0.48677,3.03494,1.48153,73.661,11.169,15.17
14168574,20/09/2025,Merthyr,Radcliffe,0.01834,2.96878,0.30138,4.12467,0.182,98.53,1.288
14168620,21/10/2025,Merthyr,Kidderminster,0.34035,2.48043,0.42175,1.72492,5.371,76.707,17.922
14168640,01/11/2025,Merthyr,Darlington,1.65765,1.06233,1.41845,1.04285,45.921,26.077,28.002
14837162,11/11/2025,Merthyr,South Shields,2.55545,0.30473,2.28438,0.70547,80.521,5.497,13.982
14168681,22/11/2025,Merthyr,Alfreton,2.09894,0.71351,2.96594,1.79788,63.713,17.532,18.755
14168489,09/08/2025,Merthyr,Southport,0.41382,2.41833,0.7004,2.22946,8.199,75.016,16.785
14168501,19/08/2025,Merthyr,Marine,0.05978,2.91026,0.79292,4.40212,0.994,96.01,2.996
14168525,25/08/2025,Merthyr,Scarborough,1.2084,1.54413,1.66007,1.88603,32.031,43.222,24.747
14168560,06/09/2025,Merthyr,Worksop,2.36153,0.48677,3.03494,1.48153,73.661,11.169,15.17
14168574,20/09/2025,Merthyr,Radcliffe,0.01834,2.96878,0.30138,4.12467,0.182,98.53,1.288
14168620,21/10/2025,Merthyr,Kidderminster,0.34035,2.48043,0.42175,1.72492,5.371,76.707,17.922
14168640,01/11/2025,Merthyr,Darlington,1.65765,1.06233,1.41845,1.04285,45.921,26.077,28.002
14837162,11/11/2025,Merthyr,South Shields,2.55545,0.30473,2.28438,0.70547,80.521,5.497,13.982
14168681,22/11/2025,Merthyr,Alfreton,2.09894,0.71351,2.96594,1.79788,63.713,17.532,18.755
14168693,25/11/2025,Merthyr,Leamington,2.5921,0.30172,3.59375,1.35354,82.864,6.518,10.618
14168489,09/08/2025,Merthyr,Southport,0.41382,2.41833,0.7004,2.22946,8.199,75.016,16.785
14168501,19/08/2025,Merthyr,Marine,0.05978,2.91026,0.79292,4.40212,0.994,96.01,2.996
14168525,25/08/2025,Merthyr,Scarborough,1.2084,1.54413,1.66007,1.88603,32.031,43.222,24.747
14168560,06/09/2025,Merthyr,Worksop,2.36153,0.48677,3.03494,1.48153,73.661,11.169,15.17
14168574,20/09/2025,Merthyr,Radcliffe,0.01834,2.96878,0.30138,4.12467,0.182,98.53,1.288
14168620,21/10/2025,Merthyr,Kidderminster,0.34035,2.48043,0.42175,1.72492,5.371,76.707,17.922
14168640,01/11/2025,Merthyr,Darlington,1.65765,1.06233,1.41845,1.04285,45.921,26.077,28.002
14837162,11/11/2025,Merthyr,South Shields,2.55545,0.30473,2.28438,0.70547,80.521,5.497,13.982
14168681,22/11/2025,Merthyr,Alfreton,2.09894,0.71351,2.96594,1.79788,63.713,17.532,18.755
14168693,25/11/2025,Merthyr,Leamington,2.5921,0.30172,3.59375,1.35354,82.864,6.518,10.618
14168729,20/12/2025,Merthyr,Curzon Ashton,2.48634,0.36207,2.49589,0.86028,77.825,7.016,15.159
14168489,09/08/2025,Merthyr,Southport,0.41382,2.41833,0.7004,2.22946,8.199,75.016,16.785
14168501,19/08/2025,Merthyr,Marine,0.05978,2.91026,0.79292,4.40212,0.994,96.01,2.996
14168525,25/08/2025,Merthyr,Scarborough,1.2084,1.54413,1.66007,1.88603,32.031,43.222,24.747
14168560,06/09/2025,Merthyr,Worksop,2.36153,0.48677,3.03494,1.48153,73.661,11.169,15.17
14168574,20/09/2025,Merthyr,Radcliffe,0.01834,2.96878,0.30138,4.12467,0.182,98.53,1.288
14168620,21/10/2025,Merthyr,Kidderminster,0.34035,2.48043,0.42175,1.72492,5.371,76.707,17.922
14168640,01/11/2025,Merthyr,Darlington,1.65765,1.06233,1.41845,1.04285,45.921,26.077,28.002
14837162,11/11/2025,Merthyr,South Shields,2.55545,0.30473,2.28438,0.70547,80.521,5.497,13.982
14168681,22/11/2025,Merthyr,Alfreton,2.09894,0.71351,2.96594,1.79788,63.713,17.532,18.755
14168693,25/11/2025,Merthyr,Leamington,2.5921,0.30172,3.59375,1.35354,82.864,6.518,10.618
14168729,20/12/2025,Merthyr,Curzon Ashton,2.48634,0.36207,2.49589,0.86028,77.825,7.016,15.159
14168754,30/12/2025,Merthyr,Hereford,1.37489,1.39541,1.90212,1.90608,38.173,38.857,22.97
14168489,09/08/2025,Merthyr,Southport,0.41382,2.41833,0.7004,2.22946,8.199,75.016,16.785
14168501,19/08/2025,Merthyr,Marine,0.05978,2.91026,0.79292,4.40212,0.994,96.01,2.996
14168525,25/08/2025,Merthyr,Scarborough,1.2084,1.54413,1.66007,1.88603,32.031,43.222,24.747
14168560,06/09/2025,Merthyr,Worksop,2.36153,0.48677,3.03494,1.48153,73.661,11.169,15.17
14168574,20/09/2025,Merthyr,Radcliffe,0.01834,2.96878,0.30138,4.12467,0.182,98.53,1.288
14168620,21/10/2025,Merthyr,Kidderminster,0.34035,2.48043,0.42175,1.72492,5.371,76.707,17.922
14168640,01/11/2025,Merthyr,Darlington,1.65765,1.06233,1.41845,1.04285,45.921,26.077,28.002
14837162,11/11/2025,Merthyr,South Shields,2.55545,0.30473,2.28438,0.70547,80.521,5.497,13.982
14168681,22/11/2025,Merthyr,Alfreton,2.09894,0.71351,2.96594,1.79788,63.713,17.532,18.755
14168693,25/11/2025,Merthyr,Leamington,2.5921,0.30172,3.59375,1.35354,82.864,6.518,10.618
14168729,20/12/2025,Merthyr,Curzon Ashton,2.48634,0.36207,2.49589,0.86028,77.825,7.016,15.159
14168754,30/12/2025,Merthyr,Hereford,1.37489,1.39541,1.90212,1.90608,38.173,38.857,22.97
14168765,03/01/2026,Merthyr,King's Lynn,2.04586,0.66595,1.27042,0.47212,58.589,12.592,28.819
14168489,09/08/2025,Merthyr,Southport,0.41382,2.41833,0.7004,2.22946,8.199,75.016,16.785
14168501,19/08/2025,Merthyr,Marine,0.05978,2.91026,0.79292,4.40212,0.994,96.01,2.996
14168525,25/08/2025,Merthyr,Scarborough,1.2084,1.54413,1.66007,1.88603,32.031,43.222,24.747
14168560,06/09/2025,Merthyr,Worksop,2.36153,0.48677,3.03494,1.48153,73.661,11.169,15.17
14168574,20/09/2025,Merthyr,Radcliffe,0.01834,2.96878,0.30138,4.12467,0.182,98.53,1.288
14168620,21/10/2025,Merthyr,Kidderminster,0.34035,2.48043,0.42175,1.72492,5.371,76.707,17.922
14168640,01/11/2025,Merthyr,Darlington,1.65765,1.06233,1.41845,1.04285,45.921,26.077,28.002
14837162,11/11/2025,Merthyr,South Shields,2.55545,0.30473,2.28438,0.70547,80.521,5.497,13.982
14168681,22/11/2025,Merthyr,Alfreton,2.09894,0.71351,2.96594,1.79788,63.713,17.532,18.755
14168693,25/11/2025,Merthyr,Leamington,2.5921,0.30172,3.59375,1.35354,82.864,6.518,10.618
14168729,20/12/2025,Merthyr,Curzon Ashton,2.48634,0.36207,2.49589,0.86028,77.825,7.016,15.159
14168754,30/12/2025,Merthyr,Hereford,1.37489,1.39541,1.90212,1.90608,38.173,38.857,22.97
14168765,03/01/2026,Merthyr,King's Lynn,2.04586,0.66595,1.27042,0.47212,58.589,12.592,28.819
14168789,17/01/2026,Merthyr,Peterborough,1.64043,1.05204,1.17865,0.88326,44.43,24.817,30.753
14168489,09/08/2025,Merthyr,Southport,0.41382,2.41833,0.7004,2.22946,8.199,75.016,16.785
14168501,19/08/2025,Merthyr,Marine,0.05978,2.91026,0.79292,4.40212,0.994,96.01,2.996
14168525,25/08/2025,Merthyr,Scarborough,1.2084,1.54413,1.66007,1.88603,32.031,43.222,24.747
14168560,06/09/2025,Merthyr,Worksop,2.36153,0.48677,3.03494,1.48153,73.661,11.169,15.17
14168574,20/09/2025,Merthyr,Radcliffe,0.01834,2.96878,0.30138,4.12467,0.182,98.53,1.288
14168620,21/10/2025,Merthyr,Kidderminster,0.34035,2.48043,0.42175,1.72492,5.371,76.707,17.922
14168640,01/11/2025,Merthyr,Darlington,1.65765,1.06233,1.41845,1.04285,45.921,26.077,28.002
14837162,11/11/2025,Merthyr,South Shields,2.55545,0.30473,2.28438,0.70547,80.521,5.497,13.982
14168681,22/11/2025,Merthyr,Alfreton,2.09894,0.71351,2.96594,1.79788,63.713,17.532,18.755
14168693,25/11/2025,Merthyr,Leamington,2.5921,0.30172,3.59375,1.35354,82.864,6.518,10.618
14168729,20/12/2025,Merthyr,Curzon Ashton,2.48634,0.36207,2.49589,0.86028,77.825,7.016,15.159
14168754,30/12/2025,Merthyr,Hereford,1.37489,1.39541,1.90212,1.90608,38.173,38.857,22.97
14168765,03/01/2026,Merthyr,King's Lynn,2.04586,0.66595,1.27042,0.47212,58.589,12.592,28.819
14168789,17/01/2026,Merthyr,Peterborough,1.64043,1.05204,1.17865,0.88326,44.43,24.817,30.753
14168811,27/01/2026,Merthyr,Telford,1.16718,1.55937,1.30706,1.58071,29.791,42.864,27.345
14168489,09/08/2025,Merthyr,Southport,0.41382,2.41833,0.7004,2.22946,8.199,75.016,16.785
14168501,19/08/2025,Merthyr,Marine,0.05978,2.91026,0.79292,4.40212,0.994,96.01,2.996
14168525,25/08/2025,Merthyr,Scarborough,1.2084,1.54413,1.66007,1.88603,32.031,43.222,24.747
14168560,06/09/2025,Merthyr,Worksop,2.36153,0.48677,3.03494,1.48153,73.661,11.169,15.17
14168574,20/09/2025,Merthyr,Radcliffe,0.01834,2.96878,0.30138,4.12467,0.182,98.53,1.288
14168620,21/10/2025,Merthyr,Kidderminster,0.34035,2.48043,0.42175,1.72492,5.371,76.707,17.922
14168640,01/11/2025,Merthyr,Darlington,1.65765,1.06233,1.41845,1.04285,45.921,26.077,28.002
14837162,11/11/2025,Merthyr,South Shields,2.55545,0.30473,2.28438,0.70547,80.521,5.497,13.982
14168681,22/11/2025,Merthyr,Alfreton,2.09894,0.71351,2.96594,1.79788,63.713,17.532,18.755
14168693,25/11/2025,Merthyr,Leamington,2.5921,0.30172,3.59375,1.35354,82.864,6.518,10.618
14168729,20/12/2025,Merthyr,Curzon Ashton,2.48634,0.36207,2.49589,0.86028,77.825,7.016,15.159
14168754,30/12/2025,Merthyr,Hereford,1.37489,1.39541,1.90212,1.90608,38.173,38.857,22.97
14168765,03/01/2026,Merthyr,King's Lynn,2.04586,0.66595,1.27042,0.47212,58.589,12.592,28.819
14168789,17/01/2026,Merthyr,Peterborough,1.64043,1.05204,1.17865,0.88326,44.43,24.817,30.753
14168811,27/01/2026,Merthyr,Telford,1.16718,1.55937,1.30706,1.58071,29.791,42.864,27.345
14168836,07/02/2026,Merthyr,Chorley,0.28053,2.61609,1.39578,3.74625,5.905,83.757,10.338
14168489,09/08/2025,Merthyr,Southport,0.41382,2.41833,0.7004,2.22946,8.199,75.016,16.785
14168501,19/08/2025,Merthyr,Marine,0.05978,2.91026,0.79292,4.40212,0.994,96.01,2.996
14168525,25/08/2025,Merthyr,Scarborough,1.2084,1.54413,1.66007,1.88603,32.031,43.222,24.747
14168560,06/09/2025,Merthyr,Worksop,2.36153,0.48677,3.03494,1.48153,73.661,11.169,15.17
14168574,20/09/2025,Merthyr,Radcliffe,0.01834,2.96878,0.30138,4.12467,0.182,98.53,1.288
14168620,21/10/2025,Merthyr,Kidderminster,0.34035,2.48043,0.42175,1.72492,5.371,76.707,17.922
14168640,01/11/2025,Merthyr,Darlington,1.65765,1.06233,1.41845,1.04285,45.921,26.077,28.002
14837162,11/11/2025,Merthyr,South Shields,2.55545,0.30473,2.28438,0.70547,80.521,5.497,13.982
14168681,22/11/2025,Merthyr,Alfreton,2.09894,0.71351,2.96594,1.79788,63.713,17.532,18.755
14168693,25/11/2025,Merthyr,Leamington,2.5921,0.30172,3.59375,1.35354,82.864,6.518,10.618
14168729,20/12/2025,Merthyr,Curzon Ashton,2.48634,0.36207,2.49589,0.86028,77.825,7.016,15.159
14168754,30/12/2025,Merthyr,Hereford,1.37489,1.39541,1.90212,1.90608,38.173,38.857,22.97
14168765,03/01/2026,Merthyr,King's Lynn,2.04586,0.66595,1.27042,0.47212,58.589,12.592,28.819
14168789,17/01/2026,Merthyr,Peterborough,1.64043,1.05204,1.17865,0.88326,44.43,24.817,30.753
14168811,27/01/2026,Merthyr,Telford,1.16718,1.55937,1.30706,1.58071,29.791,42.864,27.345
14168836,07/02/2026,Merthyr,Chorley,0.28053,2.61609,1.39578,3.74625,5.905,83.757,10.338
14168861,14/02/2026,Merthyr,Bedford,2.97606,0.01467,5.10862,0.61649,98.893,0.18,0.927
14168489,09/08/2025,Merthyr,Southport,0.41382,2.41833,0.7004,2.22946,8.199,75.016,16.785
14168501,19/08/2025,Merthyr,Marine,0.05978,2.91026,0.79292,4.40212,0.994,96.01,2.996
14168525,25/08/2025,Merthyr,Scarborough,1.2084,1.54413,1.66007,1.88603,32.031,43.222,24.747
14168560,06/09/2025,Merthyr,Worksop,2.36153,0.48677,3.03494,1.48153,73.661,11.169,15.17
14168574,20/09/2025,Merthyr,Radcliffe,0.01834,2.96878,0.30138,4.12467,0.182,98.53,1.288
14168620,21/10/2025,Merthyr,Kidderminster,0.34035,2.48043,0.42175,1.72492,5.371,76.707,17.922
14168640,01/11/2025,Merthyr,Darlington,1.65765,1.06233,1.41845,1.04285,45.921,26.077,28.002
14837162,11/11/2025,Merthyr,South Shields,2.55545,0.30473,2.28438,0.70547,80.521,5.497,13.982
14168681,22/11/2025,Merthyr,Alfreton,2.09894,0.71351,2.96594,1.79788,63.713,17.532,18.755
14168693,25/11/2025,Merthyr,Leamington,2.5921,0.30172,3.59375,1.35354,82.864,6.518,10.618
14168729,20/12/2025,Merthyr,Curzon Ashton,2.48634,0.36207,2.49589,0.86028,77.825,7.016,15.159
14168754,30/12/2025,Merthyr,Hereford,1.37489,1.39541,1.90212,1.90608,38.173,38.857,22.97
14168765,03/01/2026,Merthyr,King's Lynn,2.04586,0.66595,1.27042,0.47212,58.589,12.592,28.819
14168789,17/01/2026,Merthyr,Peterborough,1.64043,1.05204,1.17865,0.88326,44.43,24.817,30.753
14168811,27/01/2026,Merthyr,Telford,1.16718,1.55937,1.30706,1.58071,29.791,42.864,27.345
14168836,07/02/2026,Merthyr,Chorley,0.28053,2.61609,1.39578,3.74625,5.905,83.757,10.338
14168861,14/02/2026,Merthyr,Bedford,2.97606,0.01467,5.10862,0.61649,98.893,0.18,0.927
14168897,28/02/2026,Merthyr,Buxton,0.51183,2.34222,1.47212,3.14953,12.196,73.209,14.595
14168489,09/08/2025,Merthyr,Southport,0.41382,2.41833,0.7004,2.22946,8.199,75.016,16.785
14168501,19/08/2025,Merthyr,Marine,0.05978,2.91026,0.79292,4.40212,0.994,96.01,2.996
14168525,25/08/2025,Merthyr,Scarborough,1.2084,1.54413,1.66007,1.88603,32.031,43.222,24.747
14168560,06/09/2025,Merthyr,Worksop,2.36153,0.48677,3.03494,1.48153,73.661,11.169,15.17
14168574,20/09/2025,Merthyr,Radcliffe,0.01834,2.96878,0.30138,4.12467,0.182,98.53,1.288
14168620,21/10/2025,Merthyr,Kidderminster,0.34035,2.48043,0.42175,1.72492,5.371,76.707,17.922
14168640,01/11/2025,Merthyr,Darlington,1.65765,1.06233,1.41845,1.04285,45.921,26.077,28.002
14837162,11/11/2025,Merthyr,South Shields,2.55545,0.30473,2.28438,0.70547,80.521,5.497,13.982
14168681,22/11/2025,Merthyr,Alfreton,2.09894,0.71351,2.96594,1.79788,63.713,17.532,18.755
14168693,25/11/2025,Merthyr,Leamington,2.5921,0.30172,3.59375,1.35354,82.864,6.518,10.618
14168729,20/12/2025,Merthyr,Curzon Ashton,2.48634,0.36207,2.49589,0.86028,77.825,7.016,15.159
14168754,30/12/2025,Merthyr,Hereford,1.37489,1.39541,1.90212,1.90608,38.173,38.857,22.97
14168765,03/01/2026,Merthyr,King's Lynn,2.04586,0.66595,1.27042,0.47212,58.589,12.592,28.819
14168789,17/01/2026,Merthyr,Peterborough,1.64043,1.05204,1.17865,0.88326,44.43,24.817,30.753
14168811,27/01/2026,Merthyr,Telford,1.16718,1.55937,1.30706,1.58071,29.791,42.864,27.345
14168836,07/02/2026,Merthyr,Chorley,0.28053,2.61609,1.39578,3.74625,5.905,83.757,10.338
14168861,14/02/2026,Merthyr,Bedford,2.97606,0.01467,5.10862,0.61649,98.893,0.18,0.927
14168897,28/02/2026,Merthyr,Buxton,0.51183,2.34222,1.47212,3.14953,12.196,73.209,14.595
14168934,14/03/2026,Merthyr,Spennymoor,1.03483,1.76656,2.11499,2.74928,27.874,52.265,19.861
14168471,16/08/2025,Oxford,Macclesfield,1.06502,1.66925,1.20615,1.61336,26.643,46.784,26.573
14168471,16/08/2025,Oxford,Macclesfield,1.06502,1.66925,1.20615,1.61336,26.643,46.784,26.573
14168516,23/08/2025,Oxford,Spennymoor,0.5788,2.20117,0.72345,1.79669,11.959,66.038,22.003
14168471,16/08/2025,Oxford,Macclesfield,1.06502,1.66925,1.20615,1.61336,26.643,46.784,26.573
14168516,23/08/2025,Oxford,Spennymoor,0.5788,2.20117,0.72345,1.79669,11.959,66.038,22.003
14168535,30/08/2025,Oxford,Radcliffe,0.38095,2.45326,0.96419,2.50857,7.172,76.249,16.579
14168471,16/08/2025,Oxford,Macclesfield,1.06502,1.66925,1.20615,1.61336,26.643,46.784,26.573
14168516,23/08/2025,Oxford,Spennymoor,0.5788,2.20117,0.72345,1.79669,11.959,66.038,22.003
14168535,30/08/2025,Oxford,Radcliffe,0.38095,2.45326,0.96419,2.50857,7.172,76.249,16.579
14168550,02/09/2025,Oxford,Alfreton,2.0528,0.72131,2.0362,1.13208,60.897,16.514,22.589
14168471,16/08/2025,Oxford,Macclesfield,1.06502,1.66925,1.20615,1.61336,26.643,46.784,26.573
14168516,23/08/2025,Oxford,Spennymoor,0.5788,2.20117,0.72345,1.79669,11.959,66.038,22.003
14168535,30/08/2025,Oxford,Radcliffe,0.38095,2.45326,0.96419,2.50857,7.172,76.249,16.579
14168550,02/09/2025,Oxford,Alfreton,2.0528,0.72131,2.0362,1.13208,60.897,16.514,22.589
14168584,04/10/2025,Oxford,Curzon Ashton,1.03011,1.74135,1.64318,2.17092,26.719,50.427,22.854
14168471,16/08/2025,Oxford,Macclesfield,1.06502,1.66925,1.20615,1.61336,26.643,46.784,26.573
14168516,23/08/2025,Oxford,Spennymoor,0.5788,2.20117,0.72345,1.79669,11.959,66.038,22.003
14168535,30/08/2025,Oxford,Radcliffe,0.38095,2.45326,0.96419,2.50857,7.172,76.249,16.579
14168550,02/09/2025,Oxford,Alfreton,2.0528,0.72131,2.0362,1.13208,60.897,16.514,22.589
14168584,04/10/2025,Oxford,Curzon Ashton,1.03011,1.74135,1.64318,2.17092,26.719,50.427,22.854
14168606,18/10/2025,Oxford,Southport,1.6775,1.02113,1.19126,0.82016,45.871,23.992,30.137
14168471,16/08/2025,Oxford,Macclesfield,1.06502,1.66925,1.20615,1.61336,26.643,46.784,26.573
14168516,23/08/2025,Oxford,Spennymoor,0.5788,2.20117,0.72345,1.79669,11.959,66.038,22.003
14168535,30/08/2025,Oxford,Radcliffe,0.38095,2.45326,0.96419,2.50857,7.172,76.249,16.579
14168550,02/09/2025,Oxford,Alfreton,2.0528,0.72131,2.0362,1.13208,60.897,16.514,22.589
14168584,04/10/2025,Oxford,Curzon Ashton,1.03011,1.74135,1.64318,2.17092,26.719,50.427,22.854
14168606,18/10/2025,Oxford,Southport,1.6775,1.02113,1.19126,0.82016,45.871,23.992,30.137
14168636,25/10/2025,Oxford,Leamington,2.72501,0.18023,2.87582,0.58646,87.675,2.849,9.476
14168471,16/08/2025,Oxford,Macclesfield,1.06502,1.66925,1.20615,1.61336,26.643,46.784,26.573
14168516,23/08/2025,Oxford,Spennymoor,0.5788,2.20117,0.72345,1.79669,11.959,66.038,22.003
14168535,30/08/2025,Oxford,Radcliffe,0.38095,2.45326,0.96419,2.50857,7.172,76.249,16.579
14168550,02/09/2025,Oxford,Alfreton,2.0528,0.72131,2.0362,1.13208,60.897,16.514,22.589
14168584,04/10/2025,Oxford,Curzon Ashton,1.03011,1.74135,1.64318,2.17092,26.719,50.427,22.854
14168606,18/10/2025,Oxford,Southport,1.6775,1.02113,1.19126,0.82016,45.871,23.992,30.137
14168636,25/10/2025,Oxford,Leamington,2.72501,0.18023,2.87582,0.58646,87.675,2.849,9.476
14168846,01/11/2025,Oxford,Bedford,1.37371,1.25995,0.78644,0.73785,33.579,29.787,36.634
14168471,16/08/2025,Oxford,Macclesfield,1.06502,1.66925,1.20615,1.61336,26.643,46.784,26.573
14168516,23/08/2025,Oxford,Spennymoor,0.5788,2.20117,0.72345,1.79669,11.959,66.038,22.003
14168535,30/08/2025,Oxford,Radcliffe,0.38095,2.45326,0.96419,2.50857,7.172,76.249,16.579
14168550,02/09/2025,Oxford,Alfreton,2.0528,0.72131,2.0362,1.13208,60.897,16.514,22.589
14168584,04/10/2025,Oxford,Curzon Ashton,1.03011,1.74135,1.64318,2.17092,26.719,50.427,22.854
14168606,18/10/2025,Oxford,Southport,1.6775,1.02113,1.19126,0.82016,45.871,23.992,30.137
14168636,25/10/2025,Oxford,Leamington,2.72501,0.18023,2.87582,0.58646,87.675,2.849,9.476
14168846,01/11/2025,Oxford,Bedford,1.37371,1.25995,0.78644,0.73785,33.579,29.787,36.634
14168659,04/11/2025,Oxford,Hereford,1.96666,0.83734,2.63912,1.74647,59.022,21.378,19.6
14168471,16/08/2025,Oxford,Macclesfield,1.06502,1.66925,1.20615,1.61336,26.643,46.784,26.573
14168516,23/08/2025,Oxford,Spennymoor,0.5788,2.20117,0.72345,1.79669,11.959,66.038,22.003
14168535,30/08/2025,Oxford,Radcliffe,0.38095,2.45326,0.96419,2.50857,7.172,76.249,16.579
14168550,02/09/2025,Oxford,Alfreton,2.0528,0.72131,2.0362,1.13208,60.897,16.514,22.589
14168584,04/10/2025,Oxford,Curzon Ashton,1.03011,1.74135,1.64318,2.17092,26.719,50.427,22.854
14168606,18/10/2025,Oxford,Southport,1.6775,1.02113,1.19126,0.82016,45.871,23.992,30.137
14168636,25/10/2025,Oxford,Leamington,2.72501,0.18023,2.87582,0.58646,87.675,2.849,9.476
14168846,01/11/2025,Oxford,Bedford,1.37371,1.25995,0.78644,0.73785,33.579,29.787,36.634
14168659,04/11/2025,Oxford,Hereford,1.96666,0.83734,2.63912,1.74647,59.022,21.378,19.6
14168671,08/11/2025,Oxford,Worksop,1.99933,0.71614,1.29951,0.65621,57.16,14.387,28.453
14168471,16/08/2025,Oxford,Macclesfield,1.06502,1.66925,1.20615,1.61336,26.643,46.784,26.573
14168516,23/08/2025,Oxford,Spennymoor,0.5788,2.20117,0.72345,1.79669,11.959,66.038,22.003
14168535,30/08/2025,Oxford,Radcliffe,0.38095,2.45326,0.96419,2.50857,7.172,76.249,16.579
14168550,02/09/2025,Oxford,Alfreton,2.0528,0.72131,2.0362,1.13208,60.897,16.514,22.589
14168584,04/10/2025,Oxford,Curzon Ashton,1.03011,1.74135,1.64318,2.17092,26.719,50.427,22.854
14168606,18/10/2025,Oxford,Southport,1.6775,1.02113,1.19126,0.82016,45.871,23.992,30.137
14168636,25/10/2025,Oxford,Leamington,2.72501,0.18023,2.87582,0.58646,87.675,2.849,9.476
14168846,01/11/2025,Oxford,Bedford,1.37371,1.25995,0.78644,0.73785,33.579,29.787,36.634
14168659,04/11/2025,Oxford,Hereford,1.96666,0.83734,2.63912,1.74647,59.022,21.378,19.6
14168671,08/11/2025,Oxford,Worksop,1.99933,0.71614,1.29951,0.65621,57.16,14.387,28.453
14168705,29/11/2025,Oxford,King's Lynn,0.23896,2.6446,0.91299,2.76914,4.084,84.272,11.644
14168471,16/08/2025,Oxford,Macclesfield,1.06502,1.66925,1.20615,1.61336,26.643,46.784,26.573
14168516,23/08/2025,Oxford,Spennymoor,0.5788,2.20117,0.72345,1.79669,11.959,66.038,22.003
14168535,30/08/2025,Oxford,Radcliffe,0.38095,2.45326,0.96419,2.50857,7.172,76.249,16.579
14168550,02/09/2025,Oxford,Alfreton,2.0528,0.72131,2.0362,1.13208,60.897,16.514,22.589
14168584,04/10/2025,Oxford,Curzon Ashton,1.03011,1.74135,1.64318,2.17092,26.719,50.427,22.854
14168606,18/10/2025,Oxford,Southport,1.6775,1.02113,1.19126,0.82016,45.871,23.992,30.137
14168636,25/10/2025,Oxford,Leamington,2.72501,0.18023,2.87582,0.58646,87.675,2.849,9.476
14168846,01/11/2025,Oxford,Bedford,1.37371,1.25995,0.78644,0.73785,33.579,29.787,36.634
14168659,04/11/2025,Oxford,Hereford,1.96666,0.83734,2.63912,1.74647,59.022,21.378,19.6
14168671,08/11/2025,Oxford,Worksop,1.99933,0.71614,1.29951,0.65621,57.16,14.387,28.453
14168705,29/11/2025,Oxford,King's Lynn,0.23896,2.6446,0.91299,2.76914,4.084,84.272,11.644
14168725,06/12/2025,Oxford,Darlington,2.916,0.05163,3.26141,0.36688,96.121,0.642,3.237
14168471,16/08/2025,Oxford,Macclesfield,1.06502,1.66925,1.20615,1.61336,26.643,46.784,26.573
14168516,23/08/2025,Oxford,Spennymoor,0.5788,2.20117,0.72345,1.79669,11.959,66.038,22.003
14168535,30/08/2025,Oxford,Radcliffe,0.38095,2.45326,0.96419,2.50857,7.172,76.249,16.579
14168550,02/09/2025,Oxford,Alfreton,2.0528,0.72131,2.0362,1.13208,60.897,16.514,22.589
14168584,04/10/2025,Oxford,Curzon Ashton,1.03011,1.74135,1.64318,2.17092,26.719,50.427,22.854
14168606,18/10/2025,Oxford,Southport,1.6775,1.02113,1.19126,0.82016,45.871,23.992,30.137
14168636,25/10/2025,Oxford,Leamington,2.72501,0.18023,2.87582,0.58646,87.675,2.849,9.476
14168846,01/11/2025,Oxford,Bedford,1.37371,1.25995,0.78644,0.73785,33.579,29.787,36.634
14168659,04/11/2025,Oxford,Hereford,1.96666,0.83734,2.63912,1.74647,59.022,21.378,19.6
14168671,08/11/2025,Oxford,Worksop,1.99933,0.71614,1.29951,0.65621,57.16,14.387,28.453
14168705,29/11/2025,Oxford,King's Lynn,0.23896,2.6446,0.91299,2.76914,4.084,84.272,11.644
14168725,06/12/2025,Oxford,Darlington,2.916,0.05163,3.26141,0.36688,96.121,0.642,3.237
14168777,10/01/2026,Oxford,Buxton,1.55412,1.19481,1.73892,1.50767,43.435,31.458,25.107
14168471,16/08/2025,Oxford,Macclesfield,1.06502,1.66925,1.20615,1.61336,26.643,46.784,26.573
14168516,23/08/2025,Oxford,Spennymoor,0.5788,2.20117,0.72345,1.79669,11.959,66.038,22.003
14168535,30/08/2025,Oxford,Radcliffe,0.38095,2.45326,0.96419,2.50857,7.172,76.249,16.579
14168550,02/09/2025,Oxford,Alfreton,2.0528,0.72131,2.0362,1.13208,60.897,16.514,22.589
14168584,04/10/2025,Oxford,Curzon Ashton,1.03011,1.74135,1.64318,2.17092,26.719,50.427,22.854
14168606,18/10/2025,Oxford,Southport,1.6775,1.02113,1.19126,0.82016,45.871,23.992,30.137
14168636,25/10/2025,Oxford,Leamington,2.72501,0.18023,2.87582,0.58646,87.675,2.849,9.476
14168846,01/11/2025,Oxford,Bedford,1.37371,1.25995,0.78644,0.73785,33.579,29.787,36.634
14168659,04/11/2025,Oxford,Hereford,1.96666,0.83734,2.63912,1.74647,59.022,21.378,19.6
14168671,08/11/2025,Oxford,Worksop,1.99933,0.71614,1.29951,0.65621,57.16,14.387,28.453
14168705,29/11/2025,Oxford,King's Lynn,0.23896,2.6446,0.91299,2.76914,4.084,84.272,11.644
14168725,06/12/2025,Oxford,Darlington,2.916,0.05163,3.26141,0.36688,96.121,0.642,3.237
14168777,10/01/2026,Oxford,Buxton,1.55412,1.19481,1.73892,1.50767,43.435,31.458,25.107
14168803,24/01/2026,Oxford,Fylde,0.94116,1.69929,0.53504,0.93702,19.387,44.658,35.955
14168471,16/08/2025,Oxford,Macclesfield,1.06502,1.66925,1.20615,1.61336,26.643,46.784,26.573
14168516,23/08/2025,Oxford,Spennymoor,0.5788,2.20117,0.72345,1.79669,11.959,66.038,22.003
14168535,30/08/2025,Oxford,Radcliffe,0.38095,2.45326,0.96419,2.50857,7.172,76.249,16.579
14168550,02/09/2025,Oxford,Alfreton,2.0528,0.72131,2.0362,1.13208,60.897,16.514,22.589
14168584,04/10/2025,Oxford,Curzon Ashton,1.03011,1.74135,1.64318,2.17092,26.719,50.427,22.854
14168606,18/10/2025,Oxford,Southport,1.6775,1.02113,1.19126,0.82016,45.871,23.992,30.137
14168636,25/10/2025,Oxford,Leamington,2.72501,0.18023,2.87582,0.58646,87.675,2.849,9.476
14168846,01/11/2025,Oxford,Bedford,1.37371,1.25995,0.78644,0.73785,33.579,29.787,36.634
14168659,04/11/2025,Oxford,Hereford,1.96666,0.83734,2.63912,1.74647,59.022,21.378,19.6
14168671,08/11/2025,Oxford,Worksop,1.99933,0.71614,1.29951,0.65621,57.16,14.387,28.453
14168705,29/11/2025,Oxford,King's Lynn,0.23896,2.6446,0.91299,2.76914,4.084,84.272,11.644
14168725,06/12/2025,Oxford,Darlington,2.916,0.05163,3.26141,0.36688,96.121,0.642,3.237
14168777,10/01/2026,Oxford,Buxton,1.55412,1.19481,1.73892,1.50767,43.435,31.458,25.107
14168803,24/01/2026,Oxford,Fylde,0.94116,1.69929,0.53504,0.93702,19.387,44.658,35.955
14168830,31/10/2025,Oxford,South Shields,1.19824,1.47475,1.13828,1.2585,29.041,38.258,32.701
14168471,16/08/2025,Oxford,Macclesfield,1.06502,1.66925,1.20615,1.61336,26.643,46.784,26.573
14168516,23/08/2025,Oxford,Spennymoor,0.5788,2.20117,0.72345,1.79669,11.959,66.038,22.003
14168535,30/08/2025,Oxford,Radcliffe,0.38095,2.45326,0.96419,2.50857,7.172,76.249,16.579
14168550,02/09/2025,Oxford,Alfreton,2.0528,0.72131,2.0362,1.13208,60.897,16.514,22.589
14168584,04/10/2025,Oxford,Curzon Ashton,1.03011,1.74135,1.64318,2.17092,26.719,50.427,22.854
14168606,18/10/2025,Oxford,Southport,1.6775,1.02113,1.19126,0.82016,45.871,23.992,30.137
14168636,25/10/2025,Oxford,Leamington,2.72501,0.18023,2.87582,0.58646,87.675,2.849,9.476
14168846,01/11/2025,Oxford,Bedford,1.37371,1.25995,0.78644,0.73785,33.579,29.787,36.634
14168659,04/11/2025,Oxford,Hereford,1.96666,0.83734,2.63912,1.74647,59.022,21.378,19.6
14168671,08/11/2025,Oxford,Worksop,1.99933,0.71614,1.29951,0.65621,57.16,14.387,28.453
14168705,29/11/2025,Oxford,King's Lynn,0.23896,2.6446,0.91299,2.76914,4.084,84.272,11.644
14168725,06/12/2025,Oxford,Darlington,2.916,0.05163,3.26141,0.36688,96.121,0.642,3.237
14168777,10/01/2026,Oxford,Buxton,1.55412,1.19481,1.73892,1.50767,43.435,31.458,25.107
14168803,24/01/2026,Oxford,Fylde,0.94116,1.69929,0.53504,0.93702,19.387,44.658,35.955
14168830,31/10/2025,Oxford,South Shields,1.19824,1.47475,1.13828,1.2585,29.041,38.258,32.701
14168875,21/02/2026,Oxford,Marine,0.79227,1.97553,1.3742,2.13195,18.669,58.111,23.22
14168471,16/08/2025,Oxford,Macclesfield,1.06502,1.66925,1.20615,1.61336,26.643,46.784,26.573
14168516,23/08/2025,Oxford,Spennymoor,0.5788,2.20117,0.72345,1.79669,11.959,66.038,22.003
14168535,30/08/2025,Oxford,Radcliffe,0.38095,2.45326,0.96419,2.50857,7.172,76.249,16.579
14168550,02/09/2025,Oxford,Alfreton,2.0528,0.72131,2.0362,1.13208,60.897,16.514,22.589
14168584,04/10/2025,Oxford,Curzon Ashton,1.03011,1.74135,1.64318,2.17092,26.719,50.427,22.854
14168606,18/10/2025,Oxford,Southport,1.6775,1.02113,1.19126,0.82016,45.871,23.992,30.137
14168636,25/10/2025,Oxford,Leamington,2.72501,0.18023,2.87582,0.58646,87.675,2.849,9.476
14168846,01/11/2025,Oxford,Bedford,1.37371,1.25995,0.78644,0.73785,33.579,29.787,36.634
14168659,04/11/2025,Oxford,Hereford,1.96666,0.83734,2.63912,1.74647,59.022,21.378,19.6
14168671,08/11/2025,Oxford,Worksop,1.99933,0.71614,1.29951,0.65621,57.16,14.387,28.453
14168705,29/11/2025,Oxford,King's Lynn,0.23896,2.6446,0.91299,2.76914,4.084,84.272,11.644
14168725,06/12/2025,Oxford,Darlington,2.916,0.05163,3.26141,0.36688,96.121,0.642,3.237
14168777,10/01/2026,Oxford,Buxton,1.55412,1.19481,1.73892,1.50767,43.435,31.458,25.107
14168803,24/01/2026,Oxford,Fylde,0.94116,1.69929,0.53504,0.93702,19.387,44.658,35.955
14168830,31/10/2025,Oxford,South Shields,1.19824,1.47475,1.13828,1.2585,29.041,38.258,32.701
14168875,21/02/2026,Oxford,Marine,0.79227,1.97553,1.3742,2.13195,18.669,58.111,23.22
14168909,07/03/2026,Oxford,Scarborough,0.38016,2.47029,0.90986,2.60419,7.687,77.358,14.955
14168471,16/08/2025,Oxford,Macclesfield,1.06502,1.66925,1.20615,1.61336,26.643,46.784,26.573
14168516,23/08/2025,Oxford,Spennymoor,0.5788,2.20117,0.72345,1.79669,11.959,66.038,22.003
14168535,30/08/2025,Oxford,Radcliffe,0.38095,2.45326,0.96419,2.50857,7.172,76.249,16.579
14168550,02/09/2025,Oxford,Alfreton,2.0528,0.72131,2.0362,1.13208,60.897,16.514,22.589
14168584,04/10/2025,Oxford,Curzon Ashton,1.03011,1.74135,1.64318,2.17092,26.719,50.427,22.854
14168606,18/10/2025,Oxford,Southport,1.6775,1.02113,1.19126,0.82016,45.871,23.992,30.137
14168636,25/10/2025,Oxford,Leamington,2.72501,0.18023,2.87582,0.58646,87.675,2.849,9.476
14168846,01/11/2025,Oxford,Bedford,1.37371,1.25995,0.78644,0.73785,33.579,29.787,36.634
14168659,04/11/2025,Oxford,Hereford,1.96666,0.83734,2.63912,1.74647,59.022,21.378,19.6
14168671,08/11/2025,Oxford,Worksop,1.99933,0.71614,1.29951,0.65621,57.16,14.387,28.453
14168705,29/11/2025,Oxford,King's Lynn,0.23896,2.6446,0.91299,2.76914,4.084,84.272,11.644
14168725,06/12/2025,Oxford,Darlington,2.916,0.05163,3.26141,0.36688,96.121,0.642,3.237
14168777,10/01/2026,Oxford,Buxton,1.55412,1.19481,1.73892,1.50767,43.435,31.458,25.107
14168803,24/01/2026,Oxford,Fylde,0.94116,1.69929,0.53504,0.93702,19.387,44.658,35.955
14168830,31/10/2025,Oxford,South Shields,1.19824,1.47475,1.13828,1.2585,29.041,38.258,32.701
14168875,21/02/2026,Oxford,Marine,0.79227,1.97553,1.3742,2.13195,18.669,58.111,23.22
14168909,07/03/2026,Oxford,Scarborough,0.38016,2.47029,0.90986,2.60419,7.687,77.358,14.955
14168944,21/03/2026,Oxford,Chorley,0.97826,1.70318,0.74158,1.15934,21.99,46.154,31.856
14168471,16/08/2025,Oxford,Macclesfield,1.06502,1.66925,1.20615,1.61336,26.643,46.784,26.573
14168516,23/08/2025,Oxford,Spennymoor,0.5788,2.20117,0.72345,1.79669,11.959,66.038,22.003
14168535,30/08/2025,Oxford,Radcliffe,0.38095,2.45326,0.96419,2.50857,7.172,76.249,16.579
14168550,02/09/2025,Oxford,Alfreton,2.0528,0.72131,2.0362,1.13208,60.897,16.514,22.589
14168584,04/10/2025,Oxford,Curzon Ashton,1.03011,1.74135,1.64318,2.17092,26.719,50.427,22.854
14168606,18/10/2025,Oxford,Southport,1.6775,1.02113,1.19126,0.82016,45.871,23.992,30.137
14168636,25/10/2025,Oxford,Leamington,2.72501,0.18023,2.87582,0.58646,87.675,2.849,9.476
14168846,01/11/2025,Oxford,Bedford,1.37371,1.25995,0.78644,0.73785,33.579,29.787,36.634
14168659,04/11/2025,Oxford,Hereford,1.96666,0.83734,2.63912,1.74647,59.022,21.378,19.6
14168671,08/11/2025,Oxford,Worksop,1.99933,0.71614,1.29951,0.65621,57.16,14.387,28.453
14168705,29/11/2025,Oxford,King's Lynn,0.23896,2.6446,0.91299,2.76914,4.084,84.272,11.644
14168725,06/12/2025,Oxford,Darlington,2.916,0.05163,3.26141,0.36688,96.121,0.642,3.237
14168777,10/01/2026,Oxford,Buxton,1.55412,1.19481,1.73892,1.50767,43.435,31.458,25.107
14168803,24/01/2026,Oxford,Fylde,0.94116,1.69929,0.53504,0.93702,19.387,44.658,35.955
14168830,31/10/2025,Oxford,South Shields,1.19824,1.47475,1.13828,1.2585,29.041,38.258,32.701
14168875,21/02/2026,Oxford,Marine,0.79227,1.97553,1.3742,2.13195,18.669,58.111,23.22
14168909,07/03/2026,Oxford,Scarborough,0.38016,2.47029,0.90986,2.60419,7.687,77.358,14.955
14168944,21/03/2026,Oxford,Chorley,0.97826,1.70318,0.74158,1.15934,21.99,46.154,31.856
14168957,28/03/2026,Oxford,Kidderminster,0.75785,1.95173,0.61281,1.26012,15.581,55.377,29.042
14168490,16/08/2025,Peterborough,Merthyr,0.84731,1.89857,0.92588,1.6342,19.773,54.815,25.412
14168490,16/08/2025,Peterborough,Merthyr,0.84731,1.89857,0.92588,1.6342,19.773,54.815,25.412
14168502,19/08/2025,Peterborough,Leamington,1.92779,0.70382,0.90354,0.30734,51.98,11.181,36.839
14168490,16/08/2025,Peterborough,Merthyr,0.84731,1.89857,0.92588,1.6342,19.773,54.815,25.412
14168502,19/08/2025,Peterborough,Leamington,1.92779,0.70382,0.90354,0.30734,51.98,11.181,36.839
14168526,25/08/2025,Peterborough,Worksop,1.15841,1.55159,1.22904,1.50294,28.947,42.053,29.0
14168490,16/08/2025,Peterborough,Merthyr,0.84731,1.89857,0.92588,1.6342,19.773,54.815,25.412
14168502,19/08/2025,Peterborough,Leamington,1.92779,0.70382,0.90354,0.30734,51.98,11.181,36.839
14168526,25/08/2025,Peterborough,Worksop,1.15841,1.55159,1.22904,1.50294,28.947,42.053,29.0
14168559,06/09/2025,Peterborough,Fylde,0.11903,2.80043,0.25629,2.36174,1.283,90.663,8.054
14168490,16/08/2025,Peterborough,Merthyr,0.84731,1.89857,0.92588,1.6342,19.773,54.815,25.412
14168502,19/08/2025,Peterborough,Leamington,1.92779,0.70382,0.90354,0.30734,51.98,11.181,36.839
14168526,25/08/2025,Peterborough,Worksop,1.15841,1.55159,1.22904,1.50294,28.947,42.053,29.0
14168559,06/09/2025,Peterborough,Fylde,0.11903,2.80043,0.25629,2.36174,1.283,90.663,8.054
14168585,04/10/2025,Peterborough,Kidderminster,1.94457,0.82113,2.0067,1.21378,57.009,19.561,23.43
14168490,16/08/2025,Peterborough,Merthyr,0.84731,1.89857,0.92588,1.6342,19.773,54.815,25.412
14168502,19/08/2025,Peterborough,Leamington,1.92779,0.70382,0.90354,0.30734,51.98,11.181,36.839
14168526,25/08/2025,Peterborough,Worksop,1.15841,1.55159,1.22904,1.50294,28.947,42.053,29.0
14168559,06/09/2025,Peterborough,Fylde,0.11903,2.80043,0.25629,2.36174,1.283,90.663,8.054
14168585,04/10/2025,Peterborough,Kidderminster,1.94457,0.82113,2.0067,1.21378,57.009,19.561,23.43
14168609,18/10/2025,Peterborough,Alfreton,1.47987,1.18821,0.99318,0.82007,38.265,28.543,33.192
14168490,16/08/2025,Peterborough,Merthyr,0.84731,1.89857,0.92588,1.6342,19.773,54.815,25.412
14168502,19/08/2025,Peterborough,Leamington,1.92779,0.70382,0.90354,0.30734,51.98,11.181,36.839
14168526,25/08/2025,Peterborough,Worksop,1.15841,1.55159,1.22904,1.50294,28.947,42.053,29.0
14168559,06/09/2025,Peterborough,Fylde,0.11903,2.80043,0.25629,2.36174,1.283,90.663,8.054
14168585,04/10/2025,Peterborough,Kidderminster,1.94457,0.82113,2.0067,1.21378,57.009,19.561,23.43
14168609,18/10/2025,Peterborough,Alfreton,1.47987,1.18821,0.99318,0.82007,38.265,28.543,33.192
14168616,21/10/2025,Peterborough,Buxton,0.6676,2.09971,1.0726,2.0224,14.497,62.234,23.269
14168490,16/08/2025,Peterborough,Merthyr,0.84731,1.89857,0.92588,1.6342,19.773,54.815,25.412
14168502,19/08/2025,Peterborough,Leamington,1.92779,0.70382,0.90354,0.30734,51.98,11.181,36.839
14168526,25/08/2025,Peterborough,Worksop,1.15841,1.55159,1.22904,1.50294,28.947,42.053,29.0
14168559,06/09/2025,Peterborough,Fylde,0.11903,2.80043,0.25629,2.36174,1.283,90.663,8.054
14168585,04/10/2025,Peterborough,Kidderminster,1.94457,0.82113,2.0067,1.21378,57.009,19.561,23.43
14168609,18/10/2025,Peterborough,Alfreton,1.47987,1.18821,0.99318,0.82007,38.265,28.543,33.192
14168616,21/10/2025,Peterborough,Buxton,0.6676,2.09971,1.0726,2.0224,14.497,62.234,23.269
14168645,01/11/2025,Peterborough,Chorley,2.35634,0.46082,2.11228,0.84953,72.45,9.266,18.284
14168490,16/08/2025,Peterborough,Merthyr,0.84731,1.89857,0.92588,1.6342,19.773,54.815,25.412
14168502,19/08/2025,Peterborough,Leamington,1.92779,0.70382,0.90354,0.30734,51.98,11.181,36.839
14168526,25/08/2025,Peterborough,Worksop,1.15841,1.55159,1.22904,1.50294,28.947,42.053,29.0
14168559,06/09/2025,Peterborough,Fylde,0.11903,2.80043,0.25629,2.36174,1.283,90.663,8.054
14168585,04/10/2025,Peterborough,Kidderminster,1.94457,0.82113,2.0067,1.21378,57.009,19.561,23.43
14168609,18/10/2025,Peterborough,Alfreton,1.47987,1.18821,0.99318,0.82007,38.265,28.543,33.192
14168616,21/10/2025,Peterborough,Buxton,0.6676,2.09971,1.0726,2.0224,14.497,62.234,23.269
14168645,01/11/2025,Peterborough,Chorley,2.35634,0.46082,2.11228,0.84953,72.45,9.266,18.284
14168682,22/11/2025,Peterborough,Radcliffe,2.52394,0.3391,3.0665,1.33586,79.566,6.738,13.696
14168490,16/08/2025,Peterborough,Merthyr,0.84731,1.89857,0.92588,1.6342,19.773,54.815,25.412
14168502,19/08/2025,Peterborough,Leamington,1.92779,0.70382,0.90354,0.30734,51.98,11.181,36.839
14168526,25/08/2025,Peterborough,Worksop,1.15841,1.55159,1.22904,1.50294,28.947,42.053,29.0
14168559,06/09/2025,Peterborough,Fylde,0.11903,2.80043,0.25629,2.36174,1.283,90.663,8.054
14168585,04/10/2025,Peterborough,Kidderminster,1.94457,0.82113,2.0067,1.21378,57.009,19.561,23.43
14168609,18/10/2025,Peterborough,Alfreton,1.47987,1.18821,0.99318,0.82007,38.265,28.543,33.192
14168616,21/10/2025,Peterborough,Buxton,0.6676,2.09971,1.0726,2.0224,14.497,62.234,23.269
14168645,01/11/2025,Peterborough,Chorley,2.35634,0.46082,2.11228,0.84953,72.45,9.266,18.284
14168682,22/11/2025,Peterborough,Radcliffe,2.52394,0.3391,3.0665,1.33586,79.566,6.738,13.696
14168694,25/11/2025,Peterborough,Bedford,2.4636,0.36567,2.05409,0.552,76.429,6.498,17.073
14168490,16/08/2025,Peterborough,Merthyr,0.84731,1.89857,0.92588,1.6342,19.773,54.815,25.412
14168502,19/08/2025,Peterborough,Leamington,1.92779,0.70382,0.90354,0.30734,51.98,11.181,36.839
14168526,25/08/2025,Peterborough,Worksop,1.15841,1.55159,1.22904,1.50294,28.947,42.053,29.0
14168559,06/09/2025,Peterborough,Fylde,0.11903,2.80043,0.25629,2.36174,1.283,90.663,8.054
14168585,04/10/2025,Peterborough,Kidderminster,1.94457,0.82113,2.0067,1.21378,57.009,19.561,23.43
14168609,18/10/2025,Peterborough,Alfreton,1.47987,1.18821,0.99318,0.82007,38.265,28.543,33.192
14168616,21/10/2025,Peterborough,Buxton,0.6676,2.09971,1.0726,2.0224,14.497,62.234,23.269
14168645,01/11/2025,Peterborough,Chorley,2.35634,0.46082,2.11228,0.84953,72.45,9.266,18.284
14168682,22/11/2025,Peterborough,Radcliffe,2.52394,0.3391,3.0665,1.33586,79.566,6.738,13.696
14168694,25/11/2025,Peterborough,Bedford,2.4636,0.36567,2.05409,0.552,76.429,6.498,17.073
14168730,20/12/2025,Peterborough,Scarborough,0.17008,2.7499,0.93713,3.30185,3.002,88.996,8.002
14168490,16/08/2025,Peterborough,Merthyr,0.84731,1.89857,0.92588,1.6342,19.773,54.815,25.412
14168502,19/08/2025,Peterborough,Leamington,1.92779,0.70382,0.90354,0.30734,51.98,11.181,36.839
14168526,25/08/2025,Peterborough,Worksop,1.15841,1.55159,1.22904,1.50294,28.947,42.053,29.0
14168559,06/09/2025,Peterborough,Fylde,0.11903,2.80043,0.25629,2.36174,1.283,90.663,8.054
14168585,04/10/2025,Peterborough,Kidderminster,1.94457,0.82113,2.0067,1.21378,57.009,19.561,23.43
14168609,18/10/2025,Peterborough,Alfreton,1.47987,1.18821,0.99318,0.82007,38.265,28.543,33.192
14168616,21/10/2025,Peterborough,Buxton,0.6676,2.09971,1.0726,2.0224,14.497,62.234,23.269
14168645,01/11/2025,Peterborough,Chorley,2.35634,0.46082,2.11228,0.84953,72.45,9.266,18.284
14168682,22/11/2025,Peterborough,Radcliffe,2.52394,0.3391,3.0665,1.33586,79.566,6.738,13.696
14168694,25/11/2025,Peterborough,Bedford,2.4636,0.36567,2.05409,0.552,76.429,6.498,17.073
14168730,20/12/2025,Peterborough,Scarborough,0.17008,2.7499,0.93713,3.30185,3.002,88.996,8.002
14168753,30/12/2025,Peterborough,Oxford,2.14694,0.5885,1.42835,0.4659,62.746,10.798,26.456
14168490,16/08/2025,Peterborough,Merthyr,0.84731,1.89857,0.92588,1.6342,19.773,54.815,25.412
14168502,19/08/2025,Peterborough,Leamington,1.92779,0.70382,0.90354,0.30734,51.98,11.181,36.839
14168526,25/08/2025,Peterborough,Worksop,1.15841,1.55159,1.22904,1.50294,28.947,42.053,29.0
14168559,06/09/2025,Peterborough,Fylde,0.11903,2.80043,0.25629,2.36174,1.283,90.663,8.054
14168585,04/10/2025,Peterborough,Kidderminster,1.94457,0.82113,2.0067,1.21378,57.009,19.561,23.43
14168609,18/10/2025,Peterborough,Alfreton,1.47987,1.18821,0.99318,0.82007,38.265,28.543,33.192
14168616,21/10/2025,Peterborough,Buxton,0.6676,2.09971,1.0726,2.0224,14.497,62.234,23.269
14168645,01/11/2025,Peterborough,Chorley,2.35634,0.46082,2.11228,0.84953,72.45,9.266,18.284
14168682,22/11/2025,Peterborough,Radcliffe,2.52394,0.3391,3.0665,1.33586,79.566,6.738,13.696
14168694,25/11/2025,Peterborough,Bedford,2.4636,0.36567,2.05409,0.552,76.429,6.498,17.073
14168730,20/12/2025,Peterborough,Scarborough,0.17008,2.7499,0.93713,3.30185,3.002,88.996,8.002
14168753,30/12/2025,Peterborough,Oxford,2.14694,0.5885,1.42835,0.4659,62.746,10.798,26.456
14168801,24/01/2026,Peterborough,Chester,2.67357,0.18567,1.79983,0.11808,84.427,1.497,14.076
14168490,16/08/2025,Peterborough,Merthyr,0.84731,1.89857,0.92588,1.6342,19.773,54.815,25.412
14168502,19/08/2025,Peterborough,Leamington,1.92779,0.70382,0.90354,0.30734,51.98,11.181,36.839
14168526,25/08/2025,Peterborough,Worksop,1.15841,1.55159,1.22904,1.50294,28.947,42.053,29.0
14168559,06/09/2025,Peterborough,Fylde,0.11903,2.80043,0.25629,2.36174,1.283,90.663,8.054
14168585,04/10/2025,Peterborough,Kidderminster,1.94457,0.82113,2.0067,1.21378,57.009,19.561,23.43
14168609,18/10/2025,Peterborough,Alfreton,1.47987,1.18821,0.99318,0.82007,38.265,28.543,33.192
14168616,21/10/2025,Peterborough,Buxton,0.6676,2.09971,1.0726,2.0224,14.497,62.234,23.269
14168645,01/11/2025,Peterborough,Chorley,2.35634,0.46082,2.11228,0.84953,72.45,9.266,18.284
14168682,22/11/2025,Peterborough,Radcliffe,2.52394,0.3391,3.0665,1.33586,79.566,6.738,13.696
14168694,25/11/2025,Peterborough,Bedford,2.4636,0.36567,2.05409,0.552,76.429,6.498,17.073
14168730,20/12/2025,Peterborough,Scarborough,0.17008,2.7499,0.93713,3.30185,3.002,88.996,8.002
14168753,30/12/2025,Peterborough,Oxford,2.14694,0.5885,1.42835,0.4659,62.746,10.798,26.456
14168801,24/01/2026,Peterborough,Chester,2.67357,0.18567,1.79983,0.11808,84.427,1.497,14.076
14168812,27/01/2026,Peterborough,Macclesfield,1.62349,1.06525,1.45165,1.08248,43.741,25.133,31.126
14168490,16/08/2025,Peterborough,Merthyr,0.84731,1.89857,0.92588,1.6342,19.773,54.815,25.412
14168502,19/08/2025,Peterborough,Leamington,1.92779,0.70382,0.90354,0.30734,51.98,11.181,36.839
14168526,25/08/2025,Peterborough,Worksop,1.15841,1.55159,1.22904,1.50294,28.947,42.053,29.0
14168559,06/09/2025,Peterborough,Fylde,0.11903,2.80043,0.25629,2.36174,1.283,90.663,8.054
14168585,04/10/2025,Peterborough,Kidderminster,1.94457,0.82113,2.0067,1.21378,57.009,19.561,23.43
14168609,18/10/2025,Peterborough,Alfreton,1.47987,1.18821,0.99318,0.82007,38.265,28.543,33.192
14168616,21/10/2025,Peterborough,Buxton,0.6676,2.09971,1.0726,2.0224,14.497,62.234,23.269
14168645,01/11/2025,Peterborough,Chorley,2.35634,0.46082,2.11228,0.84953,72.45,9.266,18.284
14168682,22/11/2025,Peterborough,Radcliffe,2.52394,0.3391,3.0665,1.33586,79.566,6.738,13.696
14168694,25/11/2025,Peterborough,Bedford,2.4636,0.36567,2.05409,0.552,76.429,6.498,17.073
14168730,20/12/2025,Peterborough,Scarborough,0.17008,2.7499,0.93713,3.30185,3.002,88.996,8.002
14168753,30/12/2025,Peterborough,Oxford,2.14694,0.5885,1.42835,0.4659,62.746,10.798,26.456
14168801,24/01/2026,Peterborough,Chester,2.67357,0.18567,1.79983,0.11808,84.427,1.497,14.076
14168812,27/01/2026,Peterborough,Macclesfield,1.62349,1.06525,1.45165,1.08248,43.741,25.133,31.126
14168837,07/02/2026,Peterborough,Curzon Ashton,2.30752,0.5014,2.03668,0.7696,70.548,10.344,19.108
14168490,16/08/2025,Peterborough,Merthyr,0.84731,1.89857,0.92588,1.6342,19.773,54.815,25.412
14168502,19/08/2025,Peterborough,Leamington,1.92779,0.70382,0.90354,0.30734,51.98,11.181,36.839
14168526,25/08/2025,Peterborough,Worksop,1.15841,1.55159,1.22904,1.50294,28.947,42.053,29.0
14168559,06/09/2025,Peterborough,Fylde,0.11903,2.80043,0.25629,2.36174,1.283,90.663,8.054
14168585,04/10/2025,Peterborough,Kidderminster,1.94457,0.82113,2.0067,1.21378,57.009,19.561,23.43
14168609,18/10/2025,Peterborough,Alfreton,1.47987,1.18821,0.99318,0.82007,38.265,28.543,33.192
14168616,21/10/2025,Peterborough,Buxton,0.6676,2.09971,1.0726,2.0224,14.497,62.234,23.269
14168645,01/11/2025,Peterborough,Chorley,2.35634,0.46082,2.11228,0.84953,72.45,9.266,18.284
14168682,22/11/2025,Peterborough,Radcliffe,2.52394,0.3391,3.0665,1.33586,79.566,6.738,13.696
14168694,25/11/2025,Peterborough,Bedford,2.4636,0.36567,2.05409,0.552,76.429,6.498,17.073
14168730,20/12/2025,Peterborough,Scarborough,0.17008,2.7499,0.93713,3.30185,3.002,88.996,8.002
14168753,30/12/2025,Peterborough,Oxford,2.14694,0.5885,1.42835,0.4659,62.746,10.798,26.456
14168801,24/01/2026,Peterborough,Chester,2.67357,0.18567,1.79983,0.11808,84.427,1.497,14.076
14168812,27/01/2026,Peterborough,Macclesfield,1.62349,1.06525,1.45165,1.08248,43.741,25.133,31.126
14168837,07/02/2026,Peterborough,Curzon Ashton,2.30752,0.5014,2.03668,0.7696,70.548,10.344,19.108
14168862,14/02/2026,Peterborough,Spennymoor,1.70564,1.03232,1.70691,1.26016,48.12,25.676,26.204
14168490,16/08/2025,Peterborough,Merthyr,0.84731,1.89857,0.92588,1.6342,19.773,54.815,25.412
14168502,19/08/2025,Peterborough,Leamington,1.92779,0.70382,0.90354,0.30734,51.98,11.181,36.839
14168526,25/08/2025,Peterborough,Worksop,1.15841,1.55159,1.22904,1.50294,28.947,42.053,29.0
14168559,06/09/2025,Peterborough,Fylde,0.11903,2.80043,0.25629,2.36174,1.283,90.663,8.054
14168585,04/10/2025,Peterborough,Kidderminster,1.94457,0.82113,2.0067,1.21378,57.009,19.561,23.43
14168609,18/10/2025,Peterborough,Alfreton,1.47987,1.18821,0.99318,0.82007,38.265,28.543,33.192
14168616,21/10/2025,Peterborough,Buxton,0.6676,2.09971,1.0726,2.0224,14.497,62.234,23.269
14168645,01/11/2025,Peterborough,Chorley,2.35634,0.46082,2.11228,0.84953,72.45,9.266,18.284
14168682,22/11/2025,Peterborough,Radcliffe,2.52394,0.3391,3.0665,1.33586,79.566,6.738,13.696
14168694,25/11/2025,Peterborough,Bedford,2.4636,0.36567,2.05409,0.552,76.429,6.498,17.073
14168730,20/12/2025,Peterborough,Scarborough,0.17008,2.7499,0.93713,3.30185,3.002,88.996,8.002
14168753,30/12/2025,Peterborough,Oxford,2.14694,0.5885,1.42835,0.4659,62.746,10.798,26.456
14168801,24/01/2026,Peterborough,Chester,2.67357,0.18567,1.79983,0.11808,84.427,1.497,14.076
14168812,27/01/2026,Peterborough,Macclesfield,1.62349,1.06525,1.45165,1.08248,43.741,25.133,31.126
14168837,07/02/2026,Peterborough,Curzon Ashton,2.30752,0.5014,2.03668,0.7696,70.548,10.344,19.108
14168862,14/02/2026,Peterborough,Spennymoor,1.70564,1.03232,1.70691,1.26016,48.12,25.676,26.204
14168900,28/02/2026,Peterborough,South Shields,0.13734,2.78772,0.61573,3.05982,2.08,90.426,7.494
14168490,16/08/2025,Peterborough,Merthyr,0.84731,1.89857,0.92588,1.6342,19.773,54.815,25.412
14168502,19/08/2025,Peterborough,Leamington,1.92779,0.70382,0.90354,0.30734,51.98,11.181,36.839
14168526,25/08/2025,Peterborough,Worksop,1.15841,1.55159,1.22904,1.50294,28.947,42.053,29.0
14168559,06/09/2025,Peterborough,Fylde,0.11903,2.80043,0.25629,2.36174,1.283,90.663,8.054
14168585,04/10/2025,Peterborough,Kidderminster,1.94457,0.82113,2.0067,1.21378,57.009,19.561,23.43
14168609,18/10/2025,Peterborough,Alfreton,1.47987,1.18821,0.99318,0.82007,38.265,28.543,33.192
14168616,21/10/2025,Peterborough,Buxton,0.6676,2.09971,1.0726,2.0224,14.497,62.234,23.269
14168645,01/11/2025,Peterborough,Chorley,2.35634,0.46082,2.11228,0.84953,72.45,9.266,18.284
14168682,22/11/2025,Peterborough,Radcliffe,2.52394,0.3391,3.0665,1.33586,79.566,6.738,13.696
14168694,25/11/2025,Peterborough,Bedford,2.4636,0.36567,2.05409,0.552,76.429,6.498,17.073
14168730,20/12/2025,Peterborough,Scarborough,0.17008,2.7499,0.93713,3.30185,3.002,88.996,8.002
14168753,30/12/2025,Peterborough,Oxford,2.14694,0.5885,1.42835,0.4659,62.746,10.798,26.456
14168801,24/01/2026,Peterborough,Chester,2.67357,0.18567,1.79983,0.11808,84.427,1.497,14.076
14168812,27/01/2026,Peterborough,Macclesfield,1.62349,1.06525,1.45165,1.08248,43.741,25.133,31.126
14168837,07/02/2026,Peterborough,Curzon Ashton,2.30752,0.5014,2.03668,0.7696,70.548,10.344,19.108
14168862,14/02/2026,Peterborough,Spennymoor,1.70564,1.03232,1.70691,1.26016,48.12,25.676,26.204
14168900,28/02/2026,Peterborough,South Shields,0.13734,2.78772,0.61573,3.05982,2.08,90.426,7.494
14168910,07/03/2026,Peterborough,Southport,2.06086,0.6286,1.12984,0.36798,58.344,10.602,31.054
14168490,16/08/2025,Peterborough,Merthyr,0.84731,1.89857,0.92588,1.6342,19.773,54.815,25.412
14168502,19/08/2025,Peterborough,Leamington,1.92779,0.70382,0.90354,0.30734,51.98,11.181,36.839
14168526,25/08/2025,Peterborough,Worksop,1.15841,1.55159,1.22904,1.50294,28.947,42.053,29.0
14168559,06/09/2025,Peterborough,Fylde,0.11903,2.80043,0.25629,2.36174,1.283,90.663,8.054
14168585,04/10/2025,Peterborough,Kidderminster,1.94457,0.82113,2.0067,1.21378,57.009,19.561,23.43
14168609,18/10/2025,Peterborough,Alfreton,1.47987,1.18821,0.99318,0.82007,38.265,28.543,33.192
14168616,21/10/2025,Peterborough,Buxton,0.6676,2.09971,1.0726,2.0224,14.497,62.234,23.269
14168645,01/11/2025,Peterborough,Chorley,2.35634,0.46082,2.11228,0.84953,72.45,9.266,18.284
14168682,22/11/2025,Peterborough,Radcliffe,2.52394,0.3391,3.0665,1.33586,79.566,6.738,13.696
14168694,25/11/2025,Peterborough,Bedford,2.4636,0.36567,2.05409,0.552,76.429,6.498,17.073
14168730,20/12/2025,Peterborough,Scarborough,0.17008,2.7499,0.93713,3.30185,3.002,88.996,8.002
14168753,30/12/2025,Peterborough,Oxford,2.14694,0.5885,1.42835,0.4659,62.746,10.798,26.456
14168801,24/01/2026,Peterborough,Chester,2.67357,0.18567,1.79983,0.11808,84.427,1.497,14.076
14168812,27/01/2026,Peterborough,Macclesfield,1.62349,1.06525,1.45165,1.08248,43.741,25.133,31.126
14168837,07/02/2026,Peterborough,Curzon Ashton,2.30752,0.5014,2.03668,0.7696,70.548,10.344,19.108
14168862,14/02/2026,Peterborough,Spennymoor,1.70564,1.03232,1.70691,1.26016,48.12,25.676,26.204
14168900,28/02/2026,Peterborough,South Shields,0.13734,2.78772,0.61573,3.05982,2.08,90.426,7.494
14168910,07/03/2026,Peterborough,Southport,2.06086,0.6286,1.12984,0.36798,58.344,10.602,31.054
14169015,06/12/2025,Peterborough,Hereford,1.16407,1.46338,0.6489,0.81089,26.384,36.361,37.255
14168490,16/08/2025,Peterborough,Merthyr,0.84731,1.89857,0.92588,1.6342,19.773,54.815,25.412
14168502,19/08/2025,Peterborough,Leamington,1.92779,0.70382,0.90354,0.30734,51.98,11.181,36.839
14168526,25/08/2025,Peterborough,Worksop,1.15841,1.55159,1.22904,1.50294,28.947,42.053,29.0
14168559,06/09/2025,Peterborough,Fylde,0.11903,2.80043,0.25629,2.36174,1.283,90.663,8.054
14168585,04/10/2025,Peterborough,Kidderminster,1.94457,0.82113,2.0067,1.21378,57.009,19.561,23.43
14168609,18/10/2025,Peterborough,Alfreton,1.47987,1.18821,0.99318,0.82007,38.265,28.543,33.192
14168616,21/10/2025,Peterborough,Buxton,0.6676,2.09971,1.0726,2.0224,14.497,62.234,23.269
14168645,01/11/2025,Peterborough,Chorley,2.35634,0.46082,2.11228,0.84953,72.45,9.266,18.284
14168682,22/11/2025,Peterborough,Radcliffe,2.52394,0.3391,3.0665,1.33586,79.566,6.738,13.696
14168694,25/11/2025,Peterborough,Bedford,2.4636,0.36567,2.05409,0.552,76.429,6.498,17.073
14168730,20/12/2025,Peterborough,Scarborough,0.17008,2.7499,0.93713,3.30185,3.002,88.996,8.002
14168753,30/12/2025,Peterborough,Oxford,2.14694,0.5885,1.42835,0.4659,62.746,10.798,26.456
14168801,24/01/2026,Peterborough,Chester,2.67357,0.18567,1.79983,0.11808,84.427,1.497,14.076
14168812,27/01/2026,Peterborough,Macclesfield,1.62349,1.06525,1.45165,1.08248,43.741,25.133,31.126
14168837,07/02/2026,Peterborough,Curzon Ashton,2.30752,0.5014,2.03668,0.7696,70.548,10.344,19.108
14168862,14/02/2026,Peterborough,Spennymoor,1.70564,1.03232,1.70691,1.26016,48.12,25.676,26.204
14168900,28/02/2026,Peterborough,South Shields,0.13734,2.78772,0.61573,3.05982,2.08,90.426,7.494
14168910,07/03/2026,Peterborough,Southport,2.06086,0.6286,1.12984,0.36798,58.344,10.602,31.054
14169015,06/12/2025,Peterborough,Hereford,1.16407,1.46338,0.6489,0.81089,26.384,36.361,37.255
15366761,17/03/2026,Peterborough,Marine,1.06622,1.32554,0.22466,0.33551,15.266,23.91,60.824
14168477,16/08/2025,Radcliffe,Spennymoor,2.80381,0.1348,4.11226,1.31801,91.414,2.447,6.139
14168477,16/08/2025,Radcliffe,Spennymoor,2.80381,0.1348,4.11226,1.31801,91.414,2.447,6.139
14168504,19/08/2025,Radcliffe,Worksop,2.29101,0.52638,2.7729,1.45236,70.28,11.459,18.261
14168477,16/08/2025,Radcliffe,Spennymoor,2.80381,0.1348,4.11226,1.31801,91.414,2.447,6.139
14168504,19/08/2025,Radcliffe,Worksop,2.29101,0.52638,2.7729,1.45236,70.28,11.459,18.261
14168523,25/08/2025,Radcliffe,Hereford,2.85555,0.08328,2.34896,0.16093,93.146,0.737,6.117
14168477,16/08/2025,Radcliffe,Spennymoor,2.80381,0.1348,4.11226,1.31801,91.414,2.447,6.139
14168504,19/08/2025,Radcliffe,Worksop,2.29101,0.52638,2.7729,1.45236,70.28,11.459,18.261
14168523,25/08/2025,Radcliffe,Hereford,2.85555,0.08328,2.34896,0.16093,93.146,0.737,6.117
14168562,06/09/2025,Radcliffe,Marine,1.25981,1.46255,1.34843,1.4858,32.739,39.497,27.764
14168477,16/08/2025,Radcliffe,Spennymoor,2.80381,0.1348,4.11226,1.31801,91.414,2.447,6.139
14168504,19/08/2025,Radcliffe,Worksop,2.29101,0.52638,2.7729,1.45236,70.28,11.459,18.261
14168523,25/08/2025,Radcliffe,Hereford,2.85555,0.08328,2.34896,0.16093,93.146,0.737,6.117
14168562,06/09/2025,Radcliffe,Marine,1.25981,1.46255,1.34843,1.4858,32.739,39.497,27.764
14168586,04/10/2025,Radcliffe,Alfreton,2.15611,0.62113,1.78821,0.74833,64.445,13.279,22.276
14168477,16/08/2025,Radcliffe,Spennymoor,2.80381,0.1348,4.11226,1.31801,91.414,2.447,6.139
14168504,19/08/2025,Radcliffe,Worksop,2.29101,0.52638,2.7729,1.45236,70.28,11.459,18.261
14168523,25/08/2025,Radcliffe,Hereford,2.85555,0.08328,2.34896,0.16093,93.146,0.737,6.117
14168562,06/09/2025,Radcliffe,Marine,1.25981,1.46255,1.34843,1.4858,32.739,39.497,27.764
14168586,04/10/2025,Radcliffe,Alfreton,2.15611,0.62113,1.78821,0.74833,64.445,13.279,22.276
14168608,18/10/2025,Radcliffe,Bedford,2.1579,0.60438,2.07225,1.07299,64.006,12.222,23.772
14168477,16/08/2025,Radcliffe,Spennymoor,2.80381,0.1348,4.11226,1.31801,91.414,2.447,6.139
14168504,19/08/2025,Radcliffe,Worksop,2.29101,0.52638,2.7729,1.45236,70.28,11.459,18.261
14168523,25/08/2025,Radcliffe,Hereford,2.85555,0.08328,2.34896,0.16093,93.146,0.737,6.117
14168562,06/09/2025,Radcliffe,Marine,1.25981,1.46255,1.34843,1.4858,32.739,39.497,27.764
14168586,04/10/2025,Radcliffe,Alfreton,2.15611,0.62113,1.78821,0.74833,64.445,13.279,22.276
14168608,18/10/2025,Radcliffe,Bedford,2.1579,0.60438,2.07225,1.07299,64.006,12.222,23.772
14168618,21/10/2025,Radcliffe,Darlington,2.84818,0.10657,4.60056,1.28533,93.431,2.044,4.525
14168477,16/08/2025,Radcliffe,Spennymoor,2.80381,0.1348,4.11226,1.31801,91.414,2.447,6.139
14168504,19/08/2025,Radcliffe,Worksop,2.29101,0.52638,2.7729,1.45236,70.28,11.459,18.261
14168523,25/08/2025,Radcliffe,Hereford,2.85555,0.08328,2.34896,0.16093,93.146,0.737,6.117
14168562,06/09/2025,Radcliffe,Marine,1.25981,1.46255,1.34843,1.4858,32.739,39.497,27.764
14168586,04/10/2025,Radcliffe,Alfreton,2.15611,0.62113,1.78821,0.74833,64.445,13.279,22.276
14168608,18/10/2025,Radcliffe,Bedford,2.1579,0.60438,2.07225,1.07299,64.006,12.222,23.772
14168618,21/10/2025,Radcliffe,Darlington,2.84818,0.10657,4.60056,1.28533,93.431,2.044,4.525
14168674,08/11/2025,Radcliffe,Chorley,1.89633,0.83979,1.6731,1.07546,54.415,19.197,26.388
14168477,16/08/2025,Radcliffe,Spennymoor,2.80381,0.1348,4.11226,1.31801,91.414,2.447,6.139
14168504,19/08/2025,Radcliffe,Worksop,2.29101,0.52638,2.7729,1.45236,70.28,11.459,18.261
14168523,25/08/2025,Radcliffe,Hereford,2.85555,0.08328,2.34896,0.16093,93.146,0.737,6.117
14168562,06/09/2025,Radcliffe,Marine,1.25981,1.46255,1.34843,1.4858,32.739,39.497,27.764
14168586,04/10/2025,Radcliffe,Alfreton,2.15611,0.62113,1.78821,0.74833,64.445,13.279,22.276
14168608,18/10/2025,Radcliffe,Bedford,2.1579,0.60438,2.07225,1.07299,64.006,12.222,23.772
14168618,21/10/2025,Radcliffe,Darlington,2.84818,0.10657,4.60056,1.28533,93.431,2.044,4.525
14168674,08/11/2025,Radcliffe,Chorley,1.89633,0.83979,1.6731,1.07546,54.415,19.197,26.388
14168711,29/11/2025,Radcliffe,Telford,2.07826,0.71203,2.35256,1.35871,62.285,16.744,20.971
14168477,16/08/2025,Radcliffe,Spennymoor,2.80381,0.1348,4.11226,1.31801,91.414,2.447,6.139
14168504,19/08/2025,Radcliffe,Worksop,2.29101,0.52638,2.7729,1.45236,70.28,11.459,18.261
14168523,25/08/2025,Radcliffe,Hereford,2.85555,0.08328,2.34896,0.16093,93.146,0.737,6.117
14168562,06/09/2025,Radcliffe,Marine,1.25981,1.46255,1.34843,1.4858,32.739,39.497,27.764
14168586,04/10/2025,Radcliffe,Alfreton,2.15611,0.62113,1.78821,0.74833,64.445,13.279,22.276
14168608,18/10/2025,Radcliffe,Bedford,2.1579,0.60438,2.07225,1.07299,64.006,12.222,23.772
14168618,21/10/2025,Radcliffe,Darlington,2.84818,0.10657,4.60056,1.28533,93.431,2.044,4.525
14168674,08/11/2025,Radcliffe,Chorley,1.89633,0.83979,1.6731,1.07546,54.415,19.197,26.388
14168711,29/11/2025,Radcliffe,Telford,2.07826,0.71203,2.35256,1.35871,62.285,16.744,20.971
14972548,02/12/2025,Radcliffe,Chester,1.31788,1.36309,0.95312,0.98432,33.295,34.802,31.903
14168477,16/08/2025,Radcliffe,Spennymoor,2.80381,0.1348,4.11226,1.31801,91.414,2.447,6.139
14168504,19/08/2025,Radcliffe,Worksop,2.29101,0.52638,2.7729,1.45236,70.28,11.459,18.261
14168523,25/08/2025,Radcliffe,Hereford,2.85555,0.08328,2.34896,0.16093,93.146,0.737,6.117
14168562,06/09/2025,Radcliffe,Marine,1.25981,1.46255,1.34843,1.4858,32.739,39.497,27.764
14168586,04/10/2025,Radcliffe,Alfreton,2.15611,0.62113,1.78821,0.74833,64.445,13.279,22.276
14168608,18/10/2025,Radcliffe,Bedford,2.1579,0.60438,2.07225,1.07299,64.006,12.222,23.772
14168618,21/10/2025,Radcliffe,Darlington,2.84818,0.10657,4.60056,1.28533,93.431,2.044,4.525
14168674,08/11/2025,Radcliffe,Chorley,1.89633,0.83979,1.6731,1.07546,54.415,19.197,26.388
14168711,29/11/2025,Radcliffe,Telford,2.07826,0.71203,2.35256,1.35871,62.285,16.744,20.971
14972548,02/12/2025,Radcliffe,Chester,1.31788,1.36309,0.95312,0.98432,33.295,34.802,31.903
14168731,20/12/2025,Radcliffe,Leamington,1.63784,1.04981,1.53146,1.17401,44.183,24.582,31.235
14168477,16/08/2025,Radcliffe,Spennymoor,2.80381,0.1348,4.11226,1.31801,91.414,2.447,6.139
14168504,19/08/2025,Radcliffe,Worksop,2.29101,0.52638,2.7729,1.45236,70.28,11.459,18.261
14168523,25/08/2025,Radcliffe,Hereford,2.85555,0.08328,2.34896,0.16093,93.146,0.737,6.117
14168562,06/09/2025,Radcliffe,Marine,1.25981,1.46255,1.34843,1.4858,32.739,39.497,27.764
14168586,04/10/2025,Radcliffe,Alfreton,2.15611,0.62113,1.78821,0.74833,64.445,13.279,22.276
14168608,18/10/2025,Radcliffe,Bedford,2.1579,0.60438,2.07225,1.07299,64.006,12.222,23.772
14168618,21/10/2025,Radcliffe,Darlington,2.84818,0.10657,4.60056,1.28533,93.431,2.044,4.525
14168674,08/11/2025,Radcliffe,Chorley,1.89633,0.83979,1.6731,1.07546,54.415,19.197,26.388
14168711,29/11/2025,Radcliffe,Telford,2.07826,0.71203,2.35256,1.35871,62.285,16.744,20.971
14972548,02/12/2025,Radcliffe,Chester,1.31788,1.36309,0.95312,0.98432,33.295,34.802,31.903
14168731,20/12/2025,Radcliffe,Leamington,1.63784,1.04981,1.53146,1.17401,44.183,24.582,31.235
14168762,30/12/2025,Radcliffe,Fylde,2.15453,0.61358,1.68474,0.75268,64.088,12.723,23.189
14168477,16/08/2025,Radcliffe,Spennymoor,2.80381,0.1348,4.11226,1.31801,91.414,2.447,6.139
14168504,19/08/2025,Radcliffe,Worksop,2.29101,0.52638,2.7729,1.45236,70.28,11.459,18.261
14168523,25/08/2025,Radcliffe,Hereford,2.85555,0.08328,2.34896,0.16093,93.146,0.737,6.117
14168562,06/09/2025,Radcliffe,Marine,1.25981,1.46255,1.34843,1.4858,32.739,39.497,27.764
14168586,04/10/2025,Radcliffe,Alfreton,2.15611,0.62113,1.78821,0.74833,64.445,13.279,22.276
14168608,18/10/2025,Radcliffe,Bedford,2.1579,0.60438,2.07225,1.07299,64.006,12.222,23.772
14168618,21/10/2025,Radcliffe,Darlington,2.84818,0.10657,4.60056,1.28533,93.431,2.044,4.525
14168674,08/11/2025,Radcliffe,Chorley,1.89633,0.83979,1.6731,1.07546,54.415,19.197,26.388
14168711,29/11/2025,Radcliffe,Telford,2.07826,0.71203,2.35256,1.35871,62.285,16.744,20.971
14972548,02/12/2025,Radcliffe,Chester,1.31788,1.36309,0.95312,0.98432,33.295,34.802,31.903
14168731,20/12/2025,Radcliffe,Leamington,1.63784,1.04981,1.53146,1.17401,44.183,24.582,31.235
14168762,30/12/2025,Radcliffe,Fylde,2.15453,0.61358,1.68474,0.75268,64.088,12.723,23.189
14168798,24/01/2026,Radcliffe,Buxton,1.98538,0.84052,3.26607,2.28291,60.376,22.214,17.41
14168477,16/08/2025,Radcliffe,Spennymoor,2.80381,0.1348,4.11226,1.31801,91.414,2.447,6.139
14168504,19/08/2025,Radcliffe,Worksop,2.29101,0.52638,2.7729,1.45236,70.28,11.459,18.261
14168523,25/08/2025,Radcliffe,Hereford,2.85555,0.08328,2.34896,0.16093,93.146,0.737,6.117
14168562,06/09/2025,Radcliffe,Marine,1.25981,1.46255,1.34843,1.4858,32.739,39.497,27.764
14168586,04/10/2025,Radcliffe,Alfreton,2.15611,0.62113,1.78821,0.74833,64.445,13.279,22.276
14168608,18/10/2025,Radcliffe,Bedford,2.1579,0.60438,2.07225,1.07299,64.006,12.222,23.772
14168618,21/10/2025,Radcliffe,Darlington,2.84818,0.10657,4.60056,1.28533,93.431,2.044,4.525
14168674,08/11/2025,Radcliffe,Chorley,1.89633,0.83979,1.6731,1.07546,54.415,19.197,26.388
14168711,29/11/2025,Radcliffe,Telford,2.07826,0.71203,2.35256,1.35871,62.285,16.744,20.971
14972548,02/12/2025,Radcliffe,Chester,1.31788,1.36309,0.95312,0.98432,33.295,34.802,31.903
14168731,20/12/2025,Radcliffe,Leamington,1.63784,1.04981,1.53146,1.17401,44.183,24.582,31.235
14168762,30/12/2025,Radcliffe,Fylde,2.15453,0.61358,1.68474,0.75268,64.088,12.723,23.189
14168798,24/01/2026,Radcliffe,Buxton,1.98538,0.84052,3.26607,2.28291,60.376,22.214,17.41
14168814,27/01/2026,Radcliffe,Scarborough,0.99113,1.72604,1.02684,1.41559,23.61,48.107,28.283
14168477,16/08/2025,Radcliffe,Spennymoor,2.80381,0.1348,4.11226,1.31801,91.414,2.447,6.139
14168504,19/08/2025,Radcliffe,Worksop,2.29101,0.52638,2.7729,1.45236,70.28,11.459,18.261
14168523,25/08/2025,Radcliffe,Hereford,2.85555,0.08328,2.34896,0.16093,93.146,0.737,6.117
14168562,06/09/2025,Radcliffe,Marine,1.25981,1.46255,1.34843,1.4858,32.739,39.497,27.764
14168586,04/10/2025,Radcliffe,Alfreton,2.15611,0.62113,1.78821,0.74833,64.445,13.279,22.276
14168608,18/10/2025,Radcliffe,Bedford,2.1579,0.60438,2.07225,1.07299,64.006,12.222,23.772
14168618,21/10/2025,Radcliffe,Darlington,2.84818,0.10657,4.60056,1.28533,93.431,2.044,4.525
14168674,08/11/2025,Radcliffe,Chorley,1.89633,0.83979,1.6731,1.07546,54.415,19.197,26.388
14168711,29/11/2025,Radcliffe,Telford,2.07826,0.71203,2.35256,1.35871,62.285,16.744,20.971
14972548,02/12/2025,Radcliffe,Chester,1.31788,1.36309,0.95312,0.98432,33.295,34.802,31.903
14168731,20/12/2025,Radcliffe,Leamington,1.63784,1.04981,1.53146,1.17401,44.183,24.582,31.235
14168762,30/12/2025,Radcliffe,Fylde,2.15453,0.61358,1.68474,0.75268,64.088,12.723,23.189
14168798,24/01/2026,Radcliffe,Buxton,1.98538,0.84052,3.26607,2.28291,60.376,22.214,17.41
14168814,27/01/2026,Radcliffe,Scarborough,0.99113,1.72604,1.02684,1.41559,23.61,48.107,28.283
15326170,03/02/2026,Radcliffe,Oxford,1.66311,1.00506,1.14024,0.77197,44.376,22.441,33.183
14168477,16/08/2025,Radcliffe,Spennymoor,2.80381,0.1348,4.11226,1.31801,91.414,2.447,6.139
14168504,19/08/2025,Radcliffe,Worksop,2.29101,0.52638,2.7729,1.45236,70.28,11.459,18.261
14168523,25/08/2025,Radcliffe,Hereford,2.85555,0.08328,2.34896,0.16093,93.146,0.737,6.117
14168562,06/09/2025,Radcliffe,Marine,1.25981,1.46255,1.34843,1.4858,32.739,39.497,27.764
14168586,04/10/2025,Radcliffe,Alfreton,2.15611,0.62113,1.78821,0.74833,64.445,13.279,22.276
14168608,18/10/2025,Radcliffe,Bedford,2.1579,0.60438,2.07225,1.07299,64.006,12.222,23.772
14168618,21/10/2025,Radcliffe,Darlington,2.84818,0.10657,4.60056,1.28533,93.431,2.044,4.525
14168674,08/11/2025,Radcliffe,Chorley,1.89633,0.83979,1.6731,1.07546,54.415,19.197,26.388
14168711,29/11/2025,Radcliffe,Telford,2.07826,0.71203,2.35256,1.35871,62.285,16.744,20.971
14972548,02/12/2025,Radcliffe,Chester,1.31788,1.36309,0.95312,0.98432,33.295,34.802,31.903
14168731,20/12/2025,Radcliffe,Leamington,1.63784,1.04981,1.53146,1.17401,44.183,24.582,31.235
14168762,30/12/2025,Radcliffe,Fylde,2.15453,0.61358,1.68474,0.75268,64.088,12.723,23.189
14168798,24/01/2026,Radcliffe,Buxton,1.98538,0.84052,3.26607,2.28291,60.376,22.214,17.41
14168814,27/01/2026,Radcliffe,Scarborough,0.99113,1.72604,1.02684,1.41559,23.61,48.107,28.283
15326170,03/02/2026,Radcliffe,Oxford,1.66311,1.00506,1.14024,0.77197,44.376,22.441,33.183
14168835,07/02/2026,Radcliffe,King's Lynn,0.44347,2.3539,0.57431,1.74826,8.028,71.709,20.263
14168477,16/08/2025,Radcliffe,Spennymoor,2.80381,0.1348,4.11226,1.31801,91.414,2.447,6.139
14168504,19/08/2025,Radcliffe,Worksop,2.29101,0.52638,2.7729,1.45236,70.28,11.459,18.261
14168523,25/08/2025,Radcliffe,Hereford,2.85555,0.08328,2.34896,0.16093,93.146,0.737,6.117
14168562,06/09/2025,Radcliffe,Marine,1.25981,1.46255,1.34843,1.4858,32.739,39.497,27.764
14168586,04/10/2025,Radcliffe,Alfreton,2.15611,0.62113,1.78821,0.74833,64.445,13.279,22.276
14168608,18/10/2025,Radcliffe,Bedford,2.1579,0.60438,2.07225,1.07299,64.006,12.222,23.772
14168618,21/10/2025,Radcliffe,Darlington,2.84818,0.10657,4.60056,1.28533,93.431,2.044,4.525
14168674,08/11/2025,Radcliffe,Chorley,1.89633,0.83979,1.6731,1.07546,54.415,19.197,26.388
14168711,29/11/2025,Radcliffe,Telford,2.07826,0.71203,2.35256,1.35871,62.285,16.744,20.971
14972548,02/12/2025,Radcliffe,Chester,1.31788,1.36309,0.95312,0.98432,33.295,34.802,31.903
14168731,20/12/2025,Radcliffe,Leamington,1.63784,1.04981,1.53146,1.17401,44.183,24.582,31.235
14168762,30/12/2025,Radcliffe,Fylde,2.15453,0.61358,1.68474,0.75268,64.088,12.723,23.189
14168798,24/01/2026,Radcliffe,Buxton,1.98538,0.84052,3.26607,2.28291,60.376,22.214,17.41
14168814,27/01/2026,Radcliffe,Scarborough,0.99113,1.72604,1.02684,1.41559,23.61,48.107,28.283
15326170,03/02/2026,Radcliffe,Oxford,1.66311,1.00506,1.14024,0.77197,44.376,22.441,33.183
14168835,07/02/2026,Radcliffe,King's Lynn,0.44347,2.3539,0.57431,1.74826,8.028,71.709,20.263
14168874,21/02/2026,Radcliffe,Peterborough,0.55335,2.271,1.18826,2.544,12.59,69.845,17.565
14168477,16/08/2025,Radcliffe,Spennymoor,2.80381,0.1348,4.11226,1.31801,91.414,2.447,6.139
14168504,19/08/2025,Radcliffe,Worksop,2.29101,0.52638,2.7729,1.45236,70.28,11.459,18.261
14168523,25/08/2025,Radcliffe,Hereford,2.85555,0.08328,2.34896,0.16093,93.146,0.737,6.117
14168562,06/09/2025,Radcliffe,Marine,1.25981,1.46255,1.34843,1.4858,32.739,39.497,27.764
14168586,04/10/2025,Radcliffe,Alfreton,2.15611,0.62113,1.78821,0.74833,64.445,13.279,22.276
14168608,18/10/2025,Radcliffe,Bedford,2.1579,0.60438,2.07225,1.07299,64.006,12.222,23.772
14168618,21/10/2025,Radcliffe,Darlington,2.84818,0.10657,4.60056,1.28533,93.431,2.044,4.525
14168674,08/11/2025,Radcliffe,Chorley,1.89633,0.83979,1.6731,1.07546,54.415,19.197,26.388
14168711,29/11/2025,Radcliffe,Telford,2.07826,0.71203,2.35256,1.35871,62.285,16.744,20.971
14972548,02/12/2025,Radcliffe,Chester,1.31788,1.36309,0.95312,0.98432,33.295,34.802,31.903
14168731,20/12/2025,Radcliffe,Leamington,1.63784,1.04981,1.53146,1.17401,44.183,24.582,31.235
14168762,30/12/2025,Radcliffe,Fylde,2.15453,0.61358,1.68474,0.75268,64.088,12.723,23.189
14168798,24/01/2026,Radcliffe,Buxton,1.98538,0.84052,3.26607,2.28291,60.376,22.214,17.41
14168814,27/01/2026,Radcliffe,Scarborough,0.99113,1.72604,1.02684,1.41559,23.61,48.107,28.283
15326170,03/02/2026,Radcliffe,Oxford,1.66311,1.00506,1.14024,0.77197,44.376,22.441,33.183
14168835,07/02/2026,Radcliffe,King's Lynn,0.44347,2.3539,0.57431,1.74826,8.028,71.709,20.263
14168874,21/02/2026,Radcliffe,Peterborough,0.55335,2.271,1.18826,2.544,12.59,69.845,17.565
14168888,24/02/2026,Radcliffe,Southport,2.29878,0.49293,1.80257,0.5531,69.683,9.488,20.829
14168477,16/08/2025,Radcliffe,Spennymoor,2.80381,0.1348,4.11226,1.31801,91.414,2.447,6.139
14168504,19/08/2025,Radcliffe,Worksop,2.29101,0.52638,2.7729,1.45236,70.28,11.459,18.261
14168523,25/08/2025,Radcliffe,Hereford,2.85555,0.08328,2.34896,0.16093,93.146,0.737,6.117
14168562,06/09/2025,Radcliffe,Marine,1.25981,1.46255,1.34843,1.4858,32.739,39.497,27.764
14168586,04/10/2025,Radcliffe,Alfreton,2.15611,0.62113,1.78821,0.74833,64.445,13.279,22.276
14168608,18/10/2025,Radcliffe,Bedford,2.1579,0.60438,2.07225,1.07299,64.006,12.222,23.772
14168618,21/10/2025,Radcliffe,Darlington,2.84818,0.10657,4.60056,1.28533,93.431,2.044,4.525
14168674,08/11/2025,Radcliffe,Chorley,1.89633,0.83979,1.6731,1.07546,54.415,19.197,26.388
14168711,29/11/2025,Radcliffe,Telford,2.07826,0.71203,2.35256,1.35871,62.285,16.744,20.971
14972548,02/12/2025,Radcliffe,Chester,1.31788,1.36309,0.95312,0.98432,33.295,34.802,31.903
14168731,20/12/2025,Radcliffe,Leamington,1.63784,1.04981,1.53146,1.17401,44.183,24.582,31.235
14168762,30/12/2025,Radcliffe,Fylde,2.15453,0.61358,1.68474,0.75268,64.088,12.723,23.189
14168798,24/01/2026,Radcliffe,Buxton,1.98538,0.84052,3.26607,2.28291,60.376,22.214,17.41
14168814,27/01/2026,Radcliffe,Scarborough,0.99113,1.72604,1.02684,1.41559,23.61,48.107,28.283
15326170,03/02/2026,Radcliffe,Oxford,1.66311,1.00506,1.14024,0.77197,44.376,22.441,33.183
14168835,07/02/2026,Radcliffe,King's Lynn,0.44347,2.3539,0.57431,1.74826,8.028,71.709,20.263
14168874,21/02/2026,Radcliffe,Peterborough,0.55335,2.271,1.18826,2.544,12.59,69.845,17.565
14168888,24/02/2026,Radcliffe,Southport,2.29878,0.49293,1.80257,0.5531,69.683,9.488,20.829
14168906,07/03/2026,Radcliffe,Merthyr,0.40889,2.45228,1.48329,3.21761,9.002,77.115,13.883
14168607,16/08/2025,Scarborough,Fylde,1.85913,0.89121,1.95376,1.34335,53.649,21.385,24.966
14168607,16/08/2025,Scarborough,Fylde,1.85913,0.89121,1.95376,1.34335,53.649,21.385,24.966
14168515,23/08/2025,Scarborough,Peterborough,2.47839,0.37956,3.05134,1.35974,77.878,7.917,14.205
14168607,16/08/2025,Scarborough,Fylde,1.85913,0.89121,1.95376,1.34335,53.649,21.385,24.966
14168515,23/08/2025,Scarborough,Peterborough,2.47839,0.37956,3.05134,1.35974,77.878,7.917,14.205
14168534,30/08/2025,Scarborough,Southport,1.42039,1.22197,1.26119,1.1605,35.425,28.811,35.764
14168607,16/08/2025,Scarborough,Fylde,1.85913,0.89121,1.95376,1.34335,53.649,21.385,24.966
14168515,23/08/2025,Scarborough,Peterborough,2.47839,0.37956,3.05134,1.35974,77.878,7.917,14.205
14168534,30/08/2025,Scarborough,Southport,1.42039,1.22197,1.26119,1.1605,35.425,28.811,35.764
14168552,02/09/2025,Scarborough,Buxton,1.70209,0.96754,1.17659,0.76177,45.724,21.239,33.037
14168607,16/08/2025,Scarborough,Fylde,1.85913,0.89121,1.95376,1.34335,53.649,21.385,24.966
14168515,23/08/2025,Scarborough,Peterborough,2.47839,0.37956,3.05134,1.35974,77.878,7.917,14.205
14168534,30/08/2025,Scarborough,Southport,1.42039,1.22197,1.26119,1.1605,35.425,28.811,35.764
14168552,02/09/2025,Scarborough,Buxton,1.70209,0.96754,1.17659,0.76177,45.724,21.239,33.037
14168573,20/09/2025,Scarborough,Oxford,2.24124,0.48606,1.32011,0.30794,65.618,7.112,27.27
14168607,16/08/2025,Scarborough,Fylde,1.85913,0.89121,1.95376,1.34335,53.649,21.385,24.966
14168515,23/08/2025,Scarborough,Peterborough,2.47839,0.37956,3.05134,1.35974,77.878,7.917,14.205
14168534,30/08/2025,Scarborough,Southport,1.42039,1.22197,1.26119,1.1605,35.425,28.811,35.764
14168552,02/09/2025,Scarborough,Buxton,1.70209,0.96754,1.17659,0.76177,45.724,21.239,33.037
14168573,20/09/2025,Scarborough,Oxford,2.24124,0.48606,1.32011,0.30794,65.618,7.112,27.27
14168600,11/10/2025,Scarborough,Leamington,2.19807,0.50913,1.1465,0.26588,63.509,7.211,29.28
14168607,16/08/2025,Scarborough,Fylde,1.85913,0.89121,1.95376,1.34335,53.649,21.385,24.966
14168515,23/08/2025,Scarborough,Peterborough,2.47839,0.37956,3.05134,1.35974,77.878,7.917,14.205
14168534,30/08/2025,Scarborough,Southport,1.42039,1.22197,1.26119,1.1605,35.425,28.811,35.764
14168552,02/09/2025,Scarborough,Buxton,1.70209,0.96754,1.17659,0.76177,45.724,21.239,33.037
14168573,20/09/2025,Scarborough,Oxford,2.24124,0.48606,1.32011,0.30794,65.618,7.112,27.27
14168600,11/10/2025,Scarborough,Leamington,2.19807,0.50913,1.1465,0.26588,63.509,7.211,29.28
14168637,25/10/2025,Scarborough,Marine,1.41231,1.25448,1.25969,1.22083,35.97,30.709,33.321
14168607,16/08/2025,Scarborough,Fylde,1.85913,0.89121,1.95376,1.34335,53.649,21.385,24.966
14168515,23/08/2025,Scarborough,Peterborough,2.47839,0.37956,3.05134,1.35974,77.878,7.917,14.205
14168534,30/08/2025,Scarborough,Southport,1.42039,1.22197,1.26119,1.1605,35.425,28.811,35.764
14168552,02/09/2025,Scarborough,Buxton,1.70209,0.96754,1.17659,0.76177,45.724,21.239,33.037
14168573,20/09/2025,Scarborough,Oxford,2.24124,0.48606,1.32011,0.30794,65.618,7.112,27.27
14168600,11/10/2025,Scarborough,Leamington,2.19807,0.50913,1.1465,0.26588,63.509,7.211,29.28
14168637,25/10/2025,Scarborough,Marine,1.41231,1.25448,1.25969,1.22083,35.97,30.709,33.321
14168695,25/11/2025,Scarborough,Alfreton,1.31327,1.16459,0.42649,0.3646,26.371,21.415,52.214
14168607,16/08/2025,Scarborough,Fylde,1.85913,0.89121,1.95376,1.34335,53.649,21.385,24.966
14168515,23/08/2025,Scarborough,Peterborough,2.47839,0.37956,3.05134,1.35974,77.878,7.917,14.205
14168534,30/08/2025,Scarborough,Southport,1.42039,1.22197,1.26119,1.1605,35.425,28.811,35.764
14168552,02/09/2025,Scarborough,Buxton,1.70209,0.96754,1.17659,0.76177,45.724,21.239,33.037
14168573,20/09/2025,Scarborough,Oxford,2.24124,0.48606,1.32011,0.30794,65.618,7.112,27.27
14168600,11/10/2025,Scarborough,Leamington,2.19807,0.50913,1.1465,0.26588,63.509,7.211,29.28
14168637,25/10/2025,Scarborough,Marine,1.41231,1.25448,1.25969,1.22083,35.97,30.709,33.321
14168695,25/11/2025,Scarborough,Alfreton,1.31327,1.16459,0.42649,0.3646,26.371,21.415,52.214
14168718,06/12/2025,Scarborough,Bedford,1.42137,1.29066,2.0217,1.91484,37.78,33.423,28.797
14168607,16/08/2025,Scarborough,Fylde,1.85913,0.89121,1.95376,1.34335,53.649,21.385,24.966
14168515,23/08/2025,Scarborough,Peterborough,2.47839,0.37956,3.05134,1.35974,77.878,7.917,14.205
14168534,30/08/2025,Scarborough,Southport,1.42039,1.22197,1.26119,1.1605,35.425,28.811,35.764
14168552,02/09/2025,Scarborough,Buxton,1.70209,0.96754,1.17659,0.76177,45.724,21.239,33.037
14168573,20/09/2025,Scarborough,Oxford,2.24124,0.48606,1.32011,0.30794,65.618,7.112,27.27
14168600,11/10/2025,Scarborough,Leamington,2.19807,0.50913,1.1465,0.26588,63.509,7.211,29.28
14168637,25/10/2025,Scarborough,Marine,1.41231,1.25448,1.25969,1.22083,35.97,30.709,33.321
14168695,25/11/2025,Scarborough,Alfreton,1.31327,1.16459,0.42649,0.3646,26.371,21.415,52.214
14168718,06/12/2025,Scarborough,Bedford,1.42137,1.29066,2.0217,1.91484,37.78,33.423,28.797
14969967,16/12/2025,Scarborough,Radcliffe,0.48438,2.28243,0.43526,1.59876,8.373,68.308,23.319
14168607,16/08/2025,Scarborough,Fylde,1.85913,0.89121,1.95376,1.34335,53.649,21.385,24.966
14168515,23/08/2025,Scarborough,Peterborough,2.47839,0.37956,3.05134,1.35974,77.878,7.917,14.205
14168534,30/08/2025,Scarborough,Southport,1.42039,1.22197,1.26119,1.1605,35.425,28.811,35.764
14168552,02/09/2025,Scarborough,Buxton,1.70209,0.96754,1.17659,0.76177,45.724,21.239,33.037
14168573,20/09/2025,Scarborough,Oxford,2.24124,0.48606,1.32011,0.30794,65.618,7.112,27.27
14168600,11/10/2025,Scarborough,Leamington,2.19807,0.50913,1.1465,0.26588,63.509,7.211,29.28
14168637,25/10/2025,Scarborough,Marine,1.41231,1.25448,1.25969,1.22083,35.97,30.709,33.321
14168695,25/11/2025,Scarborough,Alfreton,1.31327,1.16459,0.42649,0.3646,26.371,21.415,52.214
14168718,06/12/2025,Scarborough,Bedford,1.42137,1.29066,2.0217,1.91484,37.78,33.423,28.797
14969967,16/12/2025,Scarborough,Radcliffe,0.48438,2.28243,0.43526,1.59876,8.373,68.308,23.319
14168742,26/12/2025,Scarborough,Darlington,0.4668,2.30292,0.41931,1.60513,7.884,69.088,23.028
14168607,16/08/2025,Scarborough,Fylde,1.85913,0.89121,1.95376,1.34335,53.649,21.385,24.966
14168515,23/08/2025,Scarborough,Peterborough,2.47839,0.37956,3.05134,1.35974,77.878,7.917,14.205
14168534,30/08/2025,Scarborough,Southport,1.42039,1.22197,1.26119,1.1605,35.425,28.811,35.764
14168552,02/09/2025,Scarborough,Buxton,1.70209,0.96754,1.17659,0.76177,45.724,21.239,33.037
14168573,20/09/2025,Scarborough,Oxford,2.24124,0.48606,1.32011,0.30794,65.618,7.112,27.27
14168600,11/10/2025,Scarborough,Leamington,2.19807,0.50913,1.1465,0.26588,63.509,7.211,29.28
14168637,25/10/2025,Scarborough,Marine,1.41231,1.25448,1.25969,1.22083,35.97,30.709,33.321
14168695,25/11/2025,Scarborough,Alfreton,1.31327,1.16459,0.42649,0.3646,26.371,21.415,52.214
14168718,06/12/2025,Scarborough,Bedford,1.42137,1.29066,2.0217,1.91484,37.78,33.423,28.797
14969967,16/12/2025,Scarborough,Radcliffe,0.48438,2.28243,0.43526,1.59876,8.373,68.308,23.319
14168742,26/12/2025,Scarborough,Darlington,0.4668,2.30292,0.41931,1.60513,7.884,69.088,23.028
14168779,10/01/2026,Scarborough,Chester,0.71635,2.04082,1.00716,1.84767,15.784,59.933,24.283
14168607,16/08/2025,Scarborough,Fylde,1.85913,0.89121,1.95376,1.34335,53.649,21.385,24.966
14168515,23/08/2025,Scarborough,Peterborough,2.47839,0.37956,3.05134,1.35974,77.878,7.917,14.205
14168534,30/08/2025,Scarborough,Southport,1.42039,1.22197,1.26119,1.1605,35.425,28.811,35.764
14168552,02/09/2025,Scarborough,Buxton,1.70209,0.96754,1.17659,0.76177,45.724,21.239,33.037
14168573,20/09/2025,Scarborough,Oxford,2.24124,0.48606,1.32011,0.30794,65.618,7.112,27.27
14168600,11/10/2025,Scarborough,Leamington,2.19807,0.50913,1.1465,0.26588,63.509,7.211,29.28
14168637,25/10/2025,Scarborough,Marine,1.41231,1.25448,1.25969,1.22083,35.97,30.709,33.321
14168695,25/11/2025,Scarborough,Alfreton,1.31327,1.16459,0.42649,0.3646,26.371,21.415,52.214
14168718,06/12/2025,Scarborough,Bedford,1.42137,1.29066,2.0217,1.91484,37.78,33.423,28.797
14969967,16/12/2025,Scarborough,Radcliffe,0.48438,2.28243,0.43526,1.59876,8.373,68.308,23.319
14168742,26/12/2025,Scarborough,Darlington,0.4668,2.30292,0.41931,1.60513,7.884,69.088,23.028
14168779,10/01/2026,Scarborough,Chester,0.71635,2.04082,1.00716,1.84767,15.784,59.933,24.283
14168799,24/01/2026,Scarborough,Kidderminster,0.28078,2.55298,0.32759,1.7763,3.818,79.558,16.624
14168607,16/08/2025,Scarborough,Fylde,1.85913,0.89121,1.95376,1.34335,53.649,21.385,24.966
14168515,23/08/2025,Scarborough,Peterborough,2.47839,0.37956,3.05134,1.35974,77.878,7.917,14.205
14168534,30/08/2025,Scarborough,Southport,1.42039,1.22197,1.26119,1.1605,35.425,28.811,35.764
14168552,02/09/2025,Scarborough,Buxton,1.70209,0.96754,1.17659,0.76177,45.724,21.239,33.037
14168573,20/09/2025,Scarborough,Oxford,2.24124,0.48606,1.32011,0.30794,65.618,7.112,27.27
14168600,11/10/2025,Scarborough,Leamington,2.19807,0.50913,1.1465,0.26588,63.509,7.211,29.28
14168637,25/10/2025,Scarborough,Marine,1.41231,1.25448,1.25969,1.22083,35.97,30.709,33.321
14168695,25/11/2025,Scarborough,Alfreton,1.31327,1.16459,0.42649,0.3646,26.371,21.415,52.214
14168718,06/12/2025,Scarborough,Bedford,1.42137,1.29066,2.0217,1.91484,37.78,33.423,28.797
14969967,16/12/2025,Scarborough,Radcliffe,0.48438,2.28243,0.43526,1.59876,8.373,68.308,23.319
14168742,26/12/2025,Scarborough,Darlington,0.4668,2.30292,0.41931,1.60513,7.884,69.088,23.028
14168779,10/01/2026,Scarborough,Chester,0.71635,2.04082,1.00716,1.84767,15.784,59.933,24.283
14168799,24/01/2026,Scarborough,Kidderminster,0.28078,2.55298,0.32759,1.7763,3.818,79.558,16.624
14168829,31/01/2026,Scarborough,Worksop,2.37215,0.39269,1.36051,0.29805,71.233,5.251,23.516
14168607,16/08/2025,Scarborough,Fylde,1.85913,0.89121,1.95376,1.34335,53.649,21.385,24.966
14168515,23/08/2025,Scarborough,Peterborough,2.47839,0.37956,3.05134,1.35974,77.878,7.917,14.205
14168534,30/08/2025,Scarborough,Southport,1.42039,1.22197,1.26119,1.1605,35.425,28.811,35.764
14168552,02/09/2025,Scarborough,Buxton,1.70209,0.96754,1.17659,0.76177,45.724,21.239,33.037
14168573,20/09/2025,Scarborough,Oxford,2.24124,0.48606,1.32011,0.30794,65.618,7.112,27.27
14168600,11/10/2025,Scarborough,Leamington,2.19807,0.50913,1.1465,0.26588,63.509,7.211,29.28
14168637,25/10/2025,Scarborough,Marine,1.41231,1.25448,1.25969,1.22083,35.97,30.709,33.321
14168695,25/11/2025,Scarborough,Alfreton,1.31327,1.16459,0.42649,0.3646,26.371,21.415,52.214
14168718,06/12/2025,Scarborough,Bedford,1.42137,1.29066,2.0217,1.91484,37.78,33.423,28.797
14969967,16/12/2025,Scarborough,Radcliffe,0.48438,2.28243,0.43526,1.59876,8.373,68.308,23.319
14168742,26/12/2025,Scarborough,Darlington,0.4668,2.30292,0.41931,1.60513,7.884,69.088,23.028
14168779,10/01/2026,Scarborough,Chester,0.71635,2.04082,1.00716,1.84767,15.784,59.933,24.283
14168799,24/01/2026,Scarborough,Kidderminster,0.28078,2.55298,0.32759,1.7763,3.818,79.558,16.624
14168829,31/01/2026,Scarborough,Worksop,2.37215,0.39269,1.36051,0.29805,71.233,5.251,23.516
14168854,10/02/2026,Scarborough,South Shields,2.04953,0.67601,1.39225,0.64979,59.169,13.385,27.446
14168607,16/08/2025,Scarborough,Fylde,1.85913,0.89121,1.95376,1.34335,53.649,21.385,24.966
14168515,23/08/2025,Scarborough,Peterborough,2.47839,0.37956,3.05134,1.35974,77.878,7.917,14.205
14168534,30/08/2025,Scarborough,Southport,1.42039,1.22197,1.26119,1.1605,35.425,28.811,35.764
14168552,02/09/2025,Scarborough,Buxton,1.70209,0.96754,1.17659,0.76177,45.724,21.239,33.037
14168573,20/09/2025,Scarborough,Oxford,2.24124,0.48606,1.32011,0.30794,65.618,7.112,27.27
14168600,11/10/2025,Scarborough,Leamington,2.19807,0.50913,1.1465,0.26588,63.509,7.211,29.28
14168637,25/10/2025,Scarborough,Marine,1.41231,1.25448,1.25969,1.22083,35.97,30.709,33.321
14168695,25/11/2025,Scarborough,Alfreton,1.31327,1.16459,0.42649,0.3646,26.371,21.415,52.214
14168718,06/12/2025,Scarborough,Bedford,1.42137,1.29066,2.0217,1.91484,37.78,33.423,28.797
14969967,16/12/2025,Scarborough,Radcliffe,0.48438,2.28243,0.43526,1.59876,8.373,68.308,23.319
14168742,26/12/2025,Scarborough,Darlington,0.4668,2.30292,0.41931,1.60513,7.884,69.088,23.028
14168779,10/01/2026,Scarborough,Chester,0.71635,2.04082,1.00716,1.84767,15.784,59.933,24.283
14168799,24/01/2026,Scarborough,Kidderminster,0.28078,2.55298,0.32759,1.7763,3.818,79.558,16.624
14168829,31/01/2026,Scarborough,Worksop,2.37215,0.39269,1.36051,0.29805,71.233,5.251,23.516
14168854,10/02/2026,Scarborough,South Shields,2.04953,0.67601,1.39225,0.64979,59.169,13.385,27.446
14168863,14/02/2026,Scarborough,Curzon Ashton,1.63862,1.06835,1.42617,1.10959,44.853,25.844,29.303
14168607,16/08/2025,Scarborough,Fylde,1.85913,0.89121,1.95376,1.34335,53.649,21.385,24.966
14168515,23/08/2025,Scarborough,Peterborough,2.47839,0.37956,3.05134,1.35974,77.878,7.917,14.205
14168534,30/08/2025,Scarborough,Southport,1.42039,1.22197,1.26119,1.1605,35.425,28.811,35.764
14168552,02/09/2025,Scarborough,Buxton,1.70209,0.96754,1.17659,0.76177,45.724,21.239,33.037
14168573,20/09/2025,Scarborough,Oxford,2.24124,0.48606,1.32011,0.30794,65.618,7.112,27.27
14168600,11/10/2025,Scarborough,Leamington,2.19807,0.50913,1.1465,0.26588,63.509,7.211,29.28
14168637,25/10/2025,Scarborough,Marine,1.41231,1.25448,1.25969,1.22083,35.97,30.709,33.321
14168695,25/11/2025,Scarborough,Alfreton,1.31327,1.16459,0.42649,0.3646,26.371,21.415,52.214
14168718,06/12/2025,Scarborough,Bedford,1.42137,1.29066,2.0217,1.91484,37.78,33.423,28.797
14969967,16/12/2025,Scarborough,Radcliffe,0.48438,2.28243,0.43526,1.59876,8.373,68.308,23.319
14168742,26/12/2025,Scarborough,Darlington,0.4668,2.30292,0.41931,1.60513,7.884,69.088,23.028
14168779,10/01/2026,Scarborough,Chester,0.71635,2.04082,1.00716,1.84767,15.784,59.933,24.283
14168799,24/01/2026,Scarborough,Kidderminster,0.28078,2.55298,0.32759,1.7763,3.818,79.558,16.624
14168829,31/01/2026,Scarborough,Worksop,2.37215,0.39269,1.36051,0.29805,71.233,5.251,23.516
14168854,10/02/2026,Scarborough,South Shields,2.04953,0.67601,1.39225,0.64979,59.169,13.385,27.446
14168863,14/02/2026,Scarborough,Curzon Ashton,1.63862,1.06835,1.42617,1.10959,44.853,25.844,29.303
14168899,28/02/2026,Scarborough,Macclesfield,1.33755,1.43811,2.2665,2.35184,37.107,40.459,22.434
14168607,16/08/2025,Scarborough,Fylde,1.85913,0.89121,1.95376,1.34335,53.649,21.385,24.966
14168515,23/08/2025,Scarborough,Peterborough,2.47839,0.37956,3.05134,1.35974,77.878,7.917,14.205
14168534,30/08/2025,Scarborough,Southport,1.42039,1.22197,1.26119,1.1605,35.425,28.811,35.764
14168552,02/09/2025,Scarborough,Buxton,1.70209,0.96754,1.17659,0.76177,45.724,21.239,33.037
14168573,20/09/2025,Scarborough,Oxford,2.24124,0.48606,1.32011,0.30794,65.618,7.112,27.27
14168600,11/10/2025,Scarborough,Leamington,2.19807,0.50913,1.1465,0.26588,63.509,7.211,29.28
14168637,25/10/2025,Scarborough,Marine,1.41231,1.25448,1.25969,1.22083,35.97,30.709,33.321
14168695,25/11/2025,Scarborough,Alfreton,1.31327,1.16459,0.42649,0.3646,26.371,21.415,52.214
14168718,06/12/2025,Scarborough,Bedford,1.42137,1.29066,2.0217,1.91484,37.78,33.423,28.797
14969967,16/12/2025,Scarborough,Radcliffe,0.48438,2.28243,0.43526,1.59876,8.373,68.308,23.319
14168742,26/12/2025,Scarborough,Darlington,0.4668,2.30292,0.41931,1.60513,7.884,69.088,23.028
14168779,10/01/2026,Scarborough,Chester,0.71635,2.04082,1.00716,1.84767,15.784,59.933,24.283
14168799,24/01/2026,Scarborough,Kidderminster,0.28078,2.55298,0.32759,1.7763,3.818,79.558,16.624
14168829,31/01/2026,Scarborough,Worksop,2.37215,0.39269,1.36051,0.29805,71.233,5.251,23.516
14168854,10/02/2026,Scarborough,South Shields,2.04953,0.67601,1.39225,0.64979,59.169,13.385,27.446
14168863,14/02/2026,Scarborough,Curzon Ashton,1.63862,1.06835,1.42617,1.10959,44.853,25.844,29.303
14168899,28/02/2026,Scarborough,Macclesfield,1.33755,1.43811,2.2665,2.35184,37.107,40.459,22.434
15326173,03/03/2026,Scarborough,Hereford,1.04512,1.51981,0.44118,0.65312,20.335,36.158,43.507
14168607,16/08/2025,Scarborough,Fylde,1.85913,0.89121,1.95376,1.34335,53.649,21.385,24.966
14168515,23/08/2025,Scarborough,Peterborough,2.47839,0.37956,3.05134,1.35974,77.878,7.917,14.205
14168534,30/08/2025,Scarborough,Southport,1.42039,1.22197,1.26119,1.1605,35.425,28.811,35.764
14168552,02/09/2025,Scarborough,Buxton,1.70209,0.96754,1.17659,0.76177,45.724,21.239,33.037
14168573,20/09/2025,Scarborough,Oxford,2.24124,0.48606,1.32011,0.30794,65.618,7.112,27.27
14168600,11/10/2025,Scarborough,Leamington,2.19807,0.50913,1.1465,0.26588,63.509,7.211,29.28
14168637,25/10/2025,Scarborough,Marine,1.41231,1.25448,1.25969,1.22083,35.97,30.709,33.321
14168695,25/11/2025,Scarborough,Alfreton,1.31327,1.16459,0.42649,0.3646,26.371,21.415,52.214
14168718,06/12/2025,Scarborough,Bedford,1.42137,1.29066,2.0217,1.91484,37.78,33.423,28.797
14969967,16/12/2025,Scarborough,Radcliffe,0.48438,2.28243,0.43526,1.59876,8.373,68.308,23.319
14168742,26/12/2025,Scarborough,Darlington,0.4668,2.30292,0.41931,1.60513,7.884,69.088,23.028
14168779,10/01/2026,Scarborough,Chester,0.71635,2.04082,1.00716,1.84767,15.784,59.933,24.283
14168799,24/01/2026,Scarborough,Kidderminster,0.28078,2.55298,0.32759,1.7763,3.818,79.558,16.624
14168829,31/01/2026,Scarborough,Worksop,2.37215,0.39269,1.36051,0.29805,71.233,5.251,23.516
14168854,10/02/2026,Scarborough,South Shields,2.04953,0.67601,1.39225,0.64979,59.169,13.385,27.446
14168863,14/02/2026,Scarborough,Curzon Ashton,1.63862,1.06835,1.42617,1.10959,44.853,25.844,29.303
14168899,28/02/2026,Scarborough,Macclesfield,1.33755,1.43811,2.2665,2.35184,37.107,40.459,22.434
15326173,03/03/2026,Scarborough,Hereford,1.04512,1.51981,0.44118,0.65312,20.335,36.158,43.507
14168922,10/03/2026,Scarborough,King's Lynn,1.95073,0.71599,1.00219,0.41346,53.915,12.757,33.328
14168607,16/08/2025,Scarborough,Fylde,1.85913,0.89121,1.95376,1.34335,53.649,21.385,24.966
14168515,23/08/2025,Scarborough,Peterborough,2.47839,0.37956,3.05134,1.35974,77.878,7.917,14.205
14168534,30/08/2025,Scarborough,Southport,1.42039,1.22197,1.26119,1.1605,35.425,28.811,35.764
14168552,02/09/2025,Scarborough,Buxton,1.70209,0.96754,1.17659,0.76177,45.724,21.239,33.037
14168573,20/09/2025,Scarborough,Oxford,2.24124,0.48606,1.32011,0.30794,65.618,7.112,27.27
14168600,11/10/2025,Scarborough,Leamington,2.19807,0.50913,1.1465,0.26588,63.509,7.211,29.28
14168637,25/10/2025,Scarborough,Marine,1.41231,1.25448,1.25969,1.22083,35.97,30.709,33.321
14168695,25/11/2025,Scarborough,Alfreton,1.31327,1.16459,0.42649,0.3646,26.371,21.415,52.214
14168718,06/12/2025,Scarborough,Bedford,1.42137,1.29066,2.0217,1.91484,37.78,33.423,28.797
14969967,16/12/2025,Scarborough,Radcliffe,0.48438,2.28243,0.43526,1.59876,8.373,68.308,23.319
14168742,26/12/2025,Scarborough,Darlington,0.4668,2.30292,0.41931,1.60513,7.884,69.088,23.028
14168779,10/01/2026,Scarborough,Chester,0.71635,2.04082,1.00716,1.84767,15.784,59.933,24.283
14168799,24/01/2026,Scarborough,Kidderminster,0.28078,2.55298,0.32759,1.7763,3.818,79.558,16.624
14168829,31/01/2026,Scarborough,Worksop,2.37215,0.39269,1.36051,0.29805,71.233,5.251,23.516
14168854,10/02/2026,Scarborough,South Shields,2.04953,0.67601,1.39225,0.64979,59.169,13.385,27.446
14168863,14/02/2026,Scarborough,Curzon Ashton,1.63862,1.06835,1.42617,1.10959,44.853,25.844,29.303
14168899,28/02/2026,Scarborough,Macclesfield,1.33755,1.43811,2.2665,2.35184,37.107,40.459,22.434
15326173,03/03/2026,Scarborough,Hereford,1.04512,1.51981,0.44118,0.65312,20.335,36.158,43.507
14168922,10/03/2026,Scarborough,King's Lynn,1.95073,0.71599,1.00219,0.41346,53.915,12.757,33.328
14168935,14/03/2026,Scarborough,Telford,1.20901,1.46767,0.98173,1.10562,29.523,38.145,32.332
14168607,16/08/2025,Scarborough,Fylde,1.85913,0.89121,1.95376,1.34335,53.649,21.385,24.966
14168515,23/08/2025,Scarborough,Peterborough,2.47839,0.37956,3.05134,1.35974,77.878,7.917,14.205
14168534,30/08/2025,Scarborough,Southport,1.42039,1.22197,1.26119,1.1605,35.425,28.811,35.764
14168552,02/09/2025,Scarborough,Buxton,1.70209,0.96754,1.17659,0.76177,45.724,21.239,33.037
14168573,20/09/2025,Scarborough,Oxford,2.24124,0.48606,1.32011,0.30794,65.618,7.112,27.27
14168600,11/10/2025,Scarborough,Leamington,2.19807,0.50913,1.1465,0.26588,63.509,7.211,29.28
14168637,25/10/2025,Scarborough,Marine,1.41231,1.25448,1.25969,1.22083,35.97,30.709,33.321
14168695,25/11/2025,Scarborough,Alfreton,1.31327,1.16459,0.42649,0.3646,26.371,21.415,52.214
14168718,06/12/2025,Scarborough,Bedford,1.42137,1.29066,2.0217,1.91484,37.78,33.423,28.797
14969967,16/12/2025,Scarborough,Radcliffe,0.48438,2.28243,0.43526,1.59876,8.373,68.308,23.319
14168742,26/12/2025,Scarborough,Darlington,0.4668,2.30292,0.41931,1.60513,7.884,69.088,23.028
14168779,10/01/2026,Scarborough,Chester,0.71635,2.04082,1.00716,1.84767,15.784,59.933,24.283
14168799,24/01/2026,Scarborough,Kidderminster,0.28078,2.55298,0.32759,1.7763,3.818,79.558,16.624
14168829,31/01/2026,Scarborough,Worksop,2.37215,0.39269,1.36051,0.29805,71.233,5.251,23.516
14168854,10/02/2026,Scarborough,South Shields,2.04953,0.67601,1.39225,0.64979,59.169,13.385,27.446
14168863,14/02/2026,Scarborough,Curzon Ashton,1.63862,1.06835,1.42617,1.10959,44.853,25.844,29.303
14168899,28/02/2026,Scarborough,Macclesfield,1.33755,1.43811,2.2665,2.35184,37.107,40.459,22.434
15326173,03/03/2026,Scarborough,Hereford,1.04512,1.51981,0.44118,0.65312,20.335,36.158,43.507
14168922,10/03/2026,Scarborough,King's Lynn,1.95073,0.71599,1.00219,0.41346,53.915,12.757,33.328
14168935,14/03/2026,Scarborough,Telford,1.20901,1.46767,0.98173,1.10562,29.523,38.145,32.332
14168959,28/03/2026,Scarborough,Chorley,0.77705,1.90538,0.51026,1.14396,15.316,52.927,31.757
14168481,16/08/2025,Southport,Bedford,1.75494,0.98313,1.91414,1.43536,49.767,24.04,26.193
14168481,16/08/2025,Southport,Bedford,1.75494,0.98313,1.91414,1.43536,49.767,24.04,26.193
14168508,19/08/2025,Southport,Macclesfield,0.39827,2.41961,0.54038,1.935,7.205,74.583,18.212
14168481,16/08/2025,Southport,Bedford,1.75494,0.98313,1.91414,1.43536,49.767,24.04,26.193
14168508,19/08/2025,Southport,Macclesfield,0.39827,2.41961,0.54038,1.935,7.205,74.583,18.212
14168529,25/08/2025,Southport,Fylde,1.18192,1.52989,1.72205,1.94964,29.791,41.39,28.819
14168481,16/08/2025,Southport,Bedford,1.75494,0.98313,1.91414,1.43536,49.767,24.04,26.193
14168508,19/08/2025,Southport,Macclesfield,0.39827,2.41961,0.54038,1.935,7.205,74.583,18.212
14168529,25/08/2025,Southport,Fylde,1.18192,1.52989,1.72205,1.94964,29.791,41.39,28.819
14168563,06/09/2025,Southport,South Shields,0.56358,2.23602,1.27343,2.4618,12.106,67.854,20.04
14168481,16/08/2025,Southport,Bedford,1.75494,0.98313,1.91414,1.43536,49.767,24.04,26.193
14168508,19/08/2025,Southport,Macclesfield,0.39827,2.41961,0.54038,1.935,7.205,74.583,18.212
14168529,25/08/2025,Southport,Fylde,1.18192,1.52989,1.72205,1.94964,29.791,41.39,28.819
14168563,06/09/2025,Southport,South Shields,0.56358,2.23602,1.27343,2.4618,12.106,67.854,20.04
14168621,21/10/2025,Southport,Chorley,1.78486,0.89044,1.10563,0.59121,48.672,18.858,32.47
14168481,16/08/2025,Southport,Bedford,1.75494,0.98313,1.91414,1.43536,49.767,24.04,26.193
14168508,19/08/2025,Southport,Macclesfield,0.39827,2.41961,0.54038,1.935,7.205,74.583,18.212
14168529,25/08/2025,Southport,Fylde,1.18192,1.52989,1.72205,1.94964,29.791,41.39,28.819
14168563,06/09/2025,Southport,South Shields,0.56358,2.23602,1.27343,2.4618,12.106,67.854,20.04
14168621,21/10/2025,Southport,Chorley,1.78486,0.89044,1.10563,0.59121,48.672,18.858,32.47
14843593,28/10/2025,Southport,Peterborough,0.62385,2.16072,1.04837,2.04083,13.614,64.843,21.543
14168481,16/08/2025,Southport,Bedford,1.75494,0.98313,1.91414,1.43536,49.767,24.04,26.193
14168508,19/08/2025,Southport,Macclesfield,0.39827,2.41961,0.54038,1.935,7.205,74.583,18.212
14168529,25/08/2025,Southport,Fylde,1.18192,1.52989,1.72205,1.94964,29.791,41.39,28.819
14168563,06/09/2025,Southport,South Shields,0.56358,2.23602,1.27343,2.4618,12.106,67.854,20.04
14168621,21/10/2025,Southport,Chorley,1.78486,0.89044,1.10563,0.59121,48.672,18.858,32.47
14843593,28/10/2025,Southport,Peterborough,0.62385,2.16072,1.04837,2.04083,13.614,64.843,21.543
14168647,01/11/2025,Southport,King's Lynn,0.92178,1.76547,0.67017,1.15757,20.301,48.424,31.275
14168481,16/08/2025,Southport,Bedford,1.75494,0.98313,1.91414,1.43536,49.767,24.04,26.193
14168508,19/08/2025,Southport,Macclesfield,0.39827,2.41961,0.54038,1.935,7.205,74.583,18.212
14168529,25/08/2025,Southport,Fylde,1.18192,1.52989,1.72205,1.94964,29.791,41.39,28.819
14168563,06/09/2025,Southport,South Shields,0.56358,2.23602,1.27343,2.4618,12.106,67.854,20.04
14168621,21/10/2025,Southport,Chorley,1.78486,0.89044,1.10563,0.59121,48.672,18.858,32.47
14843593,28/10/2025,Southport,Peterborough,0.62385,2.16072,1.04837,2.04083,13.614,64.843,21.543
14168647,01/11/2025,Southport,King's Lynn,0.92178,1.76547,0.67017,1.15757,20.301,48.424,31.275
14877776,11/11/2025,Southport,Chester,0.96039,1.80495,1.90681,2.43104,24.191,52.343,23.466
14168481,16/08/2025,Southport,Bedford,1.75494,0.98313,1.91414,1.43536,49.767,24.04,26.193
14168508,19/08/2025,Southport,Macclesfield,0.39827,2.41961,0.54038,1.935,7.205,74.583,18.212
14168529,25/08/2025,Southport,Fylde,1.18192,1.52989,1.72205,1.94964,29.791,41.39,28.819
14168563,06/09/2025,Southport,South Shields,0.56358,2.23602,1.27343,2.4618,12.106,67.854,20.04
14168621,21/10/2025,Southport,Chorley,1.78486,0.89044,1.10563,0.59121,48.672,18.858,32.47
14843593,28/10/2025,Southport,Peterborough,0.62385,2.16072,1.04837,2.04083,13.614,64.843,21.543
14168647,01/11/2025,Southport,King's Lynn,0.92178,1.76547,0.67017,1.15757,20.301,48.424,31.275
14877776,11/11/2025,Southport,Chester,0.96039,1.80495,1.90681,2.43104,24.191,52.343,23.466
14168684,22/11/2025,Southport,Kidderminster,0.42732,2.35977,0.41458,1.67837,7.147,71.562,21.291
14168481,16/08/2025,Southport,Bedford,1.75494,0.98313,1.91414,1.43536,49.767,24.04,26.193
14168508,19/08/2025,Southport,Macclesfield,0.39827,2.41961,0.54038,1.935,7.205,74.583,18.212
14168529,25/08/2025,Southport,Fylde,1.18192,1.52989,1.72205,1.94964,29.791,41.39,28.819
14168563,06/09/2025,Southport,South Shields,0.56358,2.23602,1.27343,2.4618,12.106,67.854,20.04
14168621,21/10/2025,Southport,Chorley,1.78486,0.89044,1.10563,0.59121,48.672,18.858,32.47
14843593,28/10/2025,Southport,Peterborough,0.62385,2.16072,1.04837,2.04083,13.614,64.843,21.543
14168647,01/11/2025,Southport,King's Lynn,0.92178,1.76547,0.67017,1.15757,20.301,48.424,31.275
14877776,11/11/2025,Southport,Chester,0.96039,1.80495,1.90681,2.43104,24.191,52.343,23.466
14168684,22/11/2025,Southport,Kidderminster,0.42732,2.35977,0.41458,1.67837,7.147,71.562,21.291
14168698,25/11/2025,Southport,Radcliffe,1.25436,1.46349,1.38958,1.5265,32.407,39.378,28.215
14168481,16/08/2025,Southport,Bedford,1.75494,0.98313,1.91414,1.43536,49.767,24.04,26.193
14168508,19/08/2025,Southport,Macclesfield,0.39827,2.41961,0.54038,1.935,7.205,74.583,18.212
14168529,25/08/2025,Southport,Fylde,1.18192,1.52989,1.72205,1.94964,29.791,41.39,28.819
14168563,06/09/2025,Southport,South Shields,0.56358,2.23602,1.27343,2.4618,12.106,67.854,20.04
14168621,21/10/2025,Southport,Chorley,1.78486,0.89044,1.10563,0.59121,48.672,18.858,32.47
14843593,28/10/2025,Southport,Peterborough,0.62385,2.16072,1.04837,2.04083,13.614,64.843,21.543
14168647,01/11/2025,Southport,King's Lynn,0.92178,1.76547,0.67017,1.15757,20.301,48.424,31.275
14877776,11/11/2025,Southport,Chester,0.96039,1.80495,1.90681,2.43104,24.191,52.343,23.466
14168684,22/11/2025,Southport,Kidderminster,0.42732,2.35977,0.41458,1.67837,7.147,71.562,21.291
14168698,25/11/2025,Southport,Radcliffe,1.25436,1.46349,1.38958,1.5265,32.407,39.378,28.215
14168732,20/12/2025,Southport,Worksop,0.68085,2.11593,1.33318,2.33899,15.921,63.757,20.322
14168481,16/08/2025,Southport,Bedford,1.75494,0.98313,1.91414,1.43536,49.767,24.04,26.193
14168508,19/08/2025,Southport,Macclesfield,0.39827,2.41961,0.54038,1.935,7.205,74.583,18.212
14168529,25/08/2025,Southport,Fylde,1.18192,1.52989,1.72205,1.94964,29.791,41.39,28.819
14168563,06/09/2025,Southport,South Shields,0.56358,2.23602,1.27343,2.4618,12.106,67.854,20.04
14168621,21/10/2025,Southport,Chorley,1.78486,0.89044,1.10563,0.59121,48.672,18.858,32.47
14843593,28/10/2025,Southport,Peterborough,0.62385,2.16072,1.04837,2.04083,13.614,64.843,21.543
14168647,01/11/2025,Southport,King's Lynn,0.92178,1.76547,0.67017,1.15757,20.301,48.424,31.275
14877776,11/11/2025,Southport,Chester,0.96039,1.80495,1.90681,2.43104,24.191,52.343,23.466
14168684,22/11/2025,Southport,Kidderminster,0.42732,2.35977,0.41458,1.67837,7.147,71.562,21.291
14168698,25/11/2025,Southport,Radcliffe,1.25436,1.46349,1.38958,1.5265,32.407,39.378,28.215
14168732,20/12/2025,Southport,Worksop,0.68085,2.11593,1.33318,2.33899,15.921,63.757,20.322
14168756,30/12/2025,Southport,Curzon Ashton,0.53249,2.31026,1.49174,2.96887,12.508,71.767,15.725
14168481,16/08/2025,Southport,Bedford,1.75494,0.98313,1.91414,1.43536,49.767,24.04,26.193
14168508,19/08/2025,Southport,Macclesfield,0.39827,2.41961,0.54038,1.935,7.205,74.583,18.212
14168529,25/08/2025,Southport,Fylde,1.18192,1.52989,1.72205,1.94964,29.791,41.39,28.819
14168563,06/09/2025,Southport,South Shields,0.56358,2.23602,1.27343,2.4618,12.106,67.854,20.04
14168621,21/10/2025,Southport,Chorley,1.78486,0.89044,1.10563,0.59121,48.672,18.858,32.47
14843593,28/10/2025,Southport,Peterborough,0.62385,2.16072,1.04837,2.04083,13.614,64.843,21.543
14168647,01/11/2025,Southport,King's Lynn,0.92178,1.76547,0.67017,1.15757,20.301,48.424,31.275
14877776,11/11/2025,Southport,Chester,0.96039,1.80495,1.90681,2.43104,24.191,52.343,23.466
14168684,22/11/2025,Southport,Kidderminster,0.42732,2.35977,0.41458,1.67837,7.147,71.562,21.291
14168698,25/11/2025,Southport,Radcliffe,1.25436,1.46349,1.38958,1.5265,32.407,39.378,28.215
14168732,20/12/2025,Southport,Worksop,0.68085,2.11593,1.33318,2.33899,15.921,63.757,20.322
14168756,30/12/2025,Southport,Curzon Ashton,0.53249,2.31026,1.49174,2.96887,12.508,71.767,15.725
14168767,03/01/2026,Southport,Scarborough,2.59822,0.27736,2.64041,0.80045,82.46,5.098,12.442
14168481,16/08/2025,Southport,Bedford,1.75494,0.98313,1.91414,1.43536,49.767,24.04,26.193
14168508,19/08/2025,Southport,Macclesfield,0.39827,2.41961,0.54038,1.935,7.205,74.583,18.212
14168529,25/08/2025,Southport,Fylde,1.18192,1.52989,1.72205,1.94964,29.791,41.39,28.819
14168563,06/09/2025,Southport,South Shields,0.56358,2.23602,1.27343,2.4618,12.106,67.854,20.04
14168621,21/10/2025,Southport,Chorley,1.78486,0.89044,1.10563,0.59121,48.672,18.858,32.47
14843593,28/10/2025,Southport,Peterborough,0.62385,2.16072,1.04837,2.04083,13.614,64.843,21.543
14168647,01/11/2025,Southport,King's Lynn,0.92178,1.76547,0.67017,1.15757,20.301,48.424,31.275
14877776,11/11/2025,Southport,Chester,0.96039,1.80495,1.90681,2.43104,24.191,52.343,23.466
14168684,22/11/2025,Southport,Kidderminster,0.42732,2.35977,0.41458,1.67837,7.147,71.562,21.291
14168698,25/11/2025,Southport,Radcliffe,1.25436,1.46349,1.38958,1.5265,32.407,39.378,28.215
14168732,20/12/2025,Southport,Worksop,0.68085,2.11593,1.33318,2.33899,15.921,63.757,20.322
14168756,30/12/2025,Southport,Curzon Ashton,0.53249,2.31026,1.49174,2.96887,12.508,71.767,15.725
14168767,03/01/2026,Southport,Scarborough,2.59822,0.27736,2.64041,0.80045,82.46,5.098,12.442
14168804,24/01/2026,Southport,Merthyr,2.66744,0.21332,2.25047,0.37333,84.94,3.136,11.924
14168481,16/08/2025,Southport,Bedford,1.75494,0.98313,1.91414,1.43536,49.767,24.04,26.193
14168508,19/08/2025,Southport,Macclesfield,0.39827,2.41961,0.54038,1.935,7.205,74.583,18.212
14168529,25/08/2025,Southport,Fylde,1.18192,1.52989,1.72205,1.94964,29.791,41.39,28.819
14168563,06/09/2025,Southport,South Shields,0.56358,2.23602,1.27343,2.4618,12.106,67.854,20.04
14168621,21/10/2025,Southport,Chorley,1.78486,0.89044,1.10563,0.59121,48.672,18.858,32.47
14843593,28/10/2025,Southport,Peterborough,0.62385,2.16072,1.04837,2.04083,13.614,64.843,21.543
14168647,01/11/2025,Southport,King's Lynn,0.92178,1.76547,0.67017,1.15757,20.301,48.424,31.275
14877776,11/11/2025,Southport,Chester,0.96039,1.80495,1.90681,2.43104,24.191,52.343,23.466
14168684,22/11/2025,Southport,Kidderminster,0.42732,2.35977,0.41458,1.67837,7.147,71.562,21.291
14168698,25/11/2025,Southport,Radcliffe,1.25436,1.46349,1.38958,1.5265,32.407,39.378,28.215
14168732,20/12/2025,Southport,Worksop,0.68085,2.11593,1.33318,2.33899,15.921,63.757,20.322
14168756,30/12/2025,Southport,Curzon Ashton,0.53249,2.31026,1.49174,2.96887,12.508,71.767,15.725
14168767,03/01/2026,Southport,Scarborough,2.59822,0.27736,2.64041,0.80045,82.46,5.098,12.442
14168804,24/01/2026,Southport,Merthyr,2.66744,0.21332,2.25047,0.37333,84.94,3.136,11.924
14168840,07/02/2026,Southport,Darlington,1.5257,1.22969,2.09832,1.89948,42.703,32.836,24.461
14168481,16/08/2025,Southport,Bedford,1.75494,0.98313,1.91414,1.43536,49.767,24.04,26.193
14168508,19/08/2025,Southport,Macclesfield,0.39827,2.41961,0.54038,1.935,7.205,74.583,18.212
14168529,25/08/2025,Southport,Fylde,1.18192,1.52989,1.72205,1.94964,29.791,41.39,28.819
14168563,06/09/2025,Southport,South Shields,0.56358,2.23602,1.27343,2.4618,12.106,67.854,20.04
14168621,21/10/2025,Southport,Chorley,1.78486,0.89044,1.10563,0.59121,48.672,18.858,32.47
14843593,28/10/2025,Southport,Peterborough,0.62385,2.16072,1.04837,2.04083,13.614,64.843,21.543
14168647,01/11/2025,Southport,King's Lynn,0.92178,1.76547,0.67017,1.15757,20.301,48.424,31.275
14877776,11/11/2025,Southport,Chester,0.96039,1.80495,1.90681,2.43104,24.191,52.343,23.466
14168684,22/11/2025,Southport,Kidderminster,0.42732,2.35977,0.41458,1.67837,7.147,71.562,21.291
14168698,25/11/2025,Southport,Radcliffe,1.25436,1.46349,1.38958,1.5265,32.407,39.378,28.215
14168732,20/12/2025,Southport,Worksop,0.68085,2.11593,1.33318,2.33899,15.921,63.757,20.322
14168756,30/12/2025,Southport,Curzon Ashton,0.53249,2.31026,1.49174,2.96887,12.508,71.767,15.725
14168767,03/01/2026,Southport,Scarborough,2.59822,0.27736,2.64041,0.80045,82.46,5.098,12.442
14168804,24/01/2026,Southport,Merthyr,2.66744,0.21332,2.25047,0.37333,84.94,3.136,11.924
14168840,07/02/2026,Southport,Darlington,1.5257,1.22969,2.09832,1.89948,42.703,32.836,24.461
14168864,14/02/2026,Southport,Hereford,1.17033,1.61967,2.77787,3.14147,32.011,46.989,21.0
14168481,16/08/2025,Southport,Bedford,1.75494,0.98313,1.91414,1.43536,49.767,24.04,26.193
14168508,19/08/2025,Southport,Macclesfield,0.39827,2.41961,0.54038,1.935,7.205,74.583,18.212
14168529,25/08/2025,Southport,Fylde,1.18192,1.52989,1.72205,1.94964,29.791,41.39,28.819
14168563,06/09/2025,Southport,South Shields,0.56358,2.23602,1.27343,2.4618,12.106,67.854,20.04
14168621,21/10/2025,Southport,Chorley,1.78486,0.89044,1.10563,0.59121,48.672,18.858,32.47
14843593,28/10/2025,Southport,Peterborough,0.62385,2.16072,1.04837,2.04083,13.614,64.843,21.543
14168647,01/11/2025,Southport,King's Lynn,0.92178,1.76547,0.67017,1.15757,20.301,48.424,31.275
14877776,11/11/2025,Southport,Chester,0.96039,1.80495,1.90681,2.43104,24.191,52.343,23.466
14168684,22/11/2025,Southport,Kidderminster,0.42732,2.35977,0.41458,1.67837,7.147,71.562,21.291
14168698,25/11/2025,Southport,Radcliffe,1.25436,1.46349,1.38958,1.5265,32.407,39.378,28.215
14168732,20/12/2025,Southport,Worksop,0.68085,2.11593,1.33318,2.33899,15.921,63.757,20.322
14168756,30/12/2025,Southport,Curzon Ashton,0.53249,2.31026,1.49174,2.96887,12.508,71.767,15.725
14168767,03/01/2026,Southport,Scarborough,2.59822,0.27736,2.64041,0.80045,82.46,5.098,12.442
14168804,24/01/2026,Southport,Merthyr,2.66744,0.21332,2.25047,0.37333,84.94,3.136,11.924
14168840,07/02/2026,Southport,Darlington,1.5257,1.22969,2.09832,1.89948,42.703,32.836,24.461
14168864,14/02/2026,Southport,Hereford,1.17033,1.61967,2.77787,3.14147,32.011,46.989,21.0
15447028,17/02/2026,Southport,Buxton,2.22672,0.49782,1.31153,0.29586,65.042,7.412,27.546
14168481,16/08/2025,Southport,Bedford,1.75494,0.98313,1.91414,1.43536,49.767,24.04,26.193
14168508,19/08/2025,Southport,Macclesfield,0.39827,2.41961,0.54038,1.935,7.205,74.583,18.212
14168529,25/08/2025,Southport,Fylde,1.18192,1.52989,1.72205,1.94964,29.791,41.39,28.819
14168563,06/09/2025,Southport,South Shields,0.56358,2.23602,1.27343,2.4618,12.106,67.854,20.04
14168621,21/10/2025,Southport,Chorley,1.78486,0.89044,1.10563,0.59121,48.672,18.858,32.47
14843593,28/10/2025,Southport,Peterborough,0.62385,2.16072,1.04837,2.04083,13.614,64.843,21.543
14168647,01/11/2025,Southport,King's Lynn,0.92178,1.76547,0.67017,1.15757,20.301,48.424,31.275
14877776,11/11/2025,Southport,Chester,0.96039,1.80495,1.90681,2.43104,24.191,52.343,23.466
14168684,22/11/2025,Southport,Kidderminster,0.42732,2.35977,0.41458,1.67837,7.147,71.562,21.291
14168698,25/11/2025,Southport,Radcliffe,1.25436,1.46349,1.38958,1.5265,32.407,39.378,28.215
14168732,20/12/2025,Southport,Worksop,0.68085,2.11593,1.33318,2.33899,15.921,63.757,20.322
14168756,30/12/2025,Southport,Curzon Ashton,0.53249,2.31026,1.49174,2.96887,12.508,71.767,15.725
14168767,03/01/2026,Southport,Scarborough,2.59822,0.27736,2.64041,0.80045,82.46,5.098,12.442
14168804,24/01/2026,Southport,Merthyr,2.66744,0.21332,2.25047,0.37333,84.94,3.136,11.924
14168840,07/02/2026,Southport,Darlington,1.5257,1.22969,2.09832,1.89948,42.703,32.836,24.461
14168864,14/02/2026,Southport,Hereford,1.17033,1.61967,2.77787,3.14147,32.011,46.989,21.0
15447028,17/02/2026,Southport,Buxton,2.22672,0.49782,1.31153,0.29586,65.042,7.412,27.546
14168925,10/03/2026,Southport,Spennymoor,2.53013,0.34031,2.90022,1.07176,80.019,7.025,12.956
14168481,16/08/2025,Southport,Bedford,1.75494,0.98313,1.91414,1.43536,49.767,24.04,26.193
14168508,19/08/2025,Southport,Macclesfield,0.39827,2.41961,0.54038,1.935,7.205,74.583,18.212
14168529,25/08/2025,Southport,Fylde,1.18192,1.52989,1.72205,1.94964,29.791,41.39,28.819
14168563,06/09/2025,Southport,South Shields,0.56358,2.23602,1.27343,2.4618,12.106,67.854,20.04
14168621,21/10/2025,Southport,Chorley,1.78486,0.89044,1.10563,0.59121,48.672,18.858,32.47
14843593,28/10/2025,Southport,Peterborough,0.62385,2.16072,1.04837,2.04083,13.614,64.843,21.543
14168647,01/11/2025,Southport,King's Lynn,0.92178,1.76547,0.67017,1.15757,20.301,48.424,31.275
14877776,11/11/2025,Southport,Chester,0.96039,1.80495,1.90681,2.43104,24.191,52.343,23.466
14168684,22/11/2025,Southport,Kidderminster,0.42732,2.35977,0.41458,1.67837,7.147,71.562,21.291
14168698,25/11/2025,Southport,Radcliffe,1.25436,1.46349,1.38958,1.5265,32.407,39.378,28.215
14168732,20/12/2025,Southport,Worksop,0.68085,2.11593,1.33318,2.33899,15.921,63.757,20.322
14168756,30/12/2025,Southport,Curzon Ashton,0.53249,2.31026,1.49174,2.96887,12.508,71.767,15.725
14168767,03/01/2026,Southport,Scarborough,2.59822,0.27736,2.64041,0.80045,82.46,5.098,12.442
14168804,24/01/2026,Southport,Merthyr,2.66744,0.21332,2.25047,0.37333,84.94,3.136,11.924
14168840,07/02/2026,Southport,Darlington,1.5257,1.22969,2.09832,1.89948,42.703,32.836,24.461
14168864,14/02/2026,Southport,Hereford,1.17033,1.61967,2.77787,3.14147,32.011,46.989,21.0
15447028,17/02/2026,Southport,Buxton,2.22672,0.49782,1.31153,0.29586,65.042,7.412,27.546
14168925,10/03/2026,Southport,Spennymoor,2.53013,0.34031,2.90022,1.07176,80.019,7.025,12.956
14168938,14/03/2026,Southport,Oxford,0.75625,2.04286,1.55308,2.50857,18.512,61.399,20.089
14168481,16/08/2025,Southport,Bedford,1.75494,0.98313,1.91414,1.43536,49.767,24.04,26.193
14168508,19/08/2025,Southport,Macclesfield,0.39827,2.41961,0.54038,1.935,7.205,74.583,18.212
14168529,25/08/2025,Southport,Fylde,1.18192,1.52989,1.72205,1.94964,29.791,41.39,28.819
14168563,06/09/2025,Southport,South Shields,0.56358,2.23602,1.27343,2.4618,12.106,67.854,20.04
14168621,21/10/2025,Southport,Chorley,1.78486,0.89044,1.10563,0.59121,48.672,18.858,32.47
14843593,28/10/2025,Southport,Peterborough,0.62385,2.16072,1.04837,2.04083,13.614,64.843,21.543
14168647,01/11/2025,Southport,King's Lynn,0.92178,1.76547,0.67017,1.15757,20.301,48.424,31.275
14877776,11/11/2025,Southport,Chester,0.96039,1.80495,1.90681,2.43104,24.191,52.343,23.466
14168684,22/11/2025,Southport,Kidderminster,0.42732,2.35977,0.41458,1.67837,7.147,71.562,21.291
14168698,25/11/2025,Southport,Radcliffe,1.25436,1.46349,1.38958,1.5265,32.407,39.378,28.215
14168732,20/12/2025,Southport,Worksop,0.68085,2.11593,1.33318,2.33899,15.921,63.757,20.322
14168756,30/12/2025,Southport,Curzon Ashton,0.53249,2.31026,1.49174,2.96887,12.508,71.767,15.725
14168767,03/01/2026,Southport,Scarborough,2.59822,0.27736,2.64041,0.80045,82.46,5.098,12.442
14168804,24/01/2026,Southport,Merthyr,2.66744,0.21332,2.25047,0.37333,84.94,3.136,11.924
14168840,07/02/2026,Southport,Darlington,1.5257,1.22969,2.09832,1.89948,42.703,32.836,24.461
14168864,14/02/2026,Southport,Hereford,1.17033,1.61967,2.77787,3.14147,32.011,46.989,21.0
15447028,17/02/2026,Southport,Buxton,2.22672,0.49782,1.31153,0.29586,65.042,7.412,27.546
14168925,10/03/2026,Southport,Spennymoor,2.53013,0.34031,2.90022,1.07176,80.019,7.025,12.956
14168938,14/03/2026,Southport,Oxford,0.75625,2.04286,1.55308,2.50857,18.512,61.399,20.089
15495083,17/03/2026,Southport,Alfreton,2.26046,0.5465,2.30403,1.01555,68.914,11.782,19.304
14168480,09/08/2025,South Shields,Marine,0.933,1.81971,1.25299,1.88698,22.857,52.414,24.729
14168480,09/08/2025,South Shields,Marine,0.933,1.81971,1.25299,1.88698,22.857,52.414,24.729
14168514,23/08/2025,South Shields,Chester,2.35137,0.41958,1.60903,0.51189,70.744,6.351,22.905
14168480,09/08/2025,South Shields,Marine,0.933,1.81971,1.25299,1.88698,22.857,52.414,24.729
14168514,23/08/2025,South Shields,Chester,2.35137,0.41958,1.60903,0.51189,70.744,6.351,22.905
14168536,30/08/2025,South Shields,Buxton,2.42925,0.39873,2.4931,1.00718,75.241,7.557,17.202
14168480,09/08/2025,South Shields,Marine,0.933,1.81971,1.25299,1.88698,22.857,52.414,24.729
14168514,23/08/2025,South Shields,Chester,2.35137,0.41958,1.60903,0.51189,70.744,6.351,22.905
14168536,30/08/2025,South Shields,Buxton,2.42925,0.39873,2.4931,1.00718,75.241,7.557,17.202
14168551,02/09/2025,South Shields,Radcliffe,1.19222,1.57475,2.21021,2.48813,31.973,44.724,23.303
14168480,09/08/2025,South Shields,Marine,0.933,1.81971,1.25299,1.88698,22.857,52.414,24.729
14168514,23/08/2025,South Shields,Chester,2.35137,0.41958,1.60903,0.51189,70.744,6.351,22.905
14168536,30/08/2025,South Shields,Buxton,2.42925,0.39873,2.4931,1.00718,75.241,7.557,17.202
14168551,02/09/2025,South Shields,Radcliffe,1.19222,1.57475,2.21021,2.48813,31.973,44.724,23.303
14168588,04/10/2025,South Shields,Chorley,2.576,0.2855,2.21351,0.62295,81.25,4.9,13.85
14168480,09/08/2025,South Shields,Marine,0.933,1.81971,1.25299,1.88698,22.857,52.414,24.729
14168514,23/08/2025,South Shields,Chester,2.35137,0.41958,1.60903,0.51189,70.744,6.351,22.905
14168536,30/08/2025,South Shields,Buxton,2.42925,0.39873,2.4931,1.00718,75.241,7.557,17.202
14168551,02/09/2025,South Shields,Radcliffe,1.19222,1.57475,2.21021,2.48813,31.973,44.724,23.303
14168588,04/10/2025,South Shields,Chorley,2.576,0.2855,2.21351,0.62295,81.25,4.9,13.85
14168610,18/10/2025,South Shields,Hereford,1.30236,1.39983,1.17554,1.20465,33.485,36.734,29.781
14168480,09/08/2025,South Shields,Marine,0.933,1.81971,1.25299,1.88698,22.857,52.414,24.729
14168514,23/08/2025,South Shields,Chester,2.35137,0.41958,1.60903,0.51189,70.744,6.351,22.905
14168536,30/08/2025,South Shields,Buxton,2.42925,0.39873,2.4931,1.00718,75.241,7.557,17.202
14168551,02/09/2025,South Shields,Radcliffe,1.19222,1.57475,2.21021,2.48813,31.973,44.724,23.303
14168588,04/10/2025,South Shields,Chorley,2.576,0.2855,2.21351,0.62295,81.25,4.9,13.85
14168610,18/10/2025,South Shields,Hereford,1.30236,1.39983,1.17554,1.20465,33.485,36.734,29.781
14168623,21/10/2025,South Shields,Scarborough,2.11756,0.64393,2.28524,1.27896,62.635,13.514,23.851
14168480,09/08/2025,South Shields,Marine,0.933,1.81971,1.25299,1.88698,22.857,52.414,24.729
14168514,23/08/2025,South Shields,Chester,2.35137,0.41958,1.60903,0.51189,70.744,6.351,22.905
14168536,30/08/2025,South Shields,Buxton,2.42925,0.39873,2.4931,1.00718,75.241,7.557,17.202
14168551,02/09/2025,South Shields,Radcliffe,1.19222,1.57475,2.21021,2.48813,31.973,44.724,23.303
14168588,04/10/2025,South Shields,Chorley,2.576,0.2855,2.21351,0.62295,81.25,4.9,13.85
14168610,18/10/2025,South Shields,Hereford,1.30236,1.39983,1.17554,1.20465,33.485,36.734,29.781
14168623,21/10/2025,South Shields,Scarborough,2.11756,0.64393,2.28524,1.27896,62.635,13.514,23.851
14936374,18/11/2025,South Shields,Oxford,2.37903,0.45249,2.42583,0.97825,73.685,9.467,16.848
14168480,09/08/2025,South Shields,Marine,0.933,1.81971,1.25299,1.88698,22.857,52.414,24.729
14168514,23/08/2025,South Shields,Chester,2.35137,0.41958,1.60903,0.51189,70.744,6.351,22.905
14168536,30/08/2025,South Shields,Buxton,2.42925,0.39873,2.4931,1.00718,75.241,7.557,17.202
14168551,02/09/2025,South Shields,Radcliffe,1.19222,1.57475,2.21021,2.48813,31.973,44.724,23.303
14168588,04/10/2025,South Shields,Chorley,2.576,0.2855,2.21351,0.62295,81.25,4.9,13.85
14168610,18/10/2025,South Shields,Hereford,1.30236,1.39983,1.17554,1.20465,33.485,36.734,29.781
14168623,21/10/2025,South Shields,Scarborough,2.11756,0.64393,2.28524,1.27896,62.635,13.514,23.851
14936374,18/11/2025,South Shields,Oxford,2.37903,0.45249,2.42583,0.97825,73.685,9.467,16.848
14168719,06/12/2025,South Shields,Kidderminster,1.01879,1.71884,1.19735,1.69422,25.214,48.549,26.237
14168480,09/08/2025,South Shields,Marine,0.933,1.81971,1.25299,1.88698,22.857,52.414,24.729
14168514,23/08/2025,South Shields,Chester,2.35137,0.41958,1.60903,0.51189,70.744,6.351,22.905
14168536,30/08/2025,South Shields,Buxton,2.42925,0.39873,2.4931,1.00718,75.241,7.557,17.202
14168551,02/09/2025,South Shields,Radcliffe,1.19222,1.57475,2.21021,2.48813,31.973,44.724,23.303
14168588,04/10/2025,South Shields,Chorley,2.576,0.2855,2.21351,0.62295,81.25,4.9,13.85
14168610,18/10/2025,South Shields,Hereford,1.30236,1.39983,1.17554,1.20465,33.485,36.734,29.781
14168623,21/10/2025,South Shields,Scarborough,2.11756,0.64393,2.28524,1.27896,62.635,13.514,23.851
14936374,18/11/2025,South Shields,Oxford,2.37903,0.45249,2.42583,0.97825,73.685,9.467,16.848
14168719,06/12/2025,South Shields,Kidderminster,1.01879,1.71884,1.19735,1.69422,25.214,48.549,26.237
15184997,18/12/2025,South Shields,Peterborough,2.23383,0.54516,1.75099,0.64266,67.094,10.805,22.101
14168480,09/08/2025,South Shields,Marine,0.933,1.81971,1.25299,1.88698,22.857,52.414,24.729
14168514,23/08/2025,South Shields,Chester,2.35137,0.41958,1.60903,0.51189,70.744,6.351,22.905
14168536,30/08/2025,South Shields,Buxton,2.42925,0.39873,2.4931,1.00718,75.241,7.557,17.202
14168551,02/09/2025,South Shields,Radcliffe,1.19222,1.57475,2.21021,2.48813,31.973,44.724,23.303
14168588,04/10/2025,South Shields,Chorley,2.576,0.2855,2.21351,0.62295,81.25,4.9,13.85
14168610,18/10/2025,South Shields,Hereford,1.30236,1.39983,1.17554,1.20465,33.485,36.734,29.781
14168623,21/10/2025,South Shields,Scarborough,2.11756,0.64393,2.28524,1.27896,62.635,13.514,23.851
14936374,18/11/2025,South Shields,Oxford,2.37903,0.45249,2.42583,0.97825,73.685,9.467,16.848
14168719,06/12/2025,South Shields,Kidderminster,1.01879,1.71884,1.19735,1.69422,25.214,48.549,26.237
15184997,18/12/2025,South Shields,Peterborough,2.23383,0.54516,1.75099,0.64266,67.094,10.805,22.101
14168745,26/12/2025,South Shields,Spennymoor,2.67943,0.2095,2.61564,0.54816,85.612,3.281,11.107
14168480,09/08/2025,South Shields,Marine,0.933,1.81971,1.25299,1.88698,22.857,52.414,24.729
14168514,23/08/2025,South Shields,Chester,2.35137,0.41958,1.60903,0.51189,70.744,6.351,22.905
14168536,30/08/2025,South Shields,Buxton,2.42925,0.39873,2.4931,1.00718,75.241,7.557,17.202
14168551,02/09/2025,South Shields,Radcliffe,1.19222,1.57475,2.21021,2.48813,31.973,44.724,23.303
14168588,04/10/2025,South Shields,Chorley,2.576,0.2855,2.21351,0.62295,81.25,4.9,13.85
14168610,18/10/2025,South Shields,Hereford,1.30236,1.39983,1.17554,1.20465,33.485,36.734,29.781
14168623,21/10/2025,South Shields,Scarborough,2.11756,0.64393,2.28524,1.27896,62.635,13.514,23.851
14936374,18/11/2025,South Shields,Oxford,2.37903,0.45249,2.42583,0.97825,73.685,9.467,16.848
14168719,06/12/2025,South Shields,Kidderminster,1.01879,1.71884,1.19735,1.69422,25.214,48.549,26.237
15184997,18/12/2025,South Shields,Peterborough,2.23383,0.54516,1.75099,0.64266,67.094,10.805,22.101
14168745,26/12/2025,South Shields,Spennymoor,2.67943,0.2095,2.61564,0.54816,85.612,3.281,11.107
14168791,17/01/2026,South Shields,Leamington,2.15716,0.54013,1.16261,0.28993,61.815,7.914,30.271
14168480,09/08/2025,South Shields,Marine,0.933,1.81971,1.25299,1.88698,22.857,52.414,24.729
14168514,23/08/2025,South Shields,Chester,2.35137,0.41958,1.60903,0.51189,70.744,6.351,22.905
14168536,30/08/2025,South Shields,Buxton,2.42925,0.39873,2.4931,1.00718,75.241,7.557,17.202
14168551,02/09/2025,South Shields,Radcliffe,1.19222,1.57475,2.21021,2.48813,31.973,44.724,23.303
14168588,04/10/2025,South Shields,Chorley,2.576,0.2855,2.21351,0.62295,81.25,4.9,13.85
14168610,18/10/2025,South Shields,Hereford,1.30236,1.39983,1.17554,1.20465,33.485,36.734,29.781
14168623,21/10/2025,South Shields,Scarborough,2.11756,0.64393,2.28524,1.27896,62.635,13.514,23.851
14936374,18/11/2025,South Shields,Oxford,2.37903,0.45249,2.42583,0.97825,73.685,9.467,16.848
14168719,06/12/2025,South Shields,Kidderminster,1.01879,1.71884,1.19735,1.69422,25.214,48.549,26.237
15184997,18/12/2025,South Shields,Peterborough,2.23383,0.54516,1.75099,0.64266,67.094,10.805,22.101
14168745,26/12/2025,South Shields,Spennymoor,2.67943,0.2095,2.61564,0.54816,85.612,3.281,11.107
14168791,17/01/2026,South Shields,Leamington,2.15716,0.54013,1.16261,0.28993,61.815,7.914,30.271
15322118,20/01/2026,South Shields,Southport,2.10586,0.67195,1.9652,0.97442,62.789,14.992,22.219
14168480,09/08/2025,South Shields,Marine,0.933,1.81971,1.25299,1.88698,22.857,52.414,24.729
14168514,23/08/2025,South Shields,Chester,2.35137,0.41958,1.60903,0.51189,70.744,6.351,22.905
14168536,30/08/2025,South Shields,Buxton,2.42925,0.39873,2.4931,1.00718,75.241,7.557,17.202
14168551,02/09/2025,South Shields,Radcliffe,1.19222,1.57475,2.21021,2.48813,31.973,44.724,23.303
14168588,04/10/2025,South Shields,Chorley,2.576,0.2855,2.21351,0.62295,81.25,4.9,13.85
14168610,18/10/2025,South Shields,Hereford,1.30236,1.39983,1.17554,1.20465,33.485,36.734,29.781
14168623,21/10/2025,South Shields,Scarborough,2.11756,0.64393,2.28524,1.27896,62.635,13.514,23.851
14936374,18/11/2025,South Shields,Oxford,2.37903,0.45249,2.42583,0.97825,73.685,9.467,16.848
14168719,06/12/2025,South Shields,Kidderminster,1.01879,1.71884,1.19735,1.69422,25.214,48.549,26.237
15184997,18/12/2025,South Shields,Peterborough,2.23383,0.54516,1.75099,0.64266,67.094,10.805,22.101
14168745,26/12/2025,South Shields,Spennymoor,2.67943,0.2095,2.61564,0.54816,85.612,3.281,11.107
14168791,17/01/2026,South Shields,Leamington,2.15716,0.54013,1.16261,0.28993,61.815,7.914,30.271
15322118,20/01/2026,South Shields,Southport,2.10586,0.67195,1.9652,0.97442,62.789,14.992,22.219
14168876,21/02/2026,South Shields,Telford,2.12886,0.68001,2.61058,1.47956,64.591,16.296,19.113
14168480,09/08/2025,South Shields,Marine,0.933,1.81971,1.25299,1.88698,22.857,52.414,24.729
14168514,23/08/2025,South Shields,Chester,2.35137,0.41958,1.60903,0.51189,70.744,6.351,22.905
14168536,30/08/2025,South Shields,Buxton,2.42925,0.39873,2.4931,1.00718,75.241,7.557,17.202
14168551,02/09/2025,South Shields,Radcliffe,1.19222,1.57475,2.21021,2.48813,31.973,44.724,23.303
14168588,04/10/2025,South Shields,Chorley,2.576,0.2855,2.21351,0.62295,81.25,4.9,13.85
14168610,18/10/2025,South Shields,Hereford,1.30236,1.39983,1.17554,1.20465,33.485,36.734,29.781
14168623,21/10/2025,South Shields,Scarborough,2.11756,0.64393,2.28524,1.27896,62.635,13.514,23.851
14936374,18/11/2025,South Shields,Oxford,2.37903,0.45249,2.42583,0.97825,73.685,9.467,16.848
14168719,06/12/2025,South Shields,Kidderminster,1.01879,1.71884,1.19735,1.69422,25.214,48.549,26.237
15184997,18/12/2025,South Shields,Peterborough,2.23383,0.54516,1.75099,0.64266,67.094,10.805,22.101
14168745,26/12/2025,South Shields,Spennymoor,2.67943,0.2095,2.61564,0.54816,85.612,3.281,11.107
14168791,17/01/2026,South Shields,Leamington,2.15716,0.54013,1.16261,0.28993,61.815,7.914,30.271
15322118,20/01/2026,South Shields,Southport,2.10586,0.67195,1.9652,0.97442,62.789,14.992,22.219
14168876,21/02/2026,South Shields,Telford,2.12886,0.68001,2.61058,1.47956,64.591,16.296,19.113
14168885,24/02/2026,South Shields,Worksop,2.66409,0.22395,2.86069,0.83857,85.071,3.733,11.196
14168480,09/08/2025,South Shields,Marine,0.933,1.81971,1.25299,1.88698,22.857,52.414,24.729
14168514,23/08/2025,South Shields,Chester,2.35137,0.41958,1.60903,0.51189,70.744,6.351,22.905
14168536,30/08/2025,South Shields,Buxton,2.42925,0.39873,2.4931,1.00718,75.241,7.557,17.202
14168551,02/09/2025,South Shields,Radcliffe,1.19222,1.57475,2.21021,2.48813,31.973,44.724,23.303
14168588,04/10/2025,South Shields,Chorley,2.576,0.2855,2.21351,0.62295,81.25,4.9,13.85
14168610,18/10/2025,South Shields,Hereford,1.30236,1.39983,1.17554,1.20465,33.485,36.734,29.781
14168623,21/10/2025,South Shields,Scarborough,2.11756,0.64393,2.28524,1.27896,62.635,13.514,23.851
14936374,18/11/2025,South Shields,Oxford,2.37903,0.45249,2.42583,0.97825,73.685,9.467,16.848
14168719,06/12/2025,South Shields,Kidderminster,1.01879,1.71884,1.19735,1.69422,25.214,48.549,26.237
15184997,18/12/2025,South Shields,Peterborough,2.23383,0.54516,1.75099,0.64266,67.094,10.805,22.101
14168745,26/12/2025,South Shields,Spennymoor,2.67943,0.2095,2.61564,0.54816,85.612,3.281,11.107
14168791,17/01/2026,South Shields,Leamington,2.15716,0.54013,1.16261,0.28993,61.815,7.914,30.271
15322118,20/01/2026,South Shields,Southport,2.10586,0.67195,1.9652,0.97442,62.789,14.992,22.219
14168876,21/02/2026,South Shields,Telford,2.12886,0.68001,2.61058,1.47956,64.591,16.296,19.113
14168885,24/02/2026,South Shields,Worksop,2.66409,0.22395,2.86069,0.83857,85.071,3.733,11.196
15473420,03/03/2026,South Shields,Fylde,1.74726,0.99417,1.59987,1.09715,49.623,24.52,25.857
14168480,09/08/2025,South Shields,Marine,0.933,1.81971,1.25299,1.88698,22.857,52.414,24.729
14168514,23/08/2025,South Shields,Chester,2.35137,0.41958,1.60903,0.51189,70.744,6.351,22.905
14168536,30/08/2025,South Shields,Buxton,2.42925,0.39873,2.4931,1.00718,75.241,7.557,17.202
14168551,02/09/2025,South Shields,Radcliffe,1.19222,1.57475,2.21021,2.48813,31.973,44.724,23.303
14168588,04/10/2025,South Shields,Chorley,2.576,0.2855,2.21351,0.62295,81.25,4.9,13.85
14168610,18/10/2025,South Shields,Hereford,1.30236,1.39983,1.17554,1.20465,33.485,36.734,29.781
14168623,21/10/2025,South Shields,Scarborough,2.11756,0.64393,2.28524,1.27896,62.635,13.514,23.851
14936374,18/11/2025,South Shields,Oxford,2.37903,0.45249,2.42583,0.97825,73.685,9.467,16.848
14168719,06/12/2025,South Shields,Kidderminster,1.01879,1.71884,1.19735,1.69422,25.214,48.549,26.237
15184997,18/12/2025,South Shields,Peterborough,2.23383,0.54516,1.75099,0.64266,67.094,10.805,22.101
14168745,26/12/2025,South Shields,Spennymoor,2.67943,0.2095,2.61564,0.54816,85.612,3.281,11.107
14168791,17/01/2026,South Shields,Leamington,2.15716,0.54013,1.16261,0.28993,61.815,7.914,30.271
15322118,20/01/2026,South Shields,Southport,2.10586,0.67195,1.9652,0.97442,62.789,14.992,22.219
14168876,21/02/2026,South Shields,Telford,2.12886,0.68001,2.61058,1.47956,64.591,16.296,19.113
14168885,24/02/2026,South Shields,Worksop,2.66409,0.22395,2.86069,0.83857,85.071,3.733,11.196
15473420,03/03/2026,South Shields,Fylde,1.74726,0.99417,1.59987,1.09715,49.623,24.52,25.857
14168947,21/03/2026,South Shields,Merthyr,0.83107,1.95196,1.99585,2.79358,20.47,57.833,21.697
14168480,09/08/2025,South Shields,Marine,0.933,1.81971,1.25299,1.88698,22.857,52.414,24.729
14168514,23/08/2025,South Shields,Chester,2.35137,0.41958,1.60903,0.51189,70.744,6.351,22.905
14168536,30/08/2025,South Shields,Buxton,2.42925,0.39873,2.4931,1.00718,75.241,7.557,17.202
14168551,02/09/2025,South Shields,Radcliffe,1.19222,1.57475,2.21021,2.48813,31.973,44.724,23.303
14168588,04/10/2025,South Shields,Chorley,2.576,0.2855,2.21351,0.62295,81.25,4.9,13.85
14168610,18/10/2025,South Shields,Hereford,1.30236,1.39983,1.17554,1.20465,33.485,36.734,29.781
14168623,21/10/2025,South Shields,Scarborough,2.11756,0.64393,2.28524,1.27896,62.635,13.514,23.851
14936374,18/11/2025,South Shields,Oxford,2.37903,0.45249,2.42583,0.97825,73.685,9.467,16.848
14168719,06/12/2025,South Shields,Kidderminster,1.01879,1.71884,1.19735,1.69422,25.214,48.549,26.237
15184997,18/12/2025,South Shields,Peterborough,2.23383,0.54516,1.75099,0.64266,67.094,10.805,22.101
14168745,26/12/2025,South Shields,Spennymoor,2.67943,0.2095,2.61564,0.54816,85.612,3.281,11.107
14168791,17/01/2026,South Shields,Leamington,2.15716,0.54013,1.16261,0.28993,61.815,7.914,30.271
15322118,20/01/2026,South Shields,Southport,2.10586,0.67195,1.9652,0.97442,62.789,14.992,22.219
14168876,21/02/2026,South Shields,Telford,2.12886,0.68001,2.61058,1.47956,64.591,16.296,19.113
14168885,24/02/2026,South Shields,Worksop,2.66409,0.22395,2.86069,0.83857,85.071,3.733,11.196
15473420,03/03/2026,South Shields,Fylde,1.74726,0.99417,1.59987,1.09715,49.623,24.52,25.857
14168947,21/03/2026,South Shields,Merthyr,0.83107,1.95196,1.99585,2.79358,20.47,57.833,21.697
14168960,28/03/2026,South Shields,Alfreton,2.71195,0.17563,2.27666,0.34479,86.651,2.107,11.242
14168495,09/08/2025,Spennymoor,Hereford,1.71878,0.92168,0.94452,0.5142,45.308,18.738,35.954
14168495,09/08/2025,Spennymoor,Hereford,1.71878,0.92168,0.94452,0.5142,45.308,18.738,35.954
14168503,19/08/2025,Spennymoor,King's Lynn,0.20049,2.68971,0.55265,2.66805,3.023,85.997,10.98
14168495,09/08/2025,Spennymoor,Hereford,1.71878,0.92168,0.94452,0.5142,45.308,18.738,35.954
14168503,19/08/2025,Spennymoor,King's Lynn,0.20049,2.68971,0.55265,2.66805,3.023,85.997,10.98
14168528,25/08/2025,Spennymoor,Macclesfield,2.21916,0.39042,0.83264,0.0,60.958,0.0,39.042
14168495,09/08/2025,Spennymoor,Hereford,1.71878,0.92168,0.94452,0.5142,45.308,18.738,35.954
14168503,19/08/2025,Spennymoor,King's Lynn,0.20049,2.68971,0.55265,2.66805,3.023,85.997,10.98
14168528,25/08/2025,Spennymoor,Macclesfield,2.21916,0.39042,0.83264,0.0,60.958,0.0,39.042
14168565,06/08/2025,Spennymoor,Leamington,2.26524,0.52215,2.29774,1.14109,68.421,10.318,21.261
14168495,09/08/2025,Spennymoor,Hereford,1.71878,0.92168,0.94452,0.5142,45.308,18.738,35.954
14168503,19/08/2025,Spennymoor,King's Lynn,0.20049,2.68971,0.55265,2.66805,3.023,85.997,10.98
14168528,25/08/2025,Spennymoor,Macclesfield,2.21916,0.39042,0.83264,0.0,60.958,0.0,39.042
14168565,06/08/2025,Spennymoor,Leamington,2.26524,0.52215,2.29774,1.14109,68.421,10.318,21.261
14168592,04/10/2025,Spennymoor,Southport,2.90726,0.0557,3.16804,0.27893,95.674,0.622,3.704
14168495,09/08/2025,Spennymoor,Hereford,1.71878,0.92168,0.94452,0.5142,45.308,18.738,35.954
14168503,19/08/2025,Spennymoor,King's Lynn,0.20049,2.68971,0.55265,2.66805,3.023,85.997,10.98
14168528,25/08/2025,Spennymoor,Macclesfield,2.21916,0.39042,0.83264,0.0,60.958,0.0,39.042
14168565,06/08/2025,Spennymoor,Leamington,2.26524,0.52215,2.29774,1.14109,68.421,10.318,21.261
14168592,04/10/2025,Spennymoor,Southport,2.90726,0.0557,3.16804,0.27893,95.674,0.622,3.704
14168614,18/10/2025,Spennymoor,Merthyr,1.77686,1.03094,3.42159,2.76257,52.822,27.958,19.22
14168495,09/08/2025,Spennymoor,Hereford,1.71878,0.92168,0.94452,0.5142,45.308,18.738,35.954
14168503,19/08/2025,Spennymoor,King's Lynn,0.20049,2.68971,0.55265,2.66805,3.023,85.997,10.98
14168528,25/08/2025,Spennymoor,Macclesfield,2.21916,0.39042,0.83264,0.0,60.958,0.0,39.042
14168565,06/08/2025,Spennymoor,Leamington,2.26524,0.52215,2.29774,1.14109,68.421,10.318,21.261
14168592,04/10/2025,Spennymoor,Southport,2.90726,0.0557,3.16804,0.27893,95.674,0.622,3.704
14168614,18/10/2025,Spennymoor,Merthyr,1.77686,1.03094,3.42159,2.76257,52.822,27.958,19.22
14168624,21/10/2025,Spennymoor,Fylde,0.32563,2.45425,0.1738,1.36297,3.517,74.471,22.012
14168495,09/08/2025,Spennymoor,Hereford,1.71878,0.92168,0.94452,0.5142,45.308,18.738,35.954
14168503,19/08/2025,Spennymoor,King's Lynn,0.20049,2.68971,0.55265,2.66805,3.023,85.997,10.98
14168528,25/08/2025,Spennymoor,Macclesfield,2.21916,0.39042,0.83264,0.0,60.958,0.0,39.042
14168565,06/08/2025,Spennymoor,Leamington,2.26524,0.52215,2.29774,1.14109,68.421,10.318,21.261
14168592,04/10/2025,Spennymoor,Southport,2.90726,0.0557,3.16804,0.27893,95.674,0.622,3.704
14168614,18/10/2025,Spennymoor,Merthyr,1.77686,1.03094,3.42159,2.76257,52.822,27.958,19.22
14168624,21/10/2025,Spennymoor,Fylde,0.32563,2.45425,0.1738,1.36297,3.517,74.471,22.012
14168672,08/11/2025,Spennymoor,Peterborough,2.70958,0.18472,2.29848,0.36915,86.796,2.634,10.57
14168495,09/08/2025,Spennymoor,Hereford,1.71878,0.92168,0.94452,0.5142,45.308,18.738,35.954
14168503,19/08/2025,Spennymoor,King's Lynn,0.20049,2.68971,0.55265,2.66805,3.023,85.997,10.98
14168528,25/08/2025,Spennymoor,Macclesfield,2.21916,0.39042,0.83264,0.0,60.958,0.0,39.042
14168565,06/08/2025,Spennymoor,Leamington,2.26524,0.52215,2.29774,1.14109,68.421,10.318,21.261
14168592,04/10/2025,Spennymoor,Southport,2.90726,0.0557,3.16804,0.27893,95.674,0.622,3.704
14168614,18/10/2025,Spennymoor,Merthyr,1.77686,1.03094,3.42159,2.76257,52.822,27.958,19.22
14168624,21/10/2025,Spennymoor,Fylde,0.32563,2.45425,0.1738,1.36297,3.517,74.471,22.012
14168672,08/11/2025,Spennymoor,Peterborough,2.70958,0.18472,2.29848,0.36915,86.796,2.634,10.57
15141451,13/12/2025,Spennymoor,Buxton,2.56009,0.2911,2.09965,0.53892,80.376,4.743,14.881
14168495,09/08/2025,Spennymoor,Hereford,1.71878,0.92168,0.94452,0.5142,45.308,18.738,35.954
14168503,19/08/2025,Spennymoor,King's Lynn,0.20049,2.68971,0.55265,2.66805,3.023,85.997,10.98
14168528,25/08/2025,Spennymoor,Macclesfield,2.21916,0.39042,0.83264,0.0,60.958,0.0,39.042
14168565,06/08/2025,Spennymoor,Leamington,2.26524,0.52215,2.29774,1.14109,68.421,10.318,21.261
14168592,04/10/2025,Spennymoor,Southport,2.90726,0.0557,3.16804,0.27893,95.674,0.622,3.704
14168614,18/10/2025,Spennymoor,Merthyr,1.77686,1.03094,3.42159,2.76257,52.822,27.958,19.22
14168624,21/10/2025,Spennymoor,Fylde,0.32563,2.45425,0.1738,1.36297,3.517,74.471,22.012
14168672,08/11/2025,Spennymoor,Peterborough,2.70958,0.18472,2.29848,0.36915,86.796,2.634,10.57
15141451,13/12/2025,Spennymoor,Buxton,2.56009,0.2911,2.09965,0.53892,80.376,4.743,14.881
14168733,20/12/2025,Spennymoor,Oxford,1.37793,1.29561,1.00029,0.94414,35.049,32.305,32.646
14168495,09/08/2025,Spennymoor,Hereford,1.71878,0.92168,0.94452,0.5142,45.308,18.738,35.954
14168503,19/08/2025,Spennymoor,King's Lynn,0.20049,2.68971,0.55265,2.66805,3.023,85.997,10.98
14168528,25/08/2025,Spennymoor,Macclesfield,2.21916,0.39042,0.83264,0.0,60.958,0.0,39.042
14168565,06/08/2025,Spennymoor,Leamington,2.26524,0.52215,2.29774,1.14109,68.421,10.318,21.261
14168592,04/10/2025,Spennymoor,Southport,2.90726,0.0557,3.16804,0.27893,95.674,0.622,3.704
14168614,18/10/2025,Spennymoor,Merthyr,1.77686,1.03094,3.42159,2.76257,52.822,27.958,19.22
14168624,21/10/2025,Spennymoor,Fylde,0.32563,2.45425,0.1738,1.36297,3.517,74.471,22.012
14168672,08/11/2025,Spennymoor,Peterborough,2.70958,0.18472,2.29848,0.36915,86.796,2.634,10.57
15141451,13/12/2025,Spennymoor,Buxton,2.56009,0.2911,2.09965,0.53892,80.376,4.743,14.881
14168733,20/12/2025,Spennymoor,Oxford,1.37793,1.29561,1.00029,0.94414,35.049,32.305,32.646
14168760,30/12/2025,Spennymoor,Scarborough,2.24211,0.48213,1.30314,0.2668,65.545,6.879,27.576
14168495,09/08/2025,Spennymoor,Hereford,1.71878,0.92168,0.94452,0.5142,45.308,18.738,35.954
14168503,19/08/2025,Spennymoor,King's Lynn,0.20049,2.68971,0.55265,2.66805,3.023,85.997,10.98
14168528,25/08/2025,Spennymoor,Macclesfield,2.21916,0.39042,0.83264,0.0,60.958,0.0,39.042
14168565,06/08/2025,Spennymoor,Leamington,2.26524,0.52215,2.29774,1.14109,68.421,10.318,21.261
14168592,04/10/2025,Spennymoor,Southport,2.90726,0.0557,3.16804,0.27893,95.674,0.622,3.704
14168614,18/10/2025,Spennymoor,Merthyr,1.77686,1.03094,3.42159,2.76257,52.822,27.958,19.22
14168624,21/10/2025,Spennymoor,Fylde,0.32563,2.45425,0.1738,1.36297,3.517,74.471,22.012
14168672,08/11/2025,Spennymoor,Peterborough,2.70958,0.18472,2.29848,0.36915,86.796,2.634,10.57
15141451,13/12/2025,Spennymoor,Buxton,2.56009,0.2911,2.09965,0.53892,80.376,4.743,14.881
14168733,20/12/2025,Spennymoor,Oxford,1.37793,1.29561,1.00029,0.94414,35.049,32.305,32.646
14168760,30/12/2025,Spennymoor,Scarborough,2.24211,0.48213,1.30314,0.2668,65.545,6.879,27.576
14168790,17/01/2026,Spennymoor,Radcliffe,0.13756,2.7904,0.71869,3.05882,2.184,90.612,7.204
14168495,09/08/2025,Spennymoor,Hereford,1.71878,0.92168,0.94452,0.5142,45.308,18.738,35.954
14168503,19/08/2025,Spennymoor,King's Lynn,0.20049,2.68971,0.55265,2.66805,3.023,85.997,10.98
14168528,25/08/2025,Spennymoor,Macclesfield,2.21916,0.39042,0.83264,0.0,60.958,0.0,39.042
14168565,06/08/2025,Spennymoor,Leamington,2.26524,0.52215,2.29774,1.14109,68.421,10.318,21.261
14168592,04/10/2025,Spennymoor,Southport,2.90726,0.0557,3.16804,0.27893,95.674,0.622,3.704
14168614,18/10/2025,Spennymoor,Merthyr,1.77686,1.03094,3.42159,2.76257,52.822,27.958,19.22
14168624,21/10/2025,Spennymoor,Fylde,0.32563,2.45425,0.1738,1.36297,3.517,74.471,22.012
14168672,08/11/2025,Spennymoor,Peterborough,2.70958,0.18472,2.29848,0.36915,86.796,2.634,10.57
15141451,13/12/2025,Spennymoor,Buxton,2.56009,0.2911,2.09965,0.53892,80.376,4.743,14.881
14168733,20/12/2025,Spennymoor,Oxford,1.37793,1.29561,1.00029,0.94414,35.049,32.305,32.646
14168760,30/12/2025,Spennymoor,Scarborough,2.24211,0.48213,1.30314,0.2668,65.545,6.879,27.576
14168790,17/01/2026,Spennymoor,Radcliffe,0.13756,2.7904,0.71869,3.05882,2.184,90.612,7.204
15212553,20/01/2026,Spennymoor,Chester,1.07543,1.68299,1.59567,2.03701,27.795,48.047,24.158
14168495,09/08/2025,Spennymoor,Hereford,1.71878,0.92168,0.94452,0.5142,45.308,18.738,35.954
14168503,19/08/2025,Spennymoor,King's Lynn,0.20049,2.68971,0.55265,2.66805,3.023,85.997,10.98
14168528,25/08/2025,Spennymoor,Macclesfield,2.21916,0.39042,0.83264,0.0,60.958,0.0,39.042
14168565,06/08/2025,Spennymoor,Leamington,2.26524,0.52215,2.29774,1.14109,68.421,10.318,21.261
14168592,04/10/2025,Spennymoor,Southport,2.90726,0.0557,3.16804,0.27893,95.674,0.622,3.704
14168614,18/10/2025,Spennymoor,Merthyr,1.77686,1.03094,3.42159,2.76257,52.822,27.958,19.22
14168624,21/10/2025,Spennymoor,Fylde,0.32563,2.45425,0.1738,1.36297,3.517,74.471,22.012
14168672,08/11/2025,Spennymoor,Peterborough,2.70958,0.18472,2.29848,0.36915,86.796,2.634,10.57
15141451,13/12/2025,Spennymoor,Buxton,2.56009,0.2911,2.09965,0.53892,80.376,4.743,14.881
14168733,20/12/2025,Spennymoor,Oxford,1.37793,1.29561,1.00029,0.94414,35.049,32.305,32.646
14168760,30/12/2025,Spennymoor,Scarborough,2.24211,0.48213,1.30314,0.2668,65.545,6.879,27.576
14168790,17/01/2026,Spennymoor,Radcliffe,0.13756,2.7904,0.71869,3.05882,2.184,90.612,7.204
15212553,20/01/2026,Spennymoor,Chester,1.07543,1.68299,1.59567,2.03701,27.795,48.047,24.158
15341361,03/02/2026,Spennymoor,Telford,0.67425,2.04999,0.54304,1.36063,13.283,59.141,27.576
14168495,09/08/2025,Spennymoor,Hereford,1.71878,0.92168,0.94452,0.5142,45.308,18.738,35.954
14168503,19/08/2025,Spennymoor,King's Lynn,0.20049,2.68971,0.55265,2.66805,3.023,85.997,10.98
14168528,25/08/2025,Spennymoor,Macclesfield,2.21916,0.39042,0.83264,0.0,60.958,0.0,39.042
14168565,06/08/2025,Spennymoor,Leamington,2.26524,0.52215,2.29774,1.14109,68.421,10.318,21.261
14168592,04/10/2025,Spennymoor,Southport,2.90726,0.0557,3.16804,0.27893,95.674,0.622,3.704
14168614,18/10/2025,Spennymoor,Merthyr,1.77686,1.03094,3.42159,2.76257,52.822,27.958,19.22
14168624,21/10/2025,Spennymoor,Fylde,0.32563,2.45425,0.1738,1.36297,3.517,74.471,22.012
14168672,08/11/2025,Spennymoor,Peterborough,2.70958,0.18472,2.29848,0.36915,86.796,2.634,10.57
15141451,13/12/2025,Spennymoor,Buxton,2.56009,0.2911,2.09965,0.53892,80.376,4.743,14.881
14168733,20/12/2025,Spennymoor,Oxford,1.37793,1.29561,1.00029,0.94414,35.049,32.305,32.646
14168760,30/12/2025,Spennymoor,Scarborough,2.24211,0.48213,1.30314,0.2668,65.545,6.879,27.576
14168790,17/01/2026,Spennymoor,Radcliffe,0.13756,2.7904,0.71869,3.05882,2.184,90.612,7.204
15212553,20/01/2026,Spennymoor,Chester,1.07543,1.68299,1.59567,2.03701,27.795,48.047,24.158
15341361,03/02/2026,Spennymoor,Telford,0.67425,2.04999,0.54304,1.36063,13.283,59.141,27.576
14168877,21/02/2026,Spennymoor,Darlington,0.34119,2.51658,0.9877,2.72834,6.632,79.145,14.223
14168495,09/08/2025,Spennymoor,Hereford,1.71878,0.92168,0.94452,0.5142,45.308,18.738,35.954
14168503,19/08/2025,Spennymoor,King's Lynn,0.20049,2.68971,0.55265,2.66805,3.023,85.997,10.98
14168528,25/08/2025,Spennymoor,Macclesfield,2.21916,0.39042,0.83264,0.0,60.958,0.0,39.042
14168565,06/08/2025,Spennymoor,Leamington,2.26524,0.52215,2.29774,1.14109,68.421,10.318,21.261
14168592,04/10/2025,Spennymoor,Southport,2.90726,0.0557,3.16804,0.27893,95.674,0.622,3.704
14168614,18/10/2025,Spennymoor,Merthyr,1.77686,1.03094,3.42159,2.76257,52.822,27.958,19.22
14168624,21/10/2025,Spennymoor,Fylde,0.32563,2.45425,0.1738,1.36297,3.517,74.471,22.012
14168672,08/11/2025,Spennymoor,Peterborough,2.70958,0.18472,2.29848,0.36915,86.796,2.634,10.57
15141451,13/12/2025,Spennymoor,Buxton,2.56009,0.2911,2.09965,0.53892,80.376,4.743,14.881
14168733,20/12/2025,Spennymoor,Oxford,1.37793,1.29561,1.00029,0.94414,35.049,32.305,32.646
14168760,30/12/2025,Spennymoor,Scarborough,2.24211,0.48213,1.30314,0.2668,65.545,6.879,27.576
14168790,17/01/2026,Spennymoor,Radcliffe,0.13756,2.7904,0.71869,3.05882,2.184,90.612,7.204
15212553,20/01/2026,Spennymoor,Chester,1.07543,1.68299,1.59567,2.03701,27.795,48.047,24.158
15341361,03/02/2026,Spennymoor,Telford,0.67425,2.04999,0.54304,1.36063,13.283,59.141,27.576
14168877,21/02/2026,Spennymoor,Darlington,0.34119,2.51658,0.9877,2.72834,6.632,79.145,14.223
14168890,24/02/2026,Spennymoor,Chorley,2.36109,0.44631,1.98922,0.74963,72.283,8.457,19.26
14168495,09/08/2025,Spennymoor,Hereford,1.71878,0.92168,0.94452,0.5142,45.308,18.738,35.954
14168503,19/08/2025,Spennymoor,King's Lynn,0.20049,2.68971,0.55265,2.66805,3.023,85.997,10.98
14168528,25/08/2025,Spennymoor,Macclesfield,2.21916,0.39042,0.83264,0.0,60.958,0.0,39.042
14168565,06/08/2025,Spennymoor,Leamington,2.26524,0.52215,2.29774,1.14109,68.421,10.318,21.261
14168592,04/10/2025,Spennymoor,Southport,2.90726,0.0557,3.16804,0.27893,95.674,0.622,3.704
14168614,18/10/2025,Spennymoor,Merthyr,1.77686,1.03094,3.42159,2.76257,52.822,27.958,19.22
14168624,21/10/2025,Spennymoor,Fylde,0.32563,2.45425,0.1738,1.36297,3.517,74.471,22.012
14168672,08/11/2025,Spennymoor,Peterborough,2.70958,0.18472,2.29848,0.36915,86.796,2.634,10.57
15141451,13/12/2025,Spennymoor,Buxton,2.56009,0.2911,2.09965,0.53892,80.376,4.743,14.881
14168733,20/12/2025,Spennymoor,Oxford,1.37793,1.29561,1.00029,0.94414,35.049,32.305,32.646
14168760,30/12/2025,Spennymoor,Scarborough,2.24211,0.48213,1.30314,0.2668,65.545,6.879,27.576
14168790,17/01/2026,Spennymoor,Radcliffe,0.13756,2.7904,0.71869,3.05882,2.184,90.612,7.204
15212553,20/01/2026,Spennymoor,Chester,1.07543,1.68299,1.59567,2.03701,27.795,48.047,24.158
15341361,03/02/2026,Spennymoor,Telford,0.67425,2.04999,0.54304,1.36063,13.283,59.141,27.576
14168877,21/02/2026,Spennymoor,Darlington,0.34119,2.51658,0.9877,2.72834,6.632,79.145,14.223
14168890,24/02/2026,Spennymoor,Chorley,2.36109,0.44631,1.98922,0.74963,72.283,8.457,19.26
14168912,07/03/2026,Spennymoor,Bedford,2.41151,0.41606,2.15045,0.69736,74.636,8.121,17.243
14168495,09/08/2025,Spennymoor,Hereford,1.71878,0.92168,0.94452,0.5142,45.308,18.738,35.954
14168503,19/08/2025,Spennymoor,King's Lynn,0.20049,2.68971,0.55265,2.66805,3.023,85.997,10.98
14168528,25/08/2025,Spennymoor,Macclesfield,2.21916,0.39042,0.83264,0.0,60.958,0.0,39.042
14168565,06/08/2025,Spennymoor,Leamington,2.26524,0.52215,2.29774,1.14109,68.421,10.318,21.261
14168592,04/10/2025,Spennymoor,Southport,2.90726,0.0557,3.16804,0.27893,95.674,0.622,3.704
14168614,18/10/2025,Spennymoor,Merthyr,1.77686,1.03094,3.42159,2.76257,52.822,27.958,19.22
14168624,21/10/2025,Spennymoor,Fylde,0.32563,2.45425,0.1738,1.36297,3.517,74.471,22.012
14168672,08/11/2025,Spennymoor,Peterborough,2.70958,0.18472,2.29848,0.36915,86.796,2.634,10.57
15141451,13/12/2025,Spennymoor,Buxton,2.56009,0.2911,2.09965,0.53892,80.376,4.743,14.881
14168733,20/12/2025,Spennymoor,Oxford,1.37793,1.29561,1.00029,0.94414,35.049,32.305,32.646
14168760,30/12/2025,Spennymoor,Scarborough,2.24211,0.48213,1.30314,0.2668,65.545,6.879,27.576
14168790,17/01/2026,Spennymoor,Radcliffe,0.13756,2.7904,0.71869,3.05882,2.184,90.612,7.204
15212553,20/01/2026,Spennymoor,Chester,1.07543,1.68299,1.59567,2.03701,27.795,48.047,24.158
15341361,03/02/2026,Spennymoor,Telford,0.67425,2.04999,0.54304,1.36063,13.283,59.141,27.576
14168877,21/02/2026,Spennymoor,Darlington,0.34119,2.51658,0.9877,2.72834,6.632,79.145,14.223
14168890,24/02/2026,Spennymoor,Chorley,2.36109,0.44631,1.98922,0.74963,72.283,8.457,19.26
14168912,07/03/2026,Spennymoor,Bedford,2.41151,0.41606,2.15045,0.69736,74.636,8.121,17.243
15447033,17/03/2026,Spennymoor,Curzon Ashton,2.78105,0.15242,3.83987,0.98577,90.484,2.863,6.653
14168495,09/08/2025,Spennymoor,Hereford,1.71878,0.92168,0.94452,0.5142,45.308,18.738,35.954
14168503,19/08/2025,Spennymoor,King's Lynn,0.20049,2.68971,0.55265,2.66805,3.023,85.997,10.98
14168528,25/08/2025,Spennymoor,Macclesfield,2.21916,0.39042,0.83264,0.0,60.958,0.0,39.042
14168565,06/08/2025,Spennymoor,Leamington,2.26524,0.52215,2.29774,1.14109,68.421,10.318,21.261
14168592,04/10/2025,Spennymoor,Southport,2.90726,0.0557,3.16804,0.27893,95.674,0.622,3.704
14168614,18/10/2025,Spennymoor,Merthyr,1.77686,1.03094,3.42159,2.76257,52.822,27.958,19.22
14168624,21/10/2025,Spennymoor,Fylde,0.32563,2.45425,0.1738,1.36297,3.517,74.471,22.012
14168672,08/11/2025,Spennymoor,Peterborough,2.70958,0.18472,2.29848,0.36915,86.796,2.634,10.57
15141451,13/12/2025,Spennymoor,Buxton,2.56009,0.2911,2.09965,0.53892,80.376,4.743,14.881
14168733,20/12/2025,Spennymoor,Oxford,1.37793,1.29561,1.00029,0.94414,35.049,32.305,32.646
14168760,30/12/2025,Spennymoor,Scarborough,2.24211,0.48213,1.30314,0.2668,65.545,6.879,27.576
14168790,17/01/2026,Spennymoor,Radcliffe,0.13756,2.7904,0.71869,3.05882,2.184,90.612,7.204
15212553,20/01/2026,Spennymoor,Chester,1.07543,1.68299,1.59567,2.03701,27.795,48.047,24.158
15341361,03/02/2026,Spennymoor,Telford,0.67425,2.04999,0.54304,1.36063,13.283,59.141,27.576
14168877,21/02/2026,Spennymoor,Darlington,0.34119,2.51658,0.9877,2.72834,6.632,79.145,14.223
14168890,24/02/2026,Spennymoor,Chorley,2.36109,0.44631,1.98922,0.74963,72.283,8.457,19.26
14168912,07/03/2026,Spennymoor,Bedford,2.41151,0.41606,2.15045,0.69736,74.636,8.121,17.243
15447033,17/03/2026,Spennymoor,Curzon Ashton,2.78105,0.15242,3.83987,0.98577,90.484,2.863,6.653
14168949,21/03/2026,Spennymoor,Alfreton,1.77716,0.85691,0.92888,0.45491,47.041,16.366,36.593
14168495,09/08/2025,Spennymoor,Hereford,1.71878,0.92168,0.94452,0.5142,45.308,18.738,35.954
14168503,19/08/2025,Spennymoor,King's Lynn,0.20049,2.68971,0.55265,2.66805,3.023,85.997,10.98
14168528,25/08/2025,Spennymoor,Macclesfield,2.21916,0.39042,0.83264,0.0,60.958,0.0,39.042
14168565,06/08/2025,Spennymoor,Leamington,2.26524,0.52215,2.29774,1.14109,68.421,10.318,21.261
14168592,04/10/2025,Spennymoor,Southport,2.90726,0.0557,3.16804,0.27893,95.674,0.622,3.704
14168614,18/10/2025,Spennymoor,Merthyr,1.77686,1.03094,3.42159,2.76257,52.822,27.958,19.22
14168624,21/10/2025,Spennymoor,Fylde,0.32563,2.45425,0.1738,1.36297,3.517,74.471,22.012
14168672,08/11/2025,Spennymoor,Peterborough,2.70958,0.18472,2.29848,0.36915,86.796,2.634,10.57
15141451,13/12/2025,Spennymoor,Buxton,2.56009,0.2911,2.09965,0.53892,80.376,4.743,14.881
14168733,20/12/2025,Spennymoor,Oxford,1.37793,1.29561,1.00029,0.94414,35.049,32.305,32.646
14168760,30/12/2025,Spennymoor,Scarborough,2.24211,0.48213,1.30314,0.2668,65.545,6.879,27.576
14168790,17/01/2026,Spennymoor,Radcliffe,0.13756,2.7904,0.71869,3.05882,2.184,90.612,7.204
15212553,20/01/2026,Spennymoor,Chester,1.07543,1.68299,1.59567,2.03701,27.795,48.047,24.158
15341361,03/02/2026,Spennymoor,Telford,0.67425,2.04999,0.54304,1.36063,13.283,59.141,27.576
14168877,21/02/2026,Spennymoor,Darlington,0.34119,2.51658,0.9877,2.72834,6.632,79.145,14.223
14168890,24/02/2026,Spennymoor,Chorley,2.36109,0.44631,1.98922,0.74963,72.283,8.457,19.26
14168912,07/03/2026,Spennymoor,Bedford,2.41151,0.41606,2.15045,0.69736,74.636,8.121,17.243
15447033,17/03/2026,Spennymoor,Curzon Ashton,2.78105,0.15242,3.83987,0.98577,90.484,2.863,6.653
14168949,21/03/2026,Spennymoor,Alfreton,1.77716,0.85691,0.92888,0.45491,47.041,16.366,36.593
15519410,31/03/2026,Spennymoor,Kidderminster,1.84895,0.89489,1.80259,1.20722,53.093,21.291,25.616
14168478,16/08/2025,Telford,Curzon Ashton,1.16458,1.49173,0.75625,0.91467,27.363,38.268,34.369
14168478,16/08/2025,Telford,Curzon Ashton,1.16458,1.49173,0.75625,0.91467,27.363,38.268,34.369
14168511,23/08/2025,Telford,Buxton,1.37138,1.32089,1.12119,1.06965,35.455,33.772,30.773
14168478,16/08/2025,Telford,Curzon Ashton,1.16458,1.49173,0.75625,0.91467,27.363,38.268,34.369
14168511,23/08/2025,Telford,Buxton,1.37138,1.32089,1.12119,1.06965,35.455,33.772,30.773
14168530,30/08/2025,Telford,Spennymoor,2.62828,0.23515,2.04728,0.32456,83.057,3.286,13.657
14168478,16/08/2025,Telford,Curzon Ashton,1.16458,1.49173,0.75625,0.91467,27.363,38.268,34.369
14168511,23/08/2025,Telford,Buxton,1.37138,1.32089,1.12119,1.06965,35.455,33.772,30.773
14168530,30/08/2025,Telford,Spennymoor,2.62828,0.23515,2.04728,0.32456,83.057,3.286,13.657
14168546,02/09/2025,Telford,Peterborough,2.46804,0.37509,2.76183,1.12807,77.039,7.274,15.687
14168478,16/08/2025,Telford,Curzon Ashton,1.16458,1.49173,0.75625,0.91467,27.363,38.268,34.369
14168511,23/08/2025,Telford,Buxton,1.37138,1.32089,1.12119,1.06965,35.455,33.772,30.773
14168530,30/08/2025,Telford,Spennymoor,2.62828,0.23515,2.04728,0.32456,83.057,3.286,13.657
14168546,02/09/2025,Telford,Peterborough,2.46804,0.37509,2.76183,1.12807,77.039,7.274,15.687
14168576,04/10/2025,Telford,Fylde,0.80609,1.91585,0.73912,1.42222,17.601,54.593,27.806
14168478,16/08/2025,Telford,Curzon Ashton,1.16458,1.49173,0.75625,0.91467,27.363,38.268,34.369
14168511,23/08/2025,Telford,Buxton,1.37138,1.32089,1.12119,1.06965,35.455,33.772,30.773
14168530,30/08/2025,Telford,Spennymoor,2.62828,0.23515,2.04728,0.32456,83.057,3.286,13.657
14168546,02/09/2025,Telford,Peterborough,2.46804,0.37509,2.76183,1.12807,77.039,7.274,15.687
14168576,04/10/2025,Telford,Fylde,0.80609,1.91585,0.73912,1.42222,17.601,54.593,27.806
14168601,18/10/2025,Telford,Scarborough,1.11037,1.56409,1.08597,1.26185,26.161,41.285,32.554
14168478,16/08/2025,Telford,Curzon Ashton,1.16458,1.49173,0.75625,0.91467,27.363,38.268,34.369
14168511,23/08/2025,Telford,Buxton,1.37138,1.32089,1.12119,1.06965,35.455,33.772,30.773
14168530,30/08/2025,Telford,Spennymoor,2.62828,0.23515,2.04728,0.32456,83.057,3.286,13.657
14168546,02/09/2025,Telford,Peterborough,2.46804,0.37509,2.76183,1.12807,77.039,7.274,15.687
14168576,04/10/2025,Telford,Fylde,0.80609,1.91585,0.73912,1.42222,17.601,54.593,27.806
14168601,18/10/2025,Telford,Scarborough,1.11037,1.56409,1.08597,1.26185,26.161,41.285,32.554
14168676,22/11/2025,Telford,South Shields,0.49656,2.33292,1.47212,2.88004,10.868,72.08,17.052
14168478,16/08/2025,Telford,Curzon Ashton,1.16458,1.49173,0.75625,0.91467,27.363,38.268,34.369
14168511,23/08/2025,Telford,Buxton,1.37138,1.32089,1.12119,1.06965,35.455,33.772,30.773
14168530,30/08/2025,Telford,Spennymoor,2.62828,0.23515,2.04728,0.32456,83.057,3.286,13.657
14168546,02/09/2025,Telford,Peterborough,2.46804,0.37509,2.76183,1.12807,77.039,7.274,15.687
14168576,04/10/2025,Telford,Fylde,0.80609,1.91585,0.73912,1.42222,17.601,54.593,27.806
14168601,18/10/2025,Telford,Scarborough,1.11037,1.56409,1.08597,1.26185,26.161,41.285,32.554
14168676,22/11/2025,Telford,South Shields,0.49656,2.33292,1.47212,2.88004,10.868,72.08,17.052
14168688,25/11/2025,Telford,Oxford,2.54029,0.30259,2.18545,0.51144,79.439,4.849,15.712
14168478,16/08/2025,Telford,Curzon Ashton,1.16458,1.49173,0.75625,0.91467,27.363,38.268,34.369
14168511,23/08/2025,Telford,Buxton,1.37138,1.32089,1.12119,1.06965,35.455,33.772,30.773
14168530,30/08/2025,Telford,Spennymoor,2.62828,0.23515,2.04728,0.32456,83.057,3.286,13.657
14168546,02/09/2025,Telford,Peterborough,2.46804,0.37509,2.76183,1.12807,77.039,7.274,15.687
14168576,04/10/2025,Telford,Fylde,0.80609,1.91585,0.73912,1.42222,17.601,54.593,27.806
14168601,18/10/2025,Telford,Scarborough,1.11037,1.56409,1.08597,1.26185,26.161,41.285,32.554
14168676,22/11/2025,Telford,South Shields,0.49656,2.33292,1.47212,2.88004,10.868,72.08,17.052
14168688,25/11/2025,Telford,Oxford,2.54029,0.30259,2.18545,0.51144,79.439,4.849,15.712
14168712,06/12/2025,Telford,Southport,2.51049,0.33594,2.31847,0.8373,78.564,6.079,15.357
14168478,16/08/2025,Telford,Curzon Ashton,1.16458,1.49173,0.75625,0.91467,27.363,38.268,34.369
14168511,23/08/2025,Telford,Buxton,1.37138,1.32089,1.12119,1.06965,35.455,33.772,30.773
14168530,30/08/2025,Telford,Spennymoor,2.62828,0.23515,2.04728,0.32456,83.057,3.286,13.657
14168546,02/09/2025,Telford,Peterborough,2.46804,0.37509,2.76183,1.12807,77.039,7.274,15.687
14168576,04/10/2025,Telford,Fylde,0.80609,1.91585,0.73912,1.42222,17.601,54.593,27.806
14168601,18/10/2025,Telford,Scarborough,1.11037,1.56409,1.08597,1.26185,26.161,41.285,32.554
14168676,22/11/2025,Telford,South Shields,0.49656,2.33292,1.47212,2.88004,10.868,72.08,17.052
14168688,25/11/2025,Telford,Oxford,2.54029,0.30259,2.18545,0.51144,79.439,4.849,15.712
14168712,06/12/2025,Telford,Southport,2.51049,0.33594,2.31847,0.8373,78.564,6.079,15.357
14168735,26/12/2025,Telford,Chester,1.46153,1.2515,1.42078,1.2985,39.152,32.151,28.697
14168478,16/08/2025,Telford,Curzon Ashton,1.16458,1.49173,0.75625,0.91467,27.363,38.268,34.369
14168511,23/08/2025,Telford,Buxton,1.37138,1.32089,1.12119,1.06965,35.455,33.772,30.773
14168530,30/08/2025,Telford,Spennymoor,2.62828,0.23515,2.04728,0.32456,83.057,3.286,13.657
14168546,02/09/2025,Telford,Peterborough,2.46804,0.37509,2.76183,1.12807,77.039,7.274,15.687
14168576,04/10/2025,Telford,Fylde,0.80609,1.91585,0.73912,1.42222,17.601,54.593,27.806
14168601,18/10/2025,Telford,Scarborough,1.11037,1.56409,1.08597,1.26185,26.161,41.285,32.554
14168676,22/11/2025,Telford,South Shields,0.49656,2.33292,1.47212,2.88004,10.868,72.08,17.052
14168688,25/11/2025,Telford,Oxford,2.54029,0.30259,2.18545,0.51144,79.439,4.849,15.712
14168712,06/12/2025,Telford,Southport,2.51049,0.33594,2.31847,0.8373,78.564,6.079,15.357
14168735,26/12/2025,Telford,Chester,1.46153,1.2515,1.42078,1.2985,39.152,32.151,28.697
14168795,24/01/2026,Telford,King's Lynn,2.41148,0.41609,2.17839,0.80009,74.635,8.122,17.243
14168478,16/08/2025,Telford,Curzon Ashton,1.16458,1.49173,0.75625,0.91467,27.363,38.268,34.369
14168511,23/08/2025,Telford,Buxton,1.37138,1.32089,1.12119,1.06965,35.455,33.772,30.773
14168530,30/08/2025,Telford,Spennymoor,2.62828,0.23515,2.04728,0.32456,83.057,3.286,13.657
14168546,02/09/2025,Telford,Peterborough,2.46804,0.37509,2.76183,1.12807,77.039,7.274,15.687
14168576,04/10/2025,Telford,Fylde,0.80609,1.91585,0.73912,1.42222,17.601,54.593,27.806
14168601,18/10/2025,Telford,Scarborough,1.11037,1.56409,1.08597,1.26185,26.161,41.285,32.554
14168676,22/11/2025,Telford,South Shields,0.49656,2.33292,1.47212,2.88004,10.868,72.08,17.052
14168688,25/11/2025,Telford,Oxford,2.54029,0.30259,2.18545,0.51144,79.439,4.849,15.712
14168712,06/12/2025,Telford,Southport,2.51049,0.33594,2.31847,0.8373,78.564,6.079,15.357
14168735,26/12/2025,Telford,Chester,1.46153,1.2515,1.42078,1.2985,39.152,32.151,28.697
14168795,24/01/2026,Telford,King's Lynn,2.41148,0.41609,2.17839,0.80009,74.635,8.122,17.243
14168839,10/02/2026,Telford,Hereford,2.63224,0.23089,1.95623,0.35262,83.179,3.134,13.687
14168478,16/08/2025,Telford,Curzon Ashton,1.16458,1.49173,0.75625,0.91467,27.363,38.268,34.369
14168511,23/08/2025,Telford,Buxton,1.37138,1.32089,1.12119,1.06965,35.455,33.772,30.773
14168530,30/08/2025,Telford,Spennymoor,2.62828,0.23515,2.04728,0.32456,83.057,3.286,13.657
14168546,02/09/2025,Telford,Peterborough,2.46804,0.37509,2.76183,1.12807,77.039,7.274,15.687
14168576,04/10/2025,Telford,Fylde,0.80609,1.91585,0.73912,1.42222,17.601,54.593,27.806
14168601,18/10/2025,Telford,Scarborough,1.11037,1.56409,1.08597,1.26185,26.161,41.285,32.554
14168676,22/11/2025,Telford,South Shields,0.49656,2.33292,1.47212,2.88004,10.868,72.08,17.052
14168688,25/11/2025,Telford,Oxford,2.54029,0.30259,2.18545,0.51144,79.439,4.849,15.712
14168712,06/12/2025,Telford,Southport,2.51049,0.33594,2.31847,0.8373,78.564,6.079,15.357
14168735,26/12/2025,Telford,Chester,1.46153,1.2515,1.42078,1.2985,39.152,32.151,28.697
14168795,24/01/2026,Telford,King's Lynn,2.41148,0.41609,2.17839,0.80009,74.635,8.122,17.243
14168839,10/02/2026,Telford,Hereford,2.63224,0.23089,1.95623,0.35262,83.179,3.134,13.687
15452627,17/02/2026,Telford,Chorley,0.50299,2.33191,1.26248,2.70666,11.263,72.227,16.51
14168478,16/08/2025,Telford,Curzon Ashton,1.16458,1.49173,0.75625,0.91467,27.363,38.268,34.369
14168511,23/08/2025,Telford,Buxton,1.37138,1.32089,1.12119,1.06965,35.455,33.772,30.773
14168530,30/08/2025,Telford,Spennymoor,2.62828,0.23515,2.04728,0.32456,83.057,3.286,13.657
14168546,02/09/2025,Telford,Peterborough,2.46804,0.37509,2.76183,1.12807,77.039,7.274,15.687
14168576,04/10/2025,Telford,Fylde,0.80609,1.91585,0.73912,1.42222,17.601,54.593,27.806
14168601,18/10/2025,Telford,Scarborough,1.11037,1.56409,1.08597,1.26185,26.161,41.285,32.554
14168676,22/11/2025,Telford,South Shields,0.49656,2.33292,1.47212,2.88004,10.868,72.08,17.052
14168688,25/11/2025,Telford,Oxford,2.54029,0.30259,2.18545,0.51144,79.439,4.849,15.712
14168712,06/12/2025,Telford,Southport,2.51049,0.33594,2.31847,0.8373,78.564,6.079,15.357
14168735,26/12/2025,Telford,Chester,1.46153,1.2515,1.42078,1.2985,39.152,32.151,28.697
14168795,24/01/2026,Telford,King's Lynn,2.41148,0.41609,2.17839,0.80009,74.635,8.122,17.243
14168839,10/02/2026,Telford,Hereford,2.63224,0.23089,1.95623,0.35262,83.179,3.134,13.687
15452627,17/02/2026,Telford,Chorley,0.50299,2.33191,1.26248,2.70666,11.263,72.227,16.51
14168891,28/02/2026,Telford,Radcliffe,1.30404,1.40688,1.20633,1.23931,33.832,37.26,28.908
14168478,16/08/2025,Telford,Curzon Ashton,1.16458,1.49173,0.75625,0.91467,27.363,38.268,34.369
14168511,23/08/2025,Telford,Buxton,1.37138,1.32089,1.12119,1.06965,35.455,33.772,30.773
14168530,30/08/2025,Telford,Spennymoor,2.62828,0.23515,2.04728,0.32456,83.057,3.286,13.657
14168546,02/09/2025,Telford,Peterborough,2.46804,0.37509,2.76183,1.12807,77.039,7.274,15.687
14168576,04/10/2025,Telford,Fylde,0.80609,1.91585,0.73912,1.42222,17.601,54.593,27.806
14168601,18/10/2025,Telford,Scarborough,1.11037,1.56409,1.08597,1.26185,26.161,41.285,32.554
14168676,22/11/2025,Telford,South Shields,0.49656,2.33292,1.47212,2.88004,10.868,72.08,17.052
14168688,25/11/2025,Telford,Oxford,2.54029,0.30259,2.18545,0.51144,79.439,4.849,15.712
14168712,06/12/2025,Telford,Southport,2.51049,0.33594,2.31847,0.8373,78.564,6.079,15.357
14168735,26/12/2025,Telford,Chester,1.46153,1.2515,1.42078,1.2985,39.152,32.151,28.697
14168795,24/01/2026,Telford,King's Lynn,2.41148,0.41609,2.17839,0.80009,74.635,8.122,17.243
14168839,10/02/2026,Telford,Hereford,2.63224,0.23089,1.95623,0.35262,83.179,3.134,13.687
15452627,17/02/2026,Telford,Chorley,0.50299,2.33191,1.26248,2.70666,11.263,72.227,16.51
14168891,28/02/2026,Telford,Radcliffe,1.30404,1.40688,1.20633,1.23931,33.832,37.26,28.908
15447037,03/03/2026,Telford,Leamington,1.43337,1.30647,1.58475,1.48879,39.107,34.877,26.016
14168478,16/08/2025,Telford,Curzon Ashton,1.16458,1.49173,0.75625,0.91467,27.363,38.268,34.369
14168511,23/08/2025,Telford,Buxton,1.37138,1.32089,1.12119,1.06965,35.455,33.772,30.773
14168530,30/08/2025,Telford,Spennymoor,2.62828,0.23515,2.04728,0.32456,83.057,3.286,13.657
14168546,02/09/2025,Telford,Peterborough,2.46804,0.37509,2.76183,1.12807,77.039,7.274,15.687
14168576,04/10/2025,Telford,Fylde,0.80609,1.91585,0.73912,1.42222,17.601,54.593,27.806
14168601,18/10/2025,Telford,Scarborough,1.11037,1.56409,1.08597,1.26185,26.161,41.285,32.554
14168676,22/11/2025,Telford,South Shields,0.49656,2.33292,1.47212,2.88004,10.868,72.08,17.052
14168688,25/11/2025,Telford,Oxford,2.54029,0.30259,2.18545,0.51144,79.439,4.849,15.712
14168712,06/12/2025,Telford,Southport,2.51049,0.33594,2.31847,0.8373,78.564,6.079,15.357
14168735,26/12/2025,Telford,Chester,1.46153,1.2515,1.42078,1.2985,39.152,32.151,28.697
14168795,24/01/2026,Telford,King's Lynn,2.41148,0.41609,2.17839,0.80009,74.635,8.122,17.243
14168839,10/02/2026,Telford,Hereford,2.63224,0.23089,1.95623,0.35262,83.179,3.134,13.687
15452627,17/02/2026,Telford,Chorley,0.50299,2.33191,1.26248,2.70666,11.263,72.227,16.51
14168891,28/02/2026,Telford,Radcliffe,1.30404,1.40688,1.20633,1.23931,33.832,37.26,28.908
15447037,03/03/2026,Telford,Leamington,1.43337,1.30647,1.58475,1.48879,39.107,34.877,26.016
14168901,07/03/2026,Telford,Alfreton,2.48405,0.3305,1.85859,0.42583,76.62,4.835,18.545
14168478,16/08/2025,Telford,Curzon Ashton,1.16458,1.49173,0.75625,0.91467,27.363,38.268,34.369
14168511,23/08/2025,Telford,Buxton,1.37138,1.32089,1.12119,1.06965,35.455,33.772,30.773
14168530,30/08/2025,Telford,Spennymoor,2.62828,0.23515,2.04728,0.32456,83.057,3.286,13.657
14168546,02/09/2025,Telford,Peterborough,2.46804,0.37509,2.76183,1.12807,77.039,7.274,15.687
14168576,04/10/2025,Telford,Fylde,0.80609,1.91585,0.73912,1.42222,17.601,54.593,27.806
14168601,18/10/2025,Telford,Scarborough,1.11037,1.56409,1.08597,1.26185,26.161,41.285,32.554
14168676,22/11/2025,Telford,South Shields,0.49656,2.33292,1.47212,2.88004,10.868,72.08,17.052
14168688,25/11/2025,Telford,Oxford,2.54029,0.30259,2.18545,0.51144,79.439,4.849,15.712
14168712,06/12/2025,Telford,Southport,2.51049,0.33594,2.31847,0.8373,78.564,6.079,15.357
14168735,26/12/2025,Telford,Chester,1.46153,1.2515,1.42078,1.2985,39.152,32.151,28.697
14168795,24/01/2026,Telford,King's Lynn,2.41148,0.41609,2.17839,0.80009,74.635,8.122,17.243
14168839,10/02/2026,Telford,Hereford,2.63224,0.23089,1.95623,0.35262,83.179,3.134,13.687
15452627,17/02/2026,Telford,Chorley,0.50299,2.33191,1.26248,2.70666,11.263,72.227,16.51
14168891,28/02/2026,Telford,Radcliffe,1.30404,1.40688,1.20633,1.23931,33.832,37.26,28.908
15447037,03/03/2026,Telford,Leamington,1.43337,1.30647,1.58475,1.48879,39.107,34.877,26.016
14168901,07/03/2026,Telford,Alfreton,2.48405,0.3305,1.85859,0.42583,76.62,4.835,18.545
15395692,17/03/2026,Telford,Macclesfield,2.09202,0.66843,1.73687,0.87496,61.749,14.296,23.955
14168478,16/08/2025,Telford,Curzon Ashton,1.16458,1.49173,0.75625,0.91467,27.363,38.268,34.369
14168511,23/08/2025,Telford,Buxton,1.37138,1.32089,1.12119,1.06965,35.455,33.772,30.773
14168530,30/08/2025,Telford,Spennymoor,2.62828,0.23515,2.04728,0.32456,83.057,3.286,13.657
14168546,02/09/2025,Telford,Peterborough,2.46804,0.37509,2.76183,1.12807,77.039,7.274,15.687
14168576,04/10/2025,Telford,Fylde,0.80609,1.91585,0.73912,1.42222,17.601,54.593,27.806
14168601,18/10/2025,Telford,Scarborough,1.11037,1.56409,1.08597,1.26185,26.161,41.285,32.554
14168676,22/11/2025,Telford,South Shields,0.49656,2.33292,1.47212,2.88004,10.868,72.08,17.052
14168688,25/11/2025,Telford,Oxford,2.54029,0.30259,2.18545,0.51144,79.439,4.849,15.712
14168712,06/12/2025,Telford,Southport,2.51049,0.33594,2.31847,0.8373,78.564,6.079,15.357
14168735,26/12/2025,Telford,Chester,1.46153,1.2515,1.42078,1.2985,39.152,32.151,28.697
14168795,24/01/2026,Telford,King's Lynn,2.41148,0.41609,2.17839,0.80009,74.635,8.122,17.243
14168839,10/02/2026,Telford,Hereford,2.63224,0.23089,1.95623,0.35262,83.179,3.134,13.687
15452627,17/02/2026,Telford,Chorley,0.50299,2.33191,1.26248,2.70666,11.263,72.227,16.51
14168891,28/02/2026,Telford,Radcliffe,1.30404,1.40688,1.20633,1.23931,33.832,37.26,28.908
15447037,03/03/2026,Telford,Leamington,1.43337,1.30647,1.58475,1.48879,39.107,34.877,26.016
14168901,07/03/2026,Telford,Alfreton,2.48405,0.3305,1.85859,0.42583,76.62,4.835,18.545
15395692,17/03/2026,Telford,Macclesfield,2.09202,0.66843,1.73687,0.87496,61.749,14.296,23.955
14168936,21/03/2026,Telford,Marine,1.85347,0.87079,1.45885,0.814,52.591,19.835,27.574
14168478,16/08/2025,Telford,Curzon Ashton,1.16458,1.49173,0.75625,0.91467,27.363,38.268,34.369
14168511,23/08/2025,Telford,Buxton,1.37138,1.32089,1.12119,1.06965,35.455,33.772,30.773
14168530,30/08/2025,Telford,Spennymoor,2.62828,0.23515,2.04728,0.32456,83.057,3.286,13.657
14168546,02/09/2025,Telford,Peterborough,2.46804,0.37509,2.76183,1.12807,77.039,7.274,15.687
14168576,04/10/2025,Telford,Fylde,0.80609,1.91585,0.73912,1.42222,17.601,54.593,27.806
14168601,18/10/2025,Telford,Scarborough,1.11037,1.56409,1.08597,1.26185,26.161,41.285,32.554
14168676,22/11/2025,Telford,South Shields,0.49656,2.33292,1.47212,2.88004,10.868,72.08,17.052
14168688,25/11/2025,Telford,Oxford,2.54029,0.30259,2.18545,0.51144,79.439,4.849,15.712
14168712,06/12/2025,Telford,Southport,2.51049,0.33594,2.31847,0.8373,78.564,6.079,15.357
14168735,26/12/2025,Telford,Chester,1.46153,1.2515,1.42078,1.2985,39.152,32.151,28.697
14168795,24/01/2026,Telford,King's Lynn,2.41148,0.41609,2.17839,0.80009,74.635,8.122,17.243
14168839,10/02/2026,Telford,Hereford,2.63224,0.23089,1.95623,0.35262,83.179,3.134,13.687
15452627,17/02/2026,Telford,Chorley,0.50299,2.33191,1.26248,2.70666,11.263,72.227,16.51
14168891,28/02/2026,Telford,Radcliffe,1.30404,1.40688,1.20633,1.23931,33.832,37.26,28.908
15447037,03/03/2026,Telford,Leamington,1.43337,1.30647,1.58475,1.48879,39.107,34.877,26.016
14168901,07/03/2026,Telford,Alfreton,2.48405,0.3305,1.85859,0.42583,76.62,4.835,18.545
15395692,17/03/2026,Telford,Macclesfield,2.09202,0.66843,1.73687,0.87496,61.749,14.296,23.955
14168936,21/03/2026,Telford,Marine,1.85347,0.87079,1.45885,0.814,52.591,19.835,27.574
14168950,28/03/2026,Telford,Bedford,1.91319,0.84285,1.86654,1.11828,55.641,19.963,24.396
14168483,16/08/2025,Worksop,Kidderminster,0.97222,1.65178,0.53408,0.8582,19.874,42.526,37.6
14168483,16/08/2025,Worksop,Kidderminster,0.97222,1.65178,0.53408,0.8582,19.874,42.526,37.6
14168518,23/08/2025,Worksop,Southport,1.9724,0.75239,1.42948,0.72018,56.573,15.906,27.521
14168483,16/08/2025,Worksop,Kidderminster,0.97222,1.65178,0.53408,0.8582,19.874,42.526,37.6
14168518,23/08/2025,Worksop,Southport,1.9724,0.75239,1.42948,0.72018,56.573,15.906,27.521
14168539,30/08/2025,Worksop,Chester,2.3521,0.49009,2.72254,1.1317,73.143,11.076,15.781
14168483,16/08/2025,Worksop,Kidderminster,0.97222,1.65178,0.53408,0.8582,19.874,42.526,37.6
14168518,23/08/2025,Worksop,Southport,1.9724,0.75239,1.42948,0.72018,56.573,15.906,27.521
14168539,30/08/2025,Worksop,Chester,2.3521,0.49009,2.72254,1.1317,73.143,11.076,15.781
14168553,02/09/2025,Worksop,Spennymoor,2.43985,0.42028,3.16792,1.46432,76.666,9.347,13.987
14168483,16/08/2025,Worksop,Kidderminster,0.97222,1.65178,0.53408,0.8582,19.874,42.526,37.6
14168518,23/08/2025,Worksop,Southport,1.9724,0.75239,1.42948,0.72018,56.573,15.906,27.521
14168539,30/08/2025,Worksop,Chester,2.3521,0.49009,2.72254,1.1317,73.143,11.076,15.781
14168553,02/09/2025,Worksop,Spennymoor,2.43985,0.42028,3.16792,1.46432,76.666,9.347,13.987
14168587,04/10/2025,Worksop,Bedford,0.49067,2.32313,0.90389,2.11517,10.149,71.231,18.62
14168483,16/08/2025,Worksop,Kidderminster,0.97222,1.65178,0.53408,0.8582,19.874,42.526,37.6
14168518,23/08/2025,Worksop,Southport,1.9724,0.75239,1.42948,0.72018,56.573,15.906,27.521
14168539,30/08/2025,Worksop,Chester,2.3521,0.49009,2.72254,1.1317,73.143,11.076,15.781
14168553,02/09/2025,Worksop,Spennymoor,2.43985,0.42028,3.16792,1.46432,76.666,9.347,13.987
14168587,04/10/2025,Worksop,Bedford,0.49067,2.32313,0.90389,2.11517,10.149,71.231,18.62
14168612,18/10/2025,Worksop,Marine,0.95879,1.7999,1.29174,1.85766,23.916,51.953,24.131
14168483,16/08/2025,Worksop,Kidderminster,0.97222,1.65178,0.53408,0.8582,19.874,42.526,37.6
14168518,23/08/2025,Worksop,Southport,1.9724,0.75239,1.42948,0.72018,56.573,15.906,27.521
14168539,30/08/2025,Worksop,Chester,2.3521,0.49009,2.72254,1.1317,73.143,11.076,15.781
14168553,02/09/2025,Worksop,Spennymoor,2.43985,0.42028,3.16792,1.46432,76.666,9.347,13.987
14168587,04/10/2025,Worksop,Bedford,0.49067,2.32313,0.90389,2.11517,10.149,71.231,18.62
14168612,18/10/2025,Worksop,Marine,0.95879,1.7999,1.29174,1.85766,23.916,51.953,24.131
14168625,21/10/2025,Worksop,King's Lynn,2.31697,0.50323,2.53166,1.20849,71.239,10.781,17.98
14168483,16/08/2025,Worksop,Kidderminster,0.97222,1.65178,0.53408,0.8582,19.874,42.526,37.6
14168518,23/08/2025,Worksop,Southport,1.9724,0.75239,1.42948,0.72018,56.573,15.906,27.521
14168539,30/08/2025,Worksop,Chester,2.3521,0.49009,2.72254,1.1317,73.143,11.076,15.781
14168553,02/09/2025,Worksop,Spennymoor,2.43985,0.42028,3.16792,1.46432,76.666,9.347,13.987
14168587,04/10/2025,Worksop,Bedford,0.49067,2.32313,0.90389,2.11517,10.149,71.231,18.62
14168612,18/10/2025,Worksop,Marine,0.95879,1.7999,1.29174,1.85766,23.916,51.953,24.131
14168625,21/10/2025,Worksop,King's Lynn,2.31697,0.50323,2.53166,1.20849,71.239,10.781,17.98
14168651,01/11/2025,Worksop,Scarborough,1.53321,1.13307,1.04315,0.8078,39.983,26.645,33.372
14168483,16/08/2025,Worksop,Kidderminster,0.97222,1.65178,0.53408,0.8582,19.874,42.526,37.6
14168518,23/08/2025,Worksop,Southport,1.9724,0.75239,1.42948,0.72018,56.573,15.906,27.521
14168539,30/08/2025,Worksop,Chester,2.3521,0.49009,2.72254,1.1317,73.143,11.076,15.781
14168553,02/09/2025,Worksop,Spennymoor,2.43985,0.42028,3.16792,1.46432,76.666,9.347,13.987
14168587,04/10/2025,Worksop,Bedford,0.49067,2.32313,0.90389,2.11517,10.149,71.231,18.62
14168612,18/10/2025,Worksop,Marine,0.95879,1.7999,1.29174,1.85766,23.916,51.953,24.131
14168625,21/10/2025,Worksop,King's Lynn,2.31697,0.50323,2.53166,1.20849,71.239,10.781,17.98
14168651,01/11/2025,Worksop,Scarborough,1.53321,1.13307,1.04315,0.8078,39.983,26.645,33.372
14168685,22/11/2025,Worksop,Curzon Ashton,1.16926,1.50388,0.89872,1.05557,28.08,39.234,32.686
14168483,16/08/2025,Worksop,Kidderminster,0.97222,1.65178,0.53408,0.8582,19.874,42.526,37.6
14168518,23/08/2025,Worksop,Southport,1.9724,0.75239,1.42948,0.72018,56.573,15.906,27.521
14168539,30/08/2025,Worksop,Chester,2.3521,0.49009,2.72254,1.1317,73.143,11.076,15.781
14168553,02/09/2025,Worksop,Spennymoor,2.43985,0.42028,3.16792,1.46432,76.666,9.347,13.987
14168587,04/10/2025,Worksop,Bedford,0.49067,2.32313,0.90389,2.11517,10.149,71.231,18.62
14168612,18/10/2025,Worksop,Marine,0.95879,1.7999,1.29174,1.85766,23.916,51.953,24.131
14168625,21/10/2025,Worksop,King's Lynn,2.31697,0.50323,2.53166,1.20849,71.239,10.781,17.98
14168651,01/11/2025,Worksop,Scarborough,1.53321,1.13307,1.04315,0.8078,39.983,26.645,33.372
14168685,22/11/2025,Worksop,Curzon Ashton,1.16926,1.50388,0.89872,1.05557,28.08,39.234,32.686
14168697,25/11/2025,Worksop,South Shields,1.65416,1.0313,1.22894,0.83786,44.654,23.892,31.454
14168483,16/08/2025,Worksop,Kidderminster,0.97222,1.65178,0.53408,0.8582,19.874,42.526,37.6
14168518,23/08/2025,Worksop,Southport,1.9724,0.75239,1.42948,0.72018,56.573,15.906,27.521
14168539,30/08/2025,Worksop,Chester,2.3521,0.49009,2.72254,1.1317,73.143,11.076,15.781
14168553,02/09/2025,Worksop,Spennymoor,2.43985,0.42028,3.16792,1.46432,76.666,9.347,13.987
14168587,04/10/2025,Worksop,Bedford,0.49067,2.32313,0.90389,2.11517,10.149,71.231,18.62
14168612,18/10/2025,Worksop,Marine,0.95879,1.7999,1.29174,1.85766,23.916,51.953,24.131
14168625,21/10/2025,Worksop,King's Lynn,2.31697,0.50323,2.53166,1.20849,71.239,10.781,17.98
14168651,01/11/2025,Worksop,Scarborough,1.53321,1.13307,1.04315,0.8078,39.983,26.645,33.372
14168685,22/11/2025,Worksop,Curzon Ashton,1.16926,1.50388,0.89872,1.05557,28.08,39.234,32.686
14168697,25/11/2025,Worksop,South Shields,1.65416,1.0313,1.22894,0.83786,44.654,23.892,31.454
14168720,06/11/2025,Worksop,Chorley,1.42991,1.30289,1.98155,1.90465,38.757,34.523,26.72
14168483,16/08/2025,Worksop,Kidderminster,0.97222,1.65178,0.53408,0.8582,19.874,42.526,37.6
14168518,23/08/2025,Worksop,Southport,1.9724,0.75239,1.42948,0.72018,56.573,15.906,27.521
14168539,30/08/2025,Worksop,Chester,2.3521,0.49009,2.72254,1.1317,73.143,11.076,15.781
14168553,02/09/2025,Worksop,Spennymoor,2.43985,0.42028,3.16792,1.46432,76.666,9.347,13.987
14168587,04/10/2025,Worksop,Bedford,0.49067,2.32313,0.90389,2.11517,10.149,71.231,18.62
14168612,18/10/2025,Worksop,Marine,0.95879,1.7999,1.29174,1.85766,23.916,51.953,24.131
14168625,21/10/2025,Worksop,King's Lynn,2.31697,0.50323,2.53166,1.20849,71.239,10.781,17.98
14168651,01/11/2025,Worksop,Scarborough,1.53321,1.13307,1.04315,0.8078,39.983,26.645,33.372
14168685,22/11/2025,Worksop,Curzon Ashton,1.16926,1.50388,0.89872,1.05557,28.08,39.234,32.686
14168697,25/11/2025,Worksop,South Shields,1.65416,1.0313,1.22894,0.83786,44.654,23.892,31.454
14168720,06/11/2025,Worksop,Chorley,1.42991,1.30289,1.98155,1.90465,38.757,34.523,26.72
14168744,26/12/2025,Worksop,Alfreton,1.76159,0.92753,1.26268,0.86834,48.357,20.555,31.088
14168483,16/08/2025,Worksop,Kidderminster,0.97222,1.65178,0.53408,0.8582,19.874,42.526,37.6
14168518,23/08/2025,Worksop,Southport,1.9724,0.75239,1.42948,0.72018,56.573,15.906,27.521
14168539,30/08/2025,Worksop,Chester,2.3521,0.49009,2.72254,1.1317,73.143,11.076,15.781
14168553,02/09/2025,Worksop,Spennymoor,2.43985,0.42028,3.16792,1.46432,76.666,9.347,13.987
14168587,04/10/2025,Worksop,Bedford,0.49067,2.32313,0.90389,2.11517,10.149,71.231,18.62
14168612,18/10/2025,Worksop,Marine,0.95879,1.7999,1.29174,1.85766,23.916,51.953,24.131
14168625,21/10/2025,Worksop,King's Lynn,2.31697,0.50323,2.53166,1.20849,71.239,10.781,17.98
14168651,01/11/2025,Worksop,Scarborough,1.53321,1.13307,1.04315,0.8078,39.983,26.645,33.372
14168685,22/11/2025,Worksop,Curzon Ashton,1.16926,1.50388,0.89872,1.05557,28.08,39.234,32.686
14168697,25/11/2025,Worksop,South Shields,1.65416,1.0313,1.22894,0.83786,44.654,23.892,31.454
14168720,06/11/2025,Worksop,Chorley,1.42991,1.30289,1.98155,1.90465,38.757,34.523,26.72
14168744,26/12/2025,Worksop,Alfreton,1.76159,0.92753,1.26268,0.86834,48.357,20.555,31.088
14168781,10/01/2026,Worksop,Merthyr,0.65972,2.17622,2.05895,3.42385,16.522,67.072,16.406
14168483,16/08/2025,Worksop,Kidderminster,0.97222,1.65178,0.53408,0.8582,19.874,42.526,37.6
14168518,23/08/2025,Worksop,Southport,1.9724,0.75239,1.42948,0.72018,56.573,15.906,27.521
14168539,30/08/2025,Worksop,Chester,2.3521,0.49009,2.72254,1.1317,73.143,11.076,15.781
14168553,02/09/2025,Worksop,Spennymoor,2.43985,0.42028,3.16792,1.46432,76.666,9.347,13.987
14168587,04/10/2025,Worksop,Bedford,0.49067,2.32313,0.90389,2.11517,10.149,71.231,18.62
14168612,18/10/2025,Worksop,Marine,0.95879,1.7999,1.29174,1.85766,23.916,51.953,24.131
14168625,21/10/2025,Worksop,King's Lynn,2.31697,0.50323,2.53166,1.20849,71.239,10.781,17.98
14168651,01/11/2025,Worksop,Scarborough,1.53321,1.13307,1.04315,0.8078,39.983,26.645,33.372
14168685,22/11/2025,Worksop,Curzon Ashton,1.16926,1.50388,0.89872,1.05557,28.08,39.234,32.686
14168697,25/11/2025,Worksop,South Shields,1.65416,1.0313,1.22894,0.83786,44.654,23.892,31.454
14168720,06/11/2025,Worksop,Chorley,1.42991,1.30289,1.98155,1.90465,38.757,34.523,26.72
14168744,26/12/2025,Worksop,Alfreton,1.76159,0.92753,1.26268,0.86834,48.357,20.555,31.088
14168781,10/01/2026,Worksop,Merthyr,0.65972,2.17622,2.05895,3.42385,16.522,67.072,16.406
14168805,24/01/2026,Worksop,Macclesfield,0.97685,1.72463,1.08226,1.56853,22.611,47.537,29.852
14168483,16/08/2025,Worksop,Kidderminster,0.97222,1.65178,0.53408,0.8582,19.874,42.526,37.6
14168518,23/08/2025,Worksop,Southport,1.9724,0.75239,1.42948,0.72018,56.573,15.906,27.521
14168539,30/08/2025,Worksop,Chester,2.3521,0.49009,2.72254,1.1317,73.143,11.076,15.781
14168553,02/09/2025,Worksop,Spennymoor,2.43985,0.42028,3.16792,1.46432,76.666,9.347,13.987
14168587,04/10/2025,Worksop,Bedford,0.49067,2.32313,0.90389,2.11517,10.149,71.231,18.62
14168612,18/10/2025,Worksop,Marine,0.95879,1.7999,1.29174,1.85766,23.916,51.953,24.131
14168625,21/10/2025,Worksop,King's Lynn,2.31697,0.50323,2.53166,1.20849,71.239,10.781,17.98
14168651,01/11/2025,Worksop,Scarborough,1.53321,1.13307,1.04315,0.8078,39.983,26.645,33.372
14168685,22/11/2025,Worksop,Curzon Ashton,1.16926,1.50388,0.89872,1.05557,28.08,39.234,32.686
14168697,25/11/2025,Worksop,South Shields,1.65416,1.0313,1.22894,0.83786,44.654,23.892,31.454
14168720,06/11/2025,Worksop,Chorley,1.42991,1.30289,1.98155,1.90465,38.757,34.523,26.72
14168744,26/12/2025,Worksop,Alfreton,1.76159,0.92753,1.26268,0.86834,48.357,20.555,31.088
14168781,10/01/2026,Worksop,Merthyr,0.65972,2.17622,2.05895,3.42385,16.522,67.072,16.406
14168805,24/01/2026,Worksop,Macclesfield,0.97685,1.72463,1.08226,1.56853,22.611,47.537,29.852
14168817,27/01/2026,Worksop,Darlington,0.33069,2.54487,0.90323,2.87536,6.875,80.681,12.444
14168483,16/08/2025,Worksop,Kidderminster,0.97222,1.65178,0.53408,0.8582,19.874,42.526,37.6
14168518,23/08/2025,Worksop,Southport,1.9724,0.75239,1.42948,0.72018,56.573,15.906,27.521
14168539,30/08/2025,Worksop,Chester,2.3521,0.49009,2.72254,1.1317,73.143,11.076,15.781
14168553,02/09/2025,Worksop,Spennymoor,2.43985,0.42028,3.16792,1.46432,76.666,9.347,13.987
14168587,04/10/2025,Worksop,Bedford,0.49067,2.32313,0.90389,2.11517,10.149,71.231,18.62
14168612,18/10/2025,Worksop,Marine,0.95879,1.7999,1.29174,1.85766,23.916,51.953,24.131
14168625,21/10/2025,Worksop,King's Lynn,2.31697,0.50323,2.53166,1.20849,71.239,10.781,17.98
14168651,01/11/2025,Worksop,Scarborough,1.53321,1.13307,1.04315,0.8078,39.983,26.645,33.372
14168685,22/11/2025,Worksop,Curzon Ashton,1.16926,1.50388,0.89872,1.05557,28.08,39.234,32.686
14168697,25/11/2025,Worksop,South Shields,1.65416,1.0313,1.22894,0.83786,44.654,23.892,31.454
14168720,06/11/2025,Worksop,Chorley,1.42991,1.30289,1.98155,1.90465,38.757,34.523,26.72
14168744,26/12/2025,Worksop,Alfreton,1.76159,0.92753,1.26268,0.86834,48.357,20.555,31.088
14168781,10/01/2026,Worksop,Merthyr,0.65972,2.17622,2.05895,3.42385,16.522,67.072,16.406
14168805,24/01/2026,Worksop,Macclesfield,0.97685,1.72463,1.08226,1.56853,22.611,47.537,29.852
14168817,27/01/2026,Worksop,Darlington,0.33069,2.54487,0.90323,2.87536,6.875,80.681,12.444
14168842,07/02/2026,Worksop,Telford,1.46749,1.26913,1.62487,1.49381,40.137,33.525,26.338
14168483,16/08/2025,Worksop,Kidderminster,0.97222,1.65178,0.53408,0.8582,19.874,42.526,37.6
14168518,23/08/2025,Worksop,Southport,1.9724,0.75239,1.42948,0.72018,56.573,15.906,27.521
14168539,30/08/2025,Worksop,Chester,2.3521,0.49009,2.72254,1.1317,73.143,11.076,15.781
14168553,02/09/2025,Worksop,Spennymoor,2.43985,0.42028,3.16792,1.46432,76.666,9.347,13.987
14168587,04/10/2025,Worksop,Bedford,0.49067,2.32313,0.90389,2.11517,10.149,71.231,18.62
14168612,18/10/2025,Worksop,Marine,0.95879,1.7999,1.29174,1.85766,23.916,51.953,24.131
14168625,21/10/2025,Worksop,King's Lynn,2.31697,0.50323,2.53166,1.20849,71.239,10.781,17.98
14168651,01/11/2025,Worksop,Scarborough,1.53321,1.13307,1.04315,0.8078,39.983,26.645,33.372
14168685,22/11/2025,Worksop,Curzon Ashton,1.16926,1.50388,0.89872,1.05557,28.08,39.234,32.686
14168697,25/11/2025,Worksop,South Shields,1.65416,1.0313,1.22894,0.83786,44.654,23.892,31.454
14168720,06/11/2025,Worksop,Chorley,1.42991,1.30289,1.98155,1.90465,38.757,34.523,26.72
14168744,26/12/2025,Worksop,Alfreton,1.76159,0.92753,1.26268,0.86834,48.357,20.555,31.088
14168781,10/01/2026,Worksop,Merthyr,0.65972,2.17622,2.05895,3.42385,16.522,67.072,16.406
14168805,24/01/2026,Worksop,Macclesfield,0.97685,1.72463,1.08226,1.56853,22.611,47.537,29.852
14168817,27/01/2026,Worksop,Darlington,0.33069,2.54487,0.90323,2.87536,6.875,80.681,12.444
14168842,07/02/2026,Worksop,Telford,1.46749,1.26913,1.62487,1.49381,40.137,33.525,26.338
14168867,14/02/2026,Worksop,Oxford,1.69738,0.98221,1.13092,0.72265,45.899,22.06,32.041
14168483,16/08/2025,Worksop,Kidderminster,0.97222,1.65178,0.53408,0.8582,19.874,42.526,37.6
14168518,23/08/2025,Worksop,Southport,1.9724,0.75239,1.42948,0.72018,56.573,15.906,27.521
14168539,30/08/2025,Worksop,Chester,2.3521,0.49009,2.72254,1.1317,73.143,11.076,15.781
14168553,02/09/2025,Worksop,Spennymoor,2.43985,0.42028,3.16792,1.46432,76.666,9.347,13.987
14168587,04/10/2025,Worksop,Bedford,0.49067,2.32313,0.90389,2.11517,10.149,71.231,18.62
14168612,18/10/2025,Worksop,Marine,0.95879,1.7999,1.29174,1.85766,23.916,51.953,24.131
14168625,21/10/2025,Worksop,King's Lynn,2.31697,0.50323,2.53166,1.20849,71.239,10.781,17.98
14168651,01/11/2025,Worksop,Scarborough,1.53321,1.13307,1.04315,0.8078,39.983,26.645,33.372
14168685,22/11/2025,Worksop,Curzon Ashton,1.16926,1.50388,0.89872,1.05557,28.08,39.234,32.686
14168697,25/11/2025,Worksop,South Shields,1.65416,1.0313,1.22894,0.83786,44.654,23.892,31.454
14168720,06/11/2025,Worksop,Chorley,1.42991,1.30289,1.98155,1.90465,38.757,34.523,26.72
14168744,26/12/2025,Worksop,Alfreton,1.76159,0.92753,1.26268,0.86834,48.357,20.555,31.088
14168781,10/01/2026,Worksop,Merthyr,0.65972,2.17622,2.05895,3.42385,16.522,67.072,16.406
14168805,24/01/2026,Worksop,Macclesfield,0.97685,1.72463,1.08226,1.56853,22.611,47.537,29.852
14168817,27/01/2026,Worksop,Darlington,0.33069,2.54487,0.90323,2.87536,6.875,80.681,12.444
14168842,07/02/2026,Worksop,Telford,1.46749,1.26913,1.62487,1.49381,40.137,33.525,26.338
14168867,14/02/2026,Worksop,Oxford,1.69738,0.98221,1.13092,0.72265,45.899,22.06,32.041
14168902,28/02/2026,Worksop,Leamington,2.53844,0.24905,1.42175,0.05644,77.531,1.218,21.251
14168483,16/08/2025,Worksop,Kidderminster,0.97222,1.65178,0.53408,0.8582,19.874,42.526,37.6
14168518,23/08/2025,Worksop,Southport,1.9724,0.75239,1.42948,0.72018,56.573,15.906,27.521
14168539,30/08/2025,Worksop,Chester,2.3521,0.49009,2.72254,1.1317,73.143,11.076,15.781
14168553,02/09/2025,Worksop,Spennymoor,2.43985,0.42028,3.16792,1.46432,76.666,9.347,13.987
14168587,04/10/2025,Worksop,Bedford,0.49067,2.32313,0.90389,2.11517,10.149,71.231,18.62
14168612,18/10/2025,Worksop,Marine,0.95879,1.7999,1.29174,1.85766,23.916,51.953,24.131
14168625,21/10/2025,Worksop,King's Lynn,2.31697,0.50323,2.53166,1.20849,71.239,10.781,17.98
14168651,01/11/2025,Worksop,Scarborough,1.53321,1.13307,1.04315,0.8078,39.983,26.645,33.372
14168685,22/11/2025,Worksop,Curzon Ashton,1.16926,1.50388,0.89872,1.05557,28.08,39.234,32.686
14168697,25/11/2025,Worksop,South Shields,1.65416,1.0313,1.22894,0.83786,44.654,23.892,31.454
14168720,06/11/2025,Worksop,Chorley,1.42991,1.30289,1.98155,1.90465,38.757,34.523,26.72
14168744,26/12/2025,Worksop,Alfreton,1.76159,0.92753,1.26268,0.86834,48.357,20.555,31.088
14168781,10/01/2026,Worksop,Merthyr,0.65972,2.17622,2.05895,3.42385,16.522,67.072,16.406
14168805,24/01/2026,Worksop,Macclesfield,0.97685,1.72463,1.08226,1.56853,22.611,47.537,29.852
14168817,27/01/2026,Worksop,Darlington,0.33069,2.54487,0.90323,2.87536,6.875,80.681,12.444
14168842,07/02/2026,Worksop,Telford,1.46749,1.26913,1.62487,1.49381,40.137,33.525,26.338
14168867,14/02/2026,Worksop,Oxford,1.69738,0.98221,1.13092,0.72265,45.899,22.06,32.041
14168902,28/02/2026,Worksop,Leamington,2.53844,0.24905,1.42175,0.05644,77.531,1.218,21.251
14168913,07/03/2026,Worksop,Hereford,1.05344,1.73654,1.96776,2.48797,28.114,50.884,21.002
14168483,16/08/2025,Worksop,Kidderminster,0.97222,1.65178,0.53408,0.8582,19.874,42.526,37.6
14168518,23/08/2025,Worksop,Southport,1.9724,0.75239,1.42948,0.72018,56.573,15.906,27.521
14168539,30/08/2025,Worksop,Chester,2.3521,0.49009,2.72254,1.1317,73.143,11.076,15.781
14168553,02/09/2025,Worksop,Spennymoor,2.43985,0.42028,3.16792,1.46432,76.666,9.347,13.987
14168587,04/10/2025,Worksop,Bedford,0.49067,2.32313,0.90389,2.11517,10.149,71.231,18.62
14168612,18/10/2025,Worksop,Marine,0.95879,1.7999,1.29174,1.85766,23.916,51.953,24.131
14168625,21/10/2025,Worksop,King's Lynn,2.31697,0.50323,2.53166,1.20849,71.239,10.781,17.98
14168651,01/11/2025,Worksop,Scarborough,1.53321,1.13307,1.04315,0.8078,39.983,26.645,33.372
14168685,22/11/2025,Worksop,Curzon Ashton,1.16926,1.50388,0.89872,1.05557,28.08,39.234,32.686
14168697,25/11/2025,Worksop,South Shields,1.65416,1.0313,1.22894,0.83786,44.654,23.892,31.454
14168720,06/11/2025,Worksop,Chorley,1.42991,1.30289,1.98155,1.90465,38.757,34.523,26.72
14168744,26/12/2025,Worksop,Alfreton,1.76159,0.92753,1.26268,0.86834,48.357,20.555,31.088
14168781,10/01/2026,Worksop,Merthyr,0.65972,2.17622,2.05895,3.42385,16.522,67.072,16.406
14168805,24/01/2026,Worksop,Macclesfield,0.97685,1.72463,1.08226,1.56853,22.611,47.537,29.852
14168817,27/01/2026,Worksop,Darlington,0.33069,2.54487,0.90323,2.87536,6.875,80.681,12.444
14168842,07/02/2026,Worksop,Telford,1.46749,1.26913,1.62487,1.49381,40.137,33.525,26.338
14168867,14/02/2026,Worksop,Oxford,1.69738,0.98221,1.13092,0.72265,45.899,22.06,32.041
14168902,28/02/2026,Worksop,Leamington,2.53844,0.24905,1.42175,0.05644,77.531,1.218,21.251
14168913,07/03/2026,Worksop,Hereford,1.05344,1.73654,1.96776,2.48797,28.114,50.884,21.002
14168948,21/03/2026,Worksop,Fylde,1.46291,1.1747,0.91575,0.7737,36.684,27.077,36.239
