Match ID,Date,Home Team,Away Team,Home Team xP,Away Team xP,Home Team xG,Away Team xG,Home Team %,Away Team %,Draw %
14168470,16/08/2025,Alfreton,Darlington,0.63445,2.10154,0.52244,1.4327,12.348,61.251,26.401
14168470,16/08/2025,Alfreton,Darlington,0.63445,2.10154,0.52244,1.4327,12.348,61.251,26.401
14168475,19/08/2025,Alfreton,South Shields,0.01643,2.96837,0.0335,3.38475,0.041,98.439,1.52
14168470,16/08/2025,Alfreton,Darlington,0.63445,2.10154,0.52244,1.4327,12.348,61.251,26.401
14168475,19/08/2025,Alfreton,South Shields,0.01643,2.96837,0.0335,3.38475,0.041,98.439,1.52
14168517,25/08/2025,Alfreton,Marine,1.28242,1.35439,0.77041,0.80306,30.641,33.04,36.319
14168470,16/08/2025,Alfreton,Darlington,0.63445,2.10154,0.52244,1.4327,12.348,61.251,26.401
14168475,19/08/2025,Alfreton,South Shields,0.01643,2.96837,0.0335,3.38475,0.041,98.439,1.52
14168517,25/08/2025,Alfreton,Marine,1.28242,1.35439,0.77041,0.80306,30.641,33.04,36.319
14168554,06/09/2025,Alfreton,King's Lynn,1.65697,1.02436,1.44254,1.07988,44.61,23.523,31.867
14168470,16/08/2025,Alfreton,Darlington,0.63445,2.10154,0.52244,1.4327,12.348,61.251,26.401
14168475,19/08/2025,Alfreton,South Shields,0.01643,2.96837,0.0335,3.38475,0.041,98.439,1.52
14168517,25/08/2025,Alfreton,Marine,1.28242,1.35439,0.77041,0.80306,30.641,33.04,36.319
14168554,06/09/2025,Alfreton,King's Lynn,1.65697,1.02436,1.44254,1.07988,44.61,23.523,31.867
14168567,20/09/2025,Alfreton,Telford,0.74945,2.00303,1.08703,1.96092,16.731,58.517,24.752
14168470,16/08/2025,Alfreton,Darlington,0.63445,2.10154,0.52244,1.4327,12.348,61.251,26.401
14168475,19/08/2025,Alfreton,South Shields,0.01643,2.96837,0.0335,3.38475,0.041,98.439,1.52
14168517,25/08/2025,Alfreton,Marine,1.28242,1.35439,0.77041,0.80306,30.641,33.04,36.319
14168554,06/09/2025,Alfreton,King's Lynn,1.65697,1.02436,1.44254,1.07988,44.61,23.523,31.867
14168567,20/09/2025,Alfreton,Telford,0.74945,2.00303,1.08703,1.96092,16.731,58.517,24.752
14168617,21/10/2025,Alfreton,Chester,0.65155,2.02522,0.38252,1.09298,10.944,56.733,32.323
14168470,16/08/2025,Alfreton,Darlington,0.63445,2.10154,0.52244,1.4327,12.348,61.251,26.401
14168475,19/08/2025,Alfreton,South Shields,0.01643,2.96837,0.0335,3.38475,0.041,98.439,1.52
14168517,25/08/2025,Alfreton,Marine,1.28242,1.35439,0.77041,0.80306,30.641,33.04,36.319
14168554,06/09/2025,Alfreton,King's Lynn,1.65697,1.02436,1.44254,1.07988,44.61,23.523,31.867
14168567,20/09/2025,Alfreton,Telford,0.74945,2.00303,1.08703,1.96092,16.731,58.517,24.752
14168617,21/10/2025,Alfreton,Chester,0.65155,2.02522,0.38252,1.09298,10.944,56.733,32.323
14168638,01/11/2025,Alfreton,Kidderminster,0.18926,2.69546,0.26874,2.24378,2.466,86.006,11.528
14168470,16/08/2025,Alfreton,Darlington,0.63445,2.10154,0.52244,1.4327,12.348,61.251,26.401
14168475,19/08/2025,Alfreton,South Shields,0.01643,2.96837,0.0335,3.38475,0.041,98.439,1.52
14168517,25/08/2025,Alfreton,Marine,1.28242,1.35439,0.77041,0.80306,30.641,33.04,36.319
14168554,06/09/2025,Alfreton,King's Lynn,1.65697,1.02436,1.44254,1.07988,44.61,23.523,31.867
14168567,20/09/2025,Alfreton,Telford,0.74945,2.00303,1.08703,1.96092,16.731,58.517,24.752
14168617,21/10/2025,Alfreton,Chester,0.65155,2.02522,0.38252,1.09298,10.944,56.733,32.323
14168638,01/11/2025,Alfreton,Kidderminster,0.18926,2.69546,0.26874,2.24378,2.466,86.006,11.528
14168664,08/11/2025,Alfreton,Fylde,0.39027,2.43531,0.63105,2.0712,7.195,75.363,17.442
14168470,16/08/2025,Alfreton,Darlington,0.63445,2.10154,0.52244,1.4327,12.348,61.251,26.401
14168475,19/08/2025,Alfreton,South Shields,0.01643,2.96837,0.0335,3.38475,0.041,98.439,1.52
14168517,25/08/2025,Alfreton,Marine,1.28242,1.35439,0.77041,0.80306,30.641,33.04,36.319
14168554,06/09/2025,Alfreton,King's Lynn,1.65697,1.02436,1.44254,1.07988,44.61,23.523,31.867
14168567,20/09/2025,Alfreton,Telford,0.74945,2.00303,1.08703,1.96092,16.731,58.517,24.752
14168617,21/10/2025,Alfreton,Chester,0.65155,2.02522,0.38252,1.09298,10.944,56.733,32.323
14168638,01/11/2025,Alfreton,Kidderminster,0.18926,2.69546,0.26874,2.24378,2.466,86.006,11.528
14168664,08/11/2025,Alfreton,Fylde,0.39027,2.43531,0.63105,2.0712,7.195,75.363,17.442
14877540,11/11/2025,Alfreton,Spennymoor,1.55333,1.13801,1.20129,0.9722,41.489,27.645,30.866
14168470,16/08/2025,Alfreton,Darlington,0.63445,2.10154,0.52244,1.4327,12.348,61.251,26.401
14168475,19/08/2025,Alfreton,South Shields,0.01643,2.96837,0.0335,3.38475,0.041,98.439,1.52
14168517,25/08/2025,Alfreton,Marine,1.28242,1.35439,0.77041,0.80306,30.641,33.04,36.319
14168554,06/09/2025,Alfreton,King's Lynn,1.65697,1.02436,1.44254,1.07988,44.61,23.523,31.867
14168567,20/09/2025,Alfreton,Telford,0.74945,2.00303,1.08703,1.96092,16.731,58.517,24.752
14168617,21/10/2025,Alfreton,Chester,0.65155,2.02522,0.38252,1.09298,10.944,56.733,32.323
14168638,01/11/2025,Alfreton,Kidderminster,0.18926,2.69546,0.26874,2.24378,2.466,86.006,11.528
14168664,08/11/2025,Alfreton,Fylde,0.39027,2.43531,0.63105,2.0712,7.195,75.363,17.442
14877540,11/11/2025,Alfreton,Spennymoor,1.55333,1.13801,1.20129,0.9722,41.489,27.645,30.866
15174859,16/12/2025,Alfreton,Southport,1.20737,1.42844,0.71965,0.81639,28.106,35.475,36.419
14168470,16/08/2025,Alfreton,Darlington,0.63445,2.10154,0.52244,1.4327,12.348,61.251,26.401
14168475,19/08/2025,Alfreton,South Shields,0.01643,2.96837,0.0335,3.38475,0.041,98.439,1.52
14168517,25/08/2025,Alfreton,Marine,1.28242,1.35439,0.77041,0.80306,30.641,33.04,36.319
14168554,06/09/2025,Alfreton,King's Lynn,1.65697,1.02436,1.44254,1.07988,44.61,23.523,31.867
14168567,20/09/2025,Alfreton,Telford,0.74945,2.00303,1.08703,1.96092,16.731,58.517,24.752
14168617,21/10/2025,Alfreton,Chester,0.65155,2.02522,0.38252,1.09298,10.944,56.733,32.323
14168638,01/11/2025,Alfreton,Kidderminster,0.18926,2.69546,0.26874,2.24378,2.466,86.006,11.528
14168664,08/11/2025,Alfreton,Fylde,0.39027,2.43531,0.63105,2.0712,7.195,75.363,17.442
14877540,11/11/2025,Alfreton,Spennymoor,1.55333,1.13801,1.20129,0.9722,41.489,27.645,30.866
15174859,16/12/2025,Alfreton,Southport,1.20737,1.42844,0.71965,0.81639,28.106,35.475,36.419
14168746,30/12/2025,Alfreton,Leamington,1.52342,1.12484,0.91005,0.68255,39.056,25.77,35.174
14168470,16/08/2025,Alfreton,Darlington,0.63445,2.10154,0.52244,1.4327,12.348,61.251,26.401
14168475,19/08/2025,Alfreton,South Shields,0.01643,2.96837,0.0335,3.38475,0.041,98.439,1.52
14168517,25/08/2025,Alfreton,Marine,1.28242,1.35439,0.77041,0.80306,30.641,33.04,36.319
14168554,06/09/2025,Alfreton,King's Lynn,1.65697,1.02436,1.44254,1.07988,44.61,23.523,31.867
14168567,20/09/2025,Alfreton,Telford,0.74945,2.00303,1.08703,1.96092,16.731,58.517,24.752
14168617,21/10/2025,Alfreton,Chester,0.65155,2.02522,0.38252,1.09298,10.944,56.733,32.323
14168638,01/11/2025,Alfreton,Kidderminster,0.18926,2.69546,0.26874,2.24378,2.466,86.006,11.528
14168664,08/11/2025,Alfreton,Fylde,0.39027,2.43531,0.63105,2.0712,7.195,75.363,17.442
14877540,11/11/2025,Alfreton,Spennymoor,1.55333,1.13801,1.20129,0.9722,41.489,27.645,30.866
15174859,16/12/2025,Alfreton,Southport,1.20737,1.42844,0.71965,0.81639,28.106,35.475,36.419
14168746,30/12/2025,Alfreton,Leamington,1.52342,1.12484,0.91005,0.68255,39.056,25.77,35.174
14168796,24/01/2026,Alfreton,Bedford,2.9036,0.05849,3.43616,0.29849,95.523,0.686,3.791
14168470,16/08/2025,Alfreton,Darlington,0.63445,2.10154,0.52244,1.4327,12.348,61.251,26.401
14168475,19/08/2025,Alfreton,South Shields,0.01643,2.96837,0.0335,3.38475,0.041,98.439,1.52
14168517,25/08/2025,Alfreton,Marine,1.28242,1.35439,0.77041,0.80306,30.641,33.04,36.319
14168554,06/09/2025,Alfreton,King's Lynn,1.65697,1.02436,1.44254,1.07988,44.61,23.523,31.867
14168567,20/09/2025,Alfreton,Telford,0.74945,2.00303,1.08703,1.96092,16.731,58.517,24.752
14168617,21/10/2025,Alfreton,Chester,0.65155,2.02522,0.38252,1.09298,10.944,56.733,32.323
14168638,01/11/2025,Alfreton,Kidderminster,0.18926,2.69546,0.26874,2.24378,2.466,86.006,11.528
14168664,08/11/2025,Alfreton,Fylde,0.39027,2.43531,0.63105,2.0712,7.195,75.363,17.442
14877540,11/11/2025,Alfreton,Spennymoor,1.55333,1.13801,1.20129,0.9722,41.489,27.645,30.866
15174859,16/12/2025,Alfreton,Southport,1.20737,1.42844,0.71965,0.81639,28.106,35.475,36.419
14168746,30/12/2025,Alfreton,Leamington,1.52342,1.12484,0.91005,0.68255,39.056,25.77,35.174
14168796,24/01/2026,Alfreton,Bedford,2.9036,0.05849,3.43616,0.29849,95.523,0.686,3.791
14168865,21/02/2026,Alfreton,Merthyr,2.33637,0.51573,3.2961,1.71649,72.949,12.261,14.79
14168470,16/08/2025,Alfreton,Darlington,0.63445,2.10154,0.52244,1.4327,12.348,61.251,26.401
14168475,19/08/2025,Alfreton,South Shields,0.01643,2.96837,0.0335,3.38475,0.041,98.439,1.52
14168517,25/08/2025,Alfreton,Marine,1.28242,1.35439,0.77041,0.80306,30.641,33.04,36.319
14168554,06/09/2025,Alfreton,King's Lynn,1.65697,1.02436,1.44254,1.07988,44.61,23.523,31.867
14168567,20/09/2025,Alfreton,Telford,0.74945,2.00303,1.08703,1.96092,16.731,58.517,24.752
14168617,21/10/2025,Alfreton,Chester,0.65155,2.02522,0.38252,1.09298,10.944,56.733,32.323
14168638,01/11/2025,Alfreton,Kidderminster,0.18926,2.69546,0.26874,2.24378,2.466,86.006,11.528
14168664,08/11/2025,Alfreton,Fylde,0.39027,2.43531,0.63105,2.0712,7.195,75.363,17.442
14877540,11/11/2025,Alfreton,Spennymoor,1.55333,1.13801,1.20129,0.9722,41.489,27.645,30.866
15174859,16/12/2025,Alfreton,Southport,1.20737,1.42844,0.71965,0.81639,28.106,35.475,36.419
14168746,30/12/2025,Alfreton,Leamington,1.52342,1.12484,0.91005,0.68255,39.056,25.77,35.174
14168796,24/01/2026,Alfreton,Bedford,2.9036,0.05849,3.43616,0.29849,95.523,0.686,3.791
14168865,21/02/2026,Alfreton,Merthyr,2.33637,0.51573,3.2961,1.71649,72.949,12.261,14.79
14168880,24/02/2026,Alfreton,Scarborough,2.37859,0.44698,2.72675,1.30876,73.472,9.085,17.443
14168470,16/08/2025,Alfreton,Darlington,0.63445,2.10154,0.52244,1.4327,12.348,61.251,26.401
14168475,19/08/2025,Alfreton,South Shields,0.01643,2.96837,0.0335,3.38475,0.041,98.439,1.52
14168517,25/08/2025,Alfreton,Marine,1.28242,1.35439,0.77041,0.80306,30.641,33.04,36.319
14168554,06/09/2025,Alfreton,King's Lynn,1.65697,1.02436,1.44254,1.07988,44.61,23.523,31.867
14168567,20/09/2025,Alfreton,Telford,0.74945,2.00303,1.08703,1.96092,16.731,58.517,24.752
14168617,21/10/2025,Alfreton,Chester,0.65155,2.02522,0.38252,1.09298,10.944,56.733,32.323
14168638,01/11/2025,Alfreton,Kidderminster,0.18926,2.69546,0.26874,2.24378,2.466,86.006,11.528
14168664,08/11/2025,Alfreton,Fylde,0.39027,2.43531,0.63105,2.0712,7.195,75.363,17.442
14877540,11/11/2025,Alfreton,Spennymoor,1.55333,1.13801,1.20129,0.9722,41.489,27.645,30.866
15174859,16/12/2025,Alfreton,Southport,1.20737,1.42844,0.71965,0.81639,28.106,35.475,36.419
14168746,30/12/2025,Alfreton,Leamington,1.52342,1.12484,0.91005,0.68255,39.056,25.77,35.174
14168796,24/01/2026,Alfreton,Bedford,2.9036,0.05849,3.43616,0.29849,95.523,0.686,3.791
14168865,21/02/2026,Alfreton,Merthyr,2.33637,0.51573,3.2961,1.71649,72.949,12.261,14.79
14168880,24/02/2026,Alfreton,Scarborough,2.37859,0.44698,2.72675,1.30876,73.472,9.085,17.443
14168915,10/03/2026,Alfreton,Radcliffe,2.00231,0.76316,2.2696,1.42538,58.926,17.621,23.453
14168470,16/08/2025,Alfreton,Darlington,0.63445,2.10154,0.52244,1.4327,12.348,61.251,26.401
14168475,19/08/2025,Alfreton,South Shields,0.01643,2.96837,0.0335,3.38475,0.041,98.439,1.52
14168517,25/08/2025,Alfreton,Marine,1.28242,1.35439,0.77041,0.80306,30.641,33.04,36.319
14168554,06/09/2025,Alfreton,King's Lynn,1.65697,1.02436,1.44254,1.07988,44.61,23.523,31.867
14168567,20/09/2025,Alfreton,Telford,0.74945,2.00303,1.08703,1.96092,16.731,58.517,24.752
14168617,21/10/2025,Alfreton,Chester,0.65155,2.02522,0.38252,1.09298,10.944,56.733,32.323
14168638,01/11/2025,Alfreton,Kidderminster,0.18926,2.69546,0.26874,2.24378,2.466,86.006,11.528
14168664,08/11/2025,Alfreton,Fylde,0.39027,2.43531,0.63105,2.0712,7.195,75.363,17.442
14877540,11/11/2025,Alfreton,Spennymoor,1.55333,1.13801,1.20129,0.9722,41.489,27.645,30.866
15174859,16/12/2025,Alfreton,Southport,1.20737,1.42844,0.71965,0.81639,28.106,35.475,36.419
14168746,30/12/2025,Alfreton,Leamington,1.52342,1.12484,0.91005,0.68255,39.056,25.77,35.174
14168796,24/01/2026,Alfreton,Bedford,2.9036,0.05849,3.43616,0.29849,95.523,0.686,3.791
14168865,21/02/2026,Alfreton,Merthyr,2.33637,0.51573,3.2961,1.71649,72.949,12.261,14.79
14168880,24/02/2026,Alfreton,Scarborough,2.37859,0.44698,2.72675,1.30876,73.472,9.085,17.443
14168915,10/03/2026,Alfreton,Radcliffe,2.00231,0.76316,2.2696,1.42538,58.926,17.621,23.453
14168927,14/03/2026,Alfreton,Peterborough,2.5479,0.29154,1.90167,0.36911,79.578,4.366,16.056
14168470,16/08/2025,Alfreton,Darlington,0.63445,2.10154,0.52244,1.4327,12.348,61.251,26.401
14168475,19/08/2025,Alfreton,South Shields,0.01643,2.96837,0.0335,3.38475,0.041,98.439,1.52
14168517,25/08/2025,Alfreton,Marine,1.28242,1.35439,0.77041,0.80306,30.641,33.04,36.319
14168554,06/09/2025,Alfreton,King's Lynn,1.65697,1.02436,1.44254,1.07988,44.61,23.523,31.867
14168567,20/09/2025,Alfreton,Telford,0.74945,2.00303,1.08703,1.96092,16.731,58.517,24.752
14168617,21/10/2025,Alfreton,Chester,0.65155,2.02522,0.38252,1.09298,10.944,56.733,32.323
14168638,01/11/2025,Alfreton,Kidderminster,0.18926,2.69546,0.26874,2.24378,2.466,86.006,11.528
14168664,08/11/2025,Alfreton,Fylde,0.39027,2.43531,0.63105,2.0712,7.195,75.363,17.442
14877540,11/11/2025,Alfreton,Spennymoor,1.55333,1.13801,1.20129,0.9722,41.489,27.645,30.866
15174859,16/12/2025,Alfreton,Southport,1.20737,1.42844,0.71965,0.81639,28.106,35.475,36.419
14168746,30/12/2025,Alfreton,Leamington,1.52342,1.12484,0.91005,0.68255,39.056,25.77,35.174
14168796,24/01/2026,Alfreton,Bedford,2.9036,0.05849,3.43616,0.29849,95.523,0.686,3.791
14168865,21/02/2026,Alfreton,Merthyr,2.33637,0.51573,3.2961,1.71649,72.949,12.261,14.79
14168880,24/02/2026,Alfreton,Scarborough,2.37859,0.44698,2.72675,1.30876,73.472,9.085,17.443
14168915,10/03/2026,Alfreton,Radcliffe,2.00231,0.76316,2.2696,1.42538,58.926,17.621,23.453
14168927,14/03/2026,Alfreton,Peterborough,2.5479,0.29154,1.90167,0.36911,79.578,4.366,16.056
15659749,19/03/2026,Alfreton,Hereford,1.35472,1.35349,1.16127,1.18203,35.431,35.39,29.179
14168470,16/08/2025,Alfreton,Darlington,0.63445,2.10154,0.52244,1.4327,12.348,61.251,26.401
14168475,19/08/2025,Alfreton,South Shields,0.01643,2.96837,0.0335,3.38475,0.041,98.439,1.52
14168517,25/08/2025,Alfreton,Marine,1.28242,1.35439,0.77041,0.80306,30.641,33.04,36.319
14168554,06/09/2025,Alfreton,King's Lynn,1.65697,1.02436,1.44254,1.07988,44.61,23.523,31.867
14168567,20/09/2025,Alfreton,Telford,0.74945,2.00303,1.08703,1.96092,16.731,58.517,24.752
14168617,21/10/2025,Alfreton,Chester,0.65155,2.02522,0.38252,1.09298,10.944,56.733,32.323
14168638,01/11/2025,Alfreton,Kidderminster,0.18926,2.69546,0.26874,2.24378,2.466,86.006,11.528
14168664,08/11/2025,Alfreton,Fylde,0.39027,2.43531,0.63105,2.0712,7.195,75.363,17.442
14877540,11/11/2025,Alfreton,Spennymoor,1.55333,1.13801,1.20129,0.9722,41.489,27.645,30.866
15174859,16/12/2025,Alfreton,Southport,1.20737,1.42844,0.71965,0.81639,28.106,35.475,36.419
14168746,30/12/2025,Alfreton,Leamington,1.52342,1.12484,0.91005,0.68255,39.056,25.77,35.174
14168796,24/01/2026,Alfreton,Bedford,2.9036,0.05849,3.43616,0.29849,95.523,0.686,3.791
14168865,21/02/2026,Alfreton,Merthyr,2.33637,0.51573,3.2961,1.71649,72.949,12.261,14.79
14168880,24/02/2026,Alfreton,Scarborough,2.37859,0.44698,2.72675,1.30876,73.472,9.085,17.443
14168915,10/03/2026,Alfreton,Radcliffe,2.00231,0.76316,2.2696,1.42538,58.926,17.621,23.453
14168927,14/03/2026,Alfreton,Peterborough,2.5479,0.29154,1.90167,0.36911,79.578,4.366,16.056
15659749,19/03/2026,Alfreton,Hereford,1.35472,1.35349,1.16127,1.18203,35.431,35.39,29.179
15416663,24/03/2026,Alfreton,Macclesfield,0.4085,2.18801,0.00437,0.83255,0.167,59.484,40.349
14168470,16/08/2025,Alfreton,Darlington,0.63445,2.10154,0.52244,1.4327,12.348,61.251,26.401
14168475,19/08/2025,Alfreton,South Shields,0.01643,2.96837,0.0335,3.38475,0.041,98.439,1.52
14168517,25/08/2025,Alfreton,Marine,1.28242,1.35439,0.77041,0.80306,30.641,33.04,36.319
14168554,06/09/2025,Alfreton,King's Lynn,1.65697,1.02436,1.44254,1.07988,44.61,23.523,31.867
14168567,20/09/2025,Alfreton,Telford,0.74945,2.00303,1.08703,1.96092,16.731,58.517,24.752
14168617,21/10/2025,Alfreton,Chester,0.65155,2.02522,0.38252,1.09298,10.944,56.733,32.323
14168638,01/11/2025,Alfreton,Kidderminster,0.18926,2.69546,0.26874,2.24378,2.466,86.006,11.528
14168664,08/11/2025,Alfreton,Fylde,0.39027,2.43531,0.63105,2.0712,7.195,75.363,17.442
14877540,11/11/2025,Alfreton,Spennymoor,1.55333,1.13801,1.20129,0.9722,41.489,27.645,30.866
15174859,16/12/2025,Alfreton,Southport,1.20737,1.42844,0.71965,0.81639,28.106,35.475,36.419
14168746,30/12/2025,Alfreton,Leamington,1.52342,1.12484,0.91005,0.68255,39.056,25.77,35.174
14168796,24/01/2026,Alfreton,Bedford,2.9036,0.05849,3.43616,0.29849,95.523,0.686,3.791
14168865,21/02/2026,Alfreton,Merthyr,2.33637,0.51573,3.2961,1.71649,72.949,12.261,14.79
14168880,24/02/2026,Alfreton,Scarborough,2.37859,0.44698,2.72675,1.30876,73.472,9.085,17.443
14168915,10/03/2026,Alfreton,Radcliffe,2.00231,0.76316,2.2696,1.42538,58.926,17.621,23.453
14168927,14/03/2026,Alfreton,Peterborough,2.5479,0.29154,1.90167,0.36911,79.578,4.366,16.056
15659749,19/03/2026,Alfreton,Hereford,1.35472,1.35349,1.16127,1.18203,35.431,35.39,29.179
15416663,24/03/2026,Alfreton,Macclesfield,0.4085,2.18801,0.00437,0.83255,0.167,59.484,40.349
15489563,31/03/2026,Alfreton,Chorley,0.65188,2.07205,0.52076,1.39156,12.527,59.866,27.607
14168488,09/08/2025,Bedford,Alfreton,1.92105,0.80754,1.64538,0.99183,54.988,17.871,27.141
14168488,09/08/2025,Bedford,Alfreton,1.92105,0.80754,1.64538,0.99183,54.988,17.871,27.141
14168496,19/08/2025,Bedford,Telford,1.26792,1.34154,0.65979,0.71309,29.246,31.7,39.054
14168488,09/08/2025,Bedford,Alfreton,1.92105,0.80754,1.64538,0.99183,54.988,17.871,27.141
14168496,19/08/2025,Bedford,Telford,1.26792,1.34154,0.65979,0.71309,29.246,31.7,39.054
14168527,25/08/2025,Bedford,South Shields,0.67387,1.99075,0.37834,1.02564,11.283,55.179,33.538
14168488,09/08/2025,Bedford,Alfreton,1.92105,0.80754,1.64538,0.99183,54.988,17.871,27.141
14168496,19/08/2025,Bedford,Telford,1.26792,1.34154,0.65979,0.71309,29.246,31.7,39.054
14168527,25/08/2025,Bedford,South Shields,0.67387,1.99075,0.37834,1.02564,11.283,55.179,33.538
14168555,06/09/2025,Bedford,Curzon Ashton,1.44613,1.34644,2.66402,2.5454,41.29,37.967,20.743
14168488,09/08/2025,Bedford,Alfreton,1.92105,0.80754,1.64538,0.99183,54.988,17.871,27.141
14168496,19/08/2025,Bedford,Telford,1.26792,1.34154,0.65979,0.71309,29.246,31.7,39.054
14168527,25/08/2025,Bedford,South Shields,0.67387,1.99075,0.37834,1.02564,11.283,55.179,33.538
14168555,06/09/2025,Bedford,Curzon Ashton,1.44613,1.34644,2.66402,2.5454,41.29,37.967,20.743
14168568,20/09/2025,Bedford,Spennymoor,0.62795,2.18579,1.51874,2.74226,14.723,66.651,18.626
14168488,09/08/2025,Bedford,Alfreton,1.92105,0.80754,1.64538,0.99183,54.988,17.871,27.141
14168496,19/08/2025,Bedford,Telford,1.26792,1.34154,0.65979,0.71309,29.246,31.7,39.054
14168527,25/08/2025,Bedford,South Shields,0.67387,1.99075,0.37834,1.02564,11.283,55.179,33.538
14168555,06/09/2025,Bedford,Curzon Ashton,1.44613,1.34644,2.66402,2.5454,41.29,37.967,20.743
14168568,20/09/2025,Bedford,Spennymoor,0.62795,2.18579,1.51874,2.74226,14.723,66.651,18.626
14168611,21/10/2025,Bedford,Oxford,1.8228,0.84828,1.06263,0.55889,49.796,17.312,32.892
14168488,09/08/2025,Bedford,Alfreton,1.92105,0.80754,1.64538,0.99183,54.988,17.871,27.141
14168496,19/08/2025,Bedford,Telford,1.26792,1.34154,0.65979,0.71309,29.246,31.7,39.054
14168527,25/08/2025,Bedford,South Shields,0.67387,1.99075,0.37834,1.02564,11.283,55.179,33.538
14168555,06/09/2025,Bedford,Curzon Ashton,1.44613,1.34644,2.66402,2.5454,41.29,37.967,20.743
14168568,20/09/2025,Bedford,Spennymoor,0.62795,2.18579,1.51874,2.74226,14.723,66.651,18.626
14168611,21/10/2025,Bedford,Oxford,1.8228,0.84828,1.06263,0.55889,49.796,17.312,32.892
14168658,08/11/2025,Bedford,Merthyr,1.61512,1.14709,1.86832,1.54875,45.911,30.31,23.779
14168488,09/08/2025,Bedford,Alfreton,1.92105,0.80754,1.64538,0.99183,54.988,17.871,27.141
14168496,19/08/2025,Bedford,Telford,1.26792,1.34154,0.65979,0.71309,29.246,31.7,39.054
14168527,25/08/2025,Bedford,South Shields,0.67387,1.99075,0.37834,1.02564,11.283,55.179,33.538
14168555,06/09/2025,Bedford,Curzon Ashton,1.44613,1.34644,2.66402,2.5454,41.29,37.967,20.743
14168568,20/09/2025,Bedford,Spennymoor,0.62795,2.18579,1.51874,2.74226,14.723,66.651,18.626
14168611,21/10/2025,Bedford,Oxford,1.8228,0.84828,1.06263,0.55889,49.796,17.312,32.892
14168658,08/11/2025,Bedford,Merthyr,1.61512,1.14709,1.86832,1.54875,45.911,30.31,23.779
14837121,11/11/2025,Bedford,Buxton,2.37914,0.41069,1.52996,0.39961,72.299,6.684,21.017
14168488,09/08/2025,Bedford,Alfreton,1.92105,0.80754,1.64538,0.99183,54.988,17.871,27.141
14168496,19/08/2025,Bedford,Telford,1.26792,1.34154,0.65979,0.71309,29.246,31.7,39.054
14168527,25/08/2025,Bedford,South Shields,0.67387,1.99075,0.37834,1.02564,11.283,55.179,33.538
14168555,06/09/2025,Bedford,Curzon Ashton,1.44613,1.34644,2.66402,2.5454,41.29,37.967,20.743
14168568,20/09/2025,Bedford,Spennymoor,0.62795,2.18579,1.51874,2.74226,14.723,66.651,18.626
14168611,21/10/2025,Bedford,Oxford,1.8228,0.84828,1.06263,0.55889,49.796,17.312,32.892
14168658,08/11/2025,Bedford,Merthyr,1.61512,1.14709,1.86832,1.54875,45.911,30.31,23.779
14837121,11/11/2025,Bedford,Buxton,2.37914,0.41069,1.52996,0.39961,72.299,6.684,21.017
14168699,29/11/2025,Bedford,Darlington,0.99601,1.78609,1.58496,2.18221,25.937,52.273,21.79
14168488,09/08/2025,Bedford,Alfreton,1.92105,0.80754,1.64538,0.99183,54.988,17.871,27.141
14168496,19/08/2025,Bedford,Telford,1.26792,1.34154,0.65979,0.71309,29.246,31.7,39.054
14168527,25/08/2025,Bedford,South Shields,0.67387,1.99075,0.37834,1.02564,11.283,55.179,33.538
14168555,06/09/2025,Bedford,Curzon Ashton,1.44613,1.34644,2.66402,2.5454,41.29,37.967,20.743
14168568,20/09/2025,Bedford,Spennymoor,0.62795,2.18579,1.51874,2.74226,14.723,66.651,18.626
14168611,21/10/2025,Bedford,Oxford,1.8228,0.84828,1.06263,0.55889,49.796,17.312,32.892
14168658,08/11/2025,Bedford,Merthyr,1.61512,1.14709,1.86832,1.54875,45.911,30.31,23.779
14837121,11/11/2025,Bedford,Buxton,2.37914,0.41069,1.52996,0.39961,72.299,6.684,21.017
14168699,29/11/2025,Bedford,Darlington,0.99601,1.78609,1.58496,2.18221,25.937,52.273,21.79
15029190,16/12/2025,Bedford,Macclesfield,0.46489,2.33239,0.70898,1.86407,8.739,70.989,20.272
14168488,09/08/2025,Bedford,Alfreton,1.92105,0.80754,1.64538,0.99183,54.988,17.871,27.141
14168496,19/08/2025,Bedford,Telford,1.26792,1.34154,0.65979,0.71309,29.246,31.7,39.054
14168527,25/08/2025,Bedford,South Shields,0.67387,1.99075,0.37834,1.02564,11.283,55.179,33.538
14168555,06/09/2025,Bedford,Curzon Ashton,1.44613,1.34644,2.66402,2.5454,41.29,37.967,20.743
14168568,20/09/2025,Bedford,Spennymoor,0.62795,2.18579,1.51874,2.74226,14.723,66.651,18.626
14168611,21/10/2025,Bedford,Oxford,1.8228,0.84828,1.06263,0.55889,49.796,17.312,32.892
14168658,08/11/2025,Bedford,Merthyr,1.61512,1.14709,1.86832,1.54875,45.911,30.31,23.779
14837121,11/11/2025,Bedford,Buxton,2.37914,0.41069,1.52996,0.39961,72.299,6.684,21.017
14168699,29/11/2025,Bedford,Darlington,0.99601,1.78609,1.58496,2.18221,25.937,52.273,21.79
15029190,16/12/2025,Bedford,Macclesfield,0.46489,2.33239,0.70898,1.86407,8.739,70.989,20.272
14168723,20/12/2025,Bedford,Marine,0.48805,2.31436,0.63439,1.88801,9.682,70.559,19.759
14168488,09/08/2025,Bedford,Alfreton,1.92105,0.80754,1.64538,0.99183,54.988,17.871,27.141
14168496,19/08/2025,Bedford,Telford,1.26792,1.34154,0.65979,0.71309,29.246,31.7,39.054
14168527,25/08/2025,Bedford,South Shields,0.67387,1.99075,0.37834,1.02564,11.283,55.179,33.538
14168555,06/09/2025,Bedford,Curzon Ashton,1.44613,1.34644,2.66402,2.5454,41.29,37.967,20.743
14168568,20/09/2025,Bedford,Spennymoor,0.62795,2.18579,1.51874,2.74226,14.723,66.651,18.626
14168611,21/10/2025,Bedford,Oxford,1.8228,0.84828,1.06263,0.55889,49.796,17.312,32.892
14168658,08/11/2025,Bedford,Merthyr,1.61512,1.14709,1.86832,1.54875,45.911,30.31,23.779
14837121,11/11/2025,Bedford,Buxton,2.37914,0.41069,1.52996,0.39961,72.299,6.684,21.017
14168699,29/11/2025,Bedford,Darlington,0.99601,1.78609,1.58496,2.18221,25.937,52.273,21.79
15029190,16/12/2025,Bedford,Macclesfield,0.46489,2.33239,0.70898,1.86407,8.739,70.989,20.272
14168723,20/12/2025,Bedford,Marine,0.48805,2.31436,0.63439,1.88801,9.682,70.559,19.759
14168748,30/12/2025,Bedford,King's Lynn,1.92157,0.79807,1.38939,0.72228,54.707,17.257,28.036
14168488,09/08/2025,Bedford,Alfreton,1.92105,0.80754,1.64538,0.99183,54.988,17.871,27.141
14168496,19/08/2025,Bedford,Telford,1.26792,1.34154,0.65979,0.71309,29.246,31.7,39.054
14168527,25/08/2025,Bedford,South Shields,0.67387,1.99075,0.37834,1.02564,11.283,55.179,33.538
14168555,06/09/2025,Bedford,Curzon Ashton,1.44613,1.34644,2.66402,2.5454,41.29,37.967,20.743
14168568,20/09/2025,Bedford,Spennymoor,0.62795,2.18579,1.51874,2.74226,14.723,66.651,18.626
14168611,21/10/2025,Bedford,Oxford,1.8228,0.84828,1.06263,0.55889,49.796,17.312,32.892
14168658,08/11/2025,Bedford,Merthyr,1.61512,1.14709,1.86832,1.54875,45.911,30.31,23.779
14837121,11/11/2025,Bedford,Buxton,2.37914,0.41069,1.52996,0.39961,72.299,6.684,21.017
14168699,29/11/2025,Bedford,Darlington,0.99601,1.78609,1.58496,2.18221,25.937,52.273,21.79
15029190,16/12/2025,Bedford,Macclesfield,0.46489,2.33239,0.70898,1.86407,8.739,70.989,20.272
14168723,20/12/2025,Bedford,Marine,0.48805,2.31436,0.63439,1.88801,9.682,70.559,19.759
14168748,30/12/2025,Bedford,King's Lynn,1.92157,0.79807,1.38939,0.72228,54.707,17.257,28.036
14168755,03/01/2026,Bedford,Fylde,1.51787,1.15745,1.06587,0.83749,39.773,27.759,32.468
14168488,09/08/2025,Bedford,Alfreton,1.92105,0.80754,1.64538,0.99183,54.988,17.871,27.141
14168496,19/08/2025,Bedford,Telford,1.26792,1.34154,0.65979,0.71309,29.246,31.7,39.054
14168527,25/08/2025,Bedford,South Shields,0.67387,1.99075,0.37834,1.02564,11.283,55.179,33.538
14168555,06/09/2025,Bedford,Curzon Ashton,1.44613,1.34644,2.66402,2.5454,41.29,37.967,20.743
14168568,20/09/2025,Bedford,Spennymoor,0.62795,2.18579,1.51874,2.74226,14.723,66.651,18.626
14168611,21/10/2025,Bedford,Oxford,1.8228,0.84828,1.06263,0.55889,49.796,17.312,32.892
14168658,08/11/2025,Bedford,Merthyr,1.61512,1.14709,1.86832,1.54875,45.911,30.31,23.779
14837121,11/11/2025,Bedford,Buxton,2.37914,0.41069,1.52996,0.39961,72.299,6.684,21.017
14168699,29/11/2025,Bedford,Darlington,0.99601,1.78609,1.58496,2.18221,25.937,52.273,21.79
15029190,16/12/2025,Bedford,Macclesfield,0.46489,2.33239,0.70898,1.86407,8.739,70.989,20.272
14168723,20/12/2025,Bedford,Marine,0.48805,2.31436,0.63439,1.88801,9.682,70.559,19.759
14168748,30/12/2025,Bedford,King's Lynn,1.92157,0.79807,1.38939,0.72228,54.707,17.257,28.036
14168755,03/01/2026,Bedford,Fylde,1.51787,1.15745,1.06587,0.83749,39.773,27.759,32.468
14168784,17/01/2026,Bedford,Southport,1.3545,1.27452,0.76058,0.72005,32.784,30.118,37.098
14168488,09/08/2025,Bedford,Alfreton,1.92105,0.80754,1.64538,0.99183,54.988,17.871,27.141
14168496,19/08/2025,Bedford,Telford,1.26792,1.34154,0.65979,0.71309,29.246,31.7,39.054
14168527,25/08/2025,Bedford,South Shields,0.67387,1.99075,0.37834,1.02564,11.283,55.179,33.538
14168555,06/09/2025,Bedford,Curzon Ashton,1.44613,1.34644,2.66402,2.5454,41.29,37.967,20.743
14168568,20/09/2025,Bedford,Spennymoor,0.62795,2.18579,1.51874,2.74226,14.723,66.651,18.626
14168611,21/10/2025,Bedford,Oxford,1.8228,0.84828,1.06263,0.55889,49.796,17.312,32.892
14168658,08/11/2025,Bedford,Merthyr,1.61512,1.14709,1.86832,1.54875,45.911,30.31,23.779
14837121,11/11/2025,Bedford,Buxton,2.37914,0.41069,1.52996,0.39961,72.299,6.684,21.017
14168699,29/11/2025,Bedford,Darlington,0.99601,1.78609,1.58496,2.18221,25.937,52.273,21.79
15029190,16/12/2025,Bedford,Macclesfield,0.46489,2.33239,0.70898,1.86407,8.739,70.989,20.272
14168723,20/12/2025,Bedford,Marine,0.48805,2.31436,0.63439,1.88801,9.682,70.559,19.759
14168748,30/12/2025,Bedford,King's Lynn,1.92157,0.79807,1.38939,0.72228,54.707,17.257,28.036
14168755,03/01/2026,Bedford,Fylde,1.51787,1.15745,1.06587,0.83749,39.773,27.759,32.468
14168784,17/01/2026,Bedford,Southport,1.3545,1.27452,0.76058,0.72005,32.784,30.118,37.098
14168807,27/01/2026,Bedford,Kidderminster,0.35551,2.47126,0.48681,1.89781,6.076,76.601,17.323
14168488,09/08/2025,Bedford,Alfreton,1.92105,0.80754,1.64538,0.99183,54.988,17.871,27.141
14168496,19/08/2025,Bedford,Telford,1.26792,1.34154,0.65979,0.71309,29.246,31.7,39.054
14168527,25/08/2025,Bedford,South Shields,0.67387,1.99075,0.37834,1.02564,11.283,55.179,33.538
14168555,06/09/2025,Bedford,Curzon Ashton,1.44613,1.34644,2.66402,2.5454,41.29,37.967,20.743
14168568,20/09/2025,Bedford,Spennymoor,0.62795,2.18579,1.51874,2.74226,14.723,66.651,18.626
14168611,21/10/2025,Bedford,Oxford,1.8228,0.84828,1.06263,0.55889,49.796,17.312,32.892
14168658,08/11/2025,Bedford,Merthyr,1.61512,1.14709,1.86832,1.54875,45.911,30.31,23.779
14837121,11/11/2025,Bedford,Buxton,2.37914,0.41069,1.52996,0.39961,72.299,6.684,21.017
14168699,29/11/2025,Bedford,Darlington,0.99601,1.78609,1.58496,2.18221,25.937,52.273,21.79
15029190,16/12/2025,Bedford,Macclesfield,0.46489,2.33239,0.70898,1.86407,8.739,70.989,20.272
14168723,20/12/2025,Bedford,Marine,0.48805,2.31436,0.63439,1.88801,9.682,70.559,19.759
14168748,30/12/2025,Bedford,King's Lynn,1.92157,0.79807,1.38939,0.72228,54.707,17.257,28.036
14168755,03/01/2026,Bedford,Fylde,1.51787,1.15745,1.06587,0.83749,39.773,27.759,32.468
14168784,17/01/2026,Bedford,Southport,1.3545,1.27452,0.76058,0.72005,32.784,30.118,37.098
14168807,27/01/2026,Bedford,Kidderminster,0.35551,2.47126,0.48681,1.89781,6.076,76.601,17.323
14168831,07/02/2026,Bedford,Chester,0.69257,2.06363,0.86407,1.75406,14.959,60.661,24.38
14168488,09/08/2025,Bedford,Alfreton,1.92105,0.80754,1.64538,0.99183,54.988,17.871,27.141
14168496,19/08/2025,Bedford,Telford,1.26792,1.34154,0.65979,0.71309,29.246,31.7,39.054
14168527,25/08/2025,Bedford,South Shields,0.67387,1.99075,0.37834,1.02564,11.283,55.179,33.538
14168555,06/09/2025,Bedford,Curzon Ashton,1.44613,1.34644,2.66402,2.5454,41.29,37.967,20.743
14168568,20/09/2025,Bedford,Spennymoor,0.62795,2.18579,1.51874,2.74226,14.723,66.651,18.626
14168611,21/10/2025,Bedford,Oxford,1.8228,0.84828,1.06263,0.55889,49.796,17.312,32.892
14168658,08/11/2025,Bedford,Merthyr,1.61512,1.14709,1.86832,1.54875,45.911,30.31,23.779
14837121,11/11/2025,Bedford,Buxton,2.37914,0.41069,1.52996,0.39961,72.299,6.684,21.017
14168699,29/11/2025,Bedford,Darlington,0.99601,1.78609,1.58496,2.18221,25.937,52.273,21.79
15029190,16/12/2025,Bedford,Macclesfield,0.46489,2.33239,0.70898,1.86407,8.739,70.989,20.272
14168723,20/12/2025,Bedford,Marine,0.48805,2.31436,0.63439,1.88801,9.682,70.559,19.759
14168748,30/12/2025,Bedford,King's Lynn,1.92157,0.79807,1.38939,0.72228,54.707,17.257,28.036
14168755,03/01/2026,Bedford,Fylde,1.51787,1.15745,1.06587,0.83749,39.773,27.759,32.468
14168784,17/01/2026,Bedford,Southport,1.3545,1.27452,0.76058,0.72005,32.784,30.118,37.098
14168807,27/01/2026,Bedford,Kidderminster,0.35551,2.47126,0.48681,1.89781,6.076,76.601,17.323
14168831,07/02/2026,Bedford,Chester,0.69257,2.06363,0.86407,1.75406,14.959,60.661,24.38
14168866,21/02/2026,Bedford,Chorley,1.24249,1.3564,0.61926,0.67851,28.046,31.843,40.111
14168488,09/08/2025,Bedford,Alfreton,1.92105,0.80754,1.64538,0.99183,54.988,17.871,27.141
14168496,19/08/2025,Bedford,Telford,1.26792,1.34154,0.65979,0.71309,29.246,31.7,39.054
14168527,25/08/2025,Bedford,South Shields,0.67387,1.99075,0.37834,1.02564,11.283,55.179,33.538
14168555,06/09/2025,Bedford,Curzon Ashton,1.44613,1.34644,2.66402,2.5454,41.29,37.967,20.743
14168568,20/09/2025,Bedford,Spennymoor,0.62795,2.18579,1.51874,2.74226,14.723,66.651,18.626
14168611,21/10/2025,Bedford,Oxford,1.8228,0.84828,1.06263,0.55889,49.796,17.312,32.892
14168658,08/11/2025,Bedford,Merthyr,1.61512,1.14709,1.86832,1.54875,45.911,30.31,23.779
14837121,11/11/2025,Bedford,Buxton,2.37914,0.41069,1.52996,0.39961,72.299,6.684,21.017
14168699,29/11/2025,Bedford,Darlington,0.99601,1.78609,1.58496,2.18221,25.937,52.273,21.79
15029190,16/12/2025,Bedford,Macclesfield,0.46489,2.33239,0.70898,1.86407,8.739,70.989,20.272
14168723,20/12/2025,Bedford,Marine,0.48805,2.31436,0.63439,1.88801,9.682,70.559,19.759
14168748,30/12/2025,Bedford,King's Lynn,1.92157,0.79807,1.38939,0.72228,54.707,17.257,28.036
14168755,03/01/2026,Bedford,Fylde,1.51787,1.15745,1.06587,0.83749,39.773,27.759,32.468
14168784,17/01/2026,Bedford,Southport,1.3545,1.27452,0.76058,0.72005,32.784,30.118,37.098
14168807,27/01/2026,Bedford,Kidderminster,0.35551,2.47126,0.48681,1.89781,6.076,76.601,17.323
14168831,07/02/2026,Bedford,Chester,0.69257,2.06363,0.86407,1.75406,14.959,60.661,24.38
14168866,21/02/2026,Bedford,Chorley,1.24249,1.3564,0.61926,0.67851,28.046,31.843,40.111
14168879,24/02/2026,Bedford,Peterborough,1.69973,1.04081,1.64859,1.23167,48.009,26.045,25.946
14168488,09/08/2025,Bedford,Alfreton,1.92105,0.80754,1.64538,0.99183,54.988,17.871,27.141
14168496,19/08/2025,Bedford,Telford,1.26792,1.34154,0.65979,0.71309,29.246,31.7,39.054
14168527,25/08/2025,Bedford,South Shields,0.67387,1.99075,0.37834,1.02564,11.283,55.179,33.538
14168555,06/09/2025,Bedford,Curzon Ashton,1.44613,1.34644,2.66402,2.5454,41.29,37.967,20.743
14168568,20/09/2025,Bedford,Spennymoor,0.62795,2.18579,1.51874,2.74226,14.723,66.651,18.626
14168611,21/10/2025,Bedford,Oxford,1.8228,0.84828,1.06263,0.55889,49.796,17.312,32.892
14168658,08/11/2025,Bedford,Merthyr,1.61512,1.14709,1.86832,1.54875,45.911,30.31,23.779
14837121,11/11/2025,Bedford,Buxton,2.37914,0.41069,1.52996,0.39961,72.299,6.684,21.017
14168699,29/11/2025,Bedford,Darlington,0.99601,1.78609,1.58496,2.18221,25.937,52.273,21.79
15029190,16/12/2025,Bedford,Macclesfield,0.46489,2.33239,0.70898,1.86407,8.739,70.989,20.272
14168723,20/12/2025,Bedford,Marine,0.48805,2.31436,0.63439,1.88801,9.682,70.559,19.759
14168748,30/12/2025,Bedford,King's Lynn,1.92157,0.79807,1.38939,0.72228,54.707,17.257,28.036
14168755,03/01/2026,Bedford,Fylde,1.51787,1.15745,1.06587,0.83749,39.773,27.759,32.468
14168784,17/01/2026,Bedford,Southport,1.3545,1.27452,0.76058,0.72005,32.784,30.118,37.098
14168807,27/01/2026,Bedford,Kidderminster,0.35551,2.47126,0.48681,1.89781,6.076,76.601,17.323
14168831,07/02/2026,Bedford,Chester,0.69257,2.06363,0.86407,1.75406,14.959,60.661,24.38
14168866,21/02/2026,Bedford,Chorley,1.24249,1.3564,0.61926,0.67851,28.046,31.843,40.111
14168879,24/02/2026,Bedford,Peterborough,1.69973,1.04081,1.64859,1.23167,48.009,26.045,25.946
14168916,10/03/2026,Bedford,Worksop,1.76404,0.95263,1.33606,0.86398,49.357,22.31,28.333
14168488,09/08/2025,Bedford,Alfreton,1.92105,0.80754,1.64538,0.99183,54.988,17.871,27.141
14168496,19/08/2025,Bedford,Telford,1.26792,1.34154,0.65979,0.71309,29.246,31.7,39.054
14168527,25/08/2025,Bedford,South Shields,0.67387,1.99075,0.37834,1.02564,11.283,55.179,33.538
14168555,06/09/2025,Bedford,Curzon Ashton,1.44613,1.34644,2.66402,2.5454,41.29,37.967,20.743
14168568,20/09/2025,Bedford,Spennymoor,0.62795,2.18579,1.51874,2.74226,14.723,66.651,18.626
14168611,21/10/2025,Bedford,Oxford,1.8228,0.84828,1.06263,0.55889,49.796,17.312,32.892
14168658,08/11/2025,Bedford,Merthyr,1.61512,1.14709,1.86832,1.54875,45.911,30.31,23.779
14837121,11/11/2025,Bedford,Buxton,2.37914,0.41069,1.52996,0.39961,72.299,6.684,21.017
14168699,29/11/2025,Bedford,Darlington,0.99601,1.78609,1.58496,2.18221,25.937,52.273,21.79
15029190,16/12/2025,Bedford,Macclesfield,0.46489,2.33239,0.70898,1.86407,8.739,70.989,20.272
14168723,20/12/2025,Bedford,Marine,0.48805,2.31436,0.63439,1.88801,9.682,70.559,19.759
14168748,30/12/2025,Bedford,King's Lynn,1.92157,0.79807,1.38939,0.72228,54.707,17.257,28.036
14168755,03/01/2026,Bedford,Fylde,1.51787,1.15745,1.06587,0.83749,39.773,27.759,32.468
14168784,17/01/2026,Bedford,Southport,1.3545,1.27452,0.76058,0.72005,32.784,30.118,37.098
14168807,27/01/2026,Bedford,Kidderminster,0.35551,2.47126,0.48681,1.89781,6.076,76.601,17.323
14168831,07/02/2026,Bedford,Chester,0.69257,2.06363,0.86407,1.75406,14.959,60.661,24.38
14168866,21/02/2026,Bedford,Chorley,1.24249,1.3564,0.61926,0.67851,28.046,31.843,40.111
14168879,24/02/2026,Bedford,Peterborough,1.69973,1.04081,1.64859,1.23167,48.009,26.045,25.946
14168916,10/03/2026,Bedford,Worksop,1.76404,0.95263,1.33606,0.86398,49.357,22.31,28.333
14168928,14/03/2026,Bedford,Radcliffe,2.40758,0.40496,1.95112,0.51177,74.004,7.25,18.746
14168476,09/08/2025,Buxton,Radcliffe,0.84193,1.61908,0.17637,0.51472,10.098,36.003,53.899
14168476,09/08/2025,Buxton,Radcliffe,0.84193,1.61908,0.17637,0.51472,10.098,36.003,53.899
14168492,19/08/2025,Buxton,Hereford,1.04379,1.6356,0.80348,1.11823,24.106,43.833,32.061
14168476,09/08/2025,Buxton,Radcliffe,0.84193,1.61908,0.17637,0.51472,10.098,36.003,53.899
14168492,19/08/2025,Buxton,Hereford,1.04379,1.6356,0.80348,1.11823,24.106,43.833,32.061
14168521,25/08/2025,Buxton,Curzon Ashton,2.15029,0.62392,1.81663,0.79501,64.15,13.271,22.579
14168476,09/08/2025,Buxton,Radcliffe,0.84193,1.61908,0.17637,0.51472,10.098,36.003,53.899
14168492,19/08/2025,Buxton,Hereford,1.04379,1.6356,0.80348,1.11823,24.106,43.833,32.061
14168521,25/08/2025,Buxton,Curzon Ashton,2.15029,0.62392,1.81663,0.79501,64.15,13.271,22.579
14168557,06/09/2025,Buxton,Oxford,1.37287,1.31026,1.34856,1.32327,35.2,33.113,31.687
14168476,09/08/2025,Buxton,Radcliffe,0.84193,1.61908,0.17637,0.51472,10.098,36.003,53.899
14168492,19/08/2025,Buxton,Hereford,1.04379,1.6356,0.80348,1.11823,24.106,43.833,32.061
14168521,25/08/2025,Buxton,Curzon Ashton,2.15029,0.62392,1.81663,0.79501,64.15,13.271,22.579
14168557,06/09/2025,Buxton,Oxford,1.37287,1.31026,1.34856,1.32327,35.2,33.113,31.687
14168580,04/10/2025,Buxton,Darlington,2.08275,0.66171,1.59568,0.68724,60.907,13.539,25.554
14168476,09/08/2025,Buxton,Radcliffe,0.84193,1.61908,0.17637,0.51472,10.098,36.003,53.899
14168492,19/08/2025,Buxton,Hereford,1.04379,1.6356,0.80348,1.11823,24.106,43.833,32.061
14168521,25/08/2025,Buxton,Curzon Ashton,2.15029,0.62392,1.81663,0.79501,64.15,13.271,22.579
14168557,06/09/2025,Buxton,Oxford,1.37287,1.31026,1.34856,1.32327,35.2,33.113,31.687
14168580,04/10/2025,Buxton,Darlington,2.08275,0.66171,1.59568,0.68724,60.907,13.539,25.554
14169188,18/10/2025,Buxton,Chorley,2.65955,0.22592,2.67134,0.77896,84.834,3.713,11.453
14168476,09/08/2025,Buxton,Radcliffe,0.84193,1.61908,0.17637,0.51472,10.098,36.003,53.899
14168492,19/08/2025,Buxton,Hereford,1.04379,1.6356,0.80348,1.11823,24.106,43.833,32.061
14168521,25/08/2025,Buxton,Curzon Ashton,2.15029,0.62392,1.81663,0.79501,64.15,13.271,22.579
14168557,06/09/2025,Buxton,Oxford,1.37287,1.31026,1.34856,1.32327,35.2,33.113,31.687
14168580,04/10/2025,Buxton,Darlington,2.08275,0.66171,1.59568,0.68724,60.907,13.539,25.554
14169188,18/10/2025,Buxton,Chorley,2.65955,0.22592,2.67134,0.77896,84.834,3.713,11.453
14168628,25/10/2025,Buxton,Alfreton,2.71139,0.17852,2.30069,0.27765,86.71,2.281,11.009
14168476,09/08/2025,Buxton,Radcliffe,0.84193,1.61908,0.17637,0.51472,10.098,36.003,53.899
14168492,19/08/2025,Buxton,Hereford,1.04379,1.6356,0.80348,1.11823,24.106,43.833,32.061
14168521,25/08/2025,Buxton,Curzon Ashton,2.15029,0.62392,1.81663,0.79501,64.15,13.271,22.579
14168557,06/09/2025,Buxton,Oxford,1.37287,1.31026,1.34856,1.32327,35.2,33.113,31.687
14168580,04/10/2025,Buxton,Darlington,2.08275,0.66171,1.59568,0.68724,60.907,13.539,25.554
14169188,18/10/2025,Buxton,Chorley,2.65955,0.22592,2.67134,0.77896,84.834,3.713,11.453
14168628,25/10/2025,Buxton,Alfreton,2.71139,0.17852,2.30069,0.27765,86.71,2.281,11.009
14168654,04/11/2025,Buxton,Southport,2.07273,0.68019,1.62268,0.75333,60.855,14.437,24.708
14168476,09/08/2025,Buxton,Radcliffe,0.84193,1.61908,0.17637,0.51472,10.098,36.003,53.899
14168492,19/08/2025,Buxton,Hereford,1.04379,1.6356,0.80348,1.11823,24.106,43.833,32.061
14168521,25/08/2025,Buxton,Curzon Ashton,2.15029,0.62392,1.81663,0.79501,64.15,13.271,22.579
14168557,06/09/2025,Buxton,Oxford,1.37287,1.31026,1.34856,1.32327,35.2,33.113,31.687
14168580,04/10/2025,Buxton,Darlington,2.08275,0.66171,1.59568,0.68724,60.907,13.539,25.554
14169188,18/10/2025,Buxton,Chorley,2.65955,0.22592,2.67134,0.77896,84.834,3.713,11.453
14168628,25/10/2025,Buxton,Alfreton,2.71139,0.17852,2.30069,0.27765,86.71,2.281,11.009
14168654,04/11/2025,Buxton,Southport,2.07273,0.68019,1.62268,0.75333,60.855,14.437,24.708
14168662,08/11/2025,Buxton,Chester,1.23515,1.48328,1.44436,1.59162,31.786,40.057,28.157
14168476,09/08/2025,Buxton,Radcliffe,0.84193,1.61908,0.17637,0.51472,10.098,36.003,53.899
14168492,19/08/2025,Buxton,Hereford,1.04379,1.6356,0.80348,1.11823,24.106,43.833,32.061
14168521,25/08/2025,Buxton,Curzon Ashton,2.15029,0.62392,1.81663,0.79501,64.15,13.271,22.579
14168557,06/09/2025,Buxton,Oxford,1.37287,1.31026,1.34856,1.32327,35.2,33.113,31.687
14168580,04/10/2025,Buxton,Darlington,2.08275,0.66171,1.59568,0.68724,60.907,13.539,25.554
14169188,18/10/2025,Buxton,Chorley,2.65955,0.22592,2.67134,0.77896,84.834,3.713,11.453
14168628,25/10/2025,Buxton,Alfreton,2.71139,0.17852,2.30069,0.27765,86.71,2.281,11.009
14168654,04/11/2025,Buxton,Southport,2.07273,0.68019,1.62268,0.75333,60.855,14.437,24.708
14168662,08/11/2025,Buxton,Chester,1.23515,1.48328,1.44436,1.59162,31.786,40.057,28.157
14168700,29/11/2025,Buxton,Merthyr,1.24865,1.46264,1.13054,1.26116,31.998,39.131,28.871
14168476,09/08/2025,Buxton,Radcliffe,0.84193,1.61908,0.17637,0.51472,10.098,36.003,53.899
14168492,19/08/2025,Buxton,Hereford,1.04379,1.6356,0.80348,1.11823,24.106,43.833,32.061
14168521,25/08/2025,Buxton,Curzon Ashton,2.15029,0.62392,1.81663,0.79501,64.15,13.271,22.579
14168557,06/09/2025,Buxton,Oxford,1.37287,1.31026,1.34856,1.32327,35.2,33.113,31.687
14168580,04/10/2025,Buxton,Darlington,2.08275,0.66171,1.59568,0.68724,60.907,13.539,25.554
14169188,18/10/2025,Buxton,Chorley,2.65955,0.22592,2.67134,0.77896,84.834,3.713,11.453
14168628,25/10/2025,Buxton,Alfreton,2.71139,0.17852,2.30069,0.27765,86.71,2.281,11.009
14168654,04/11/2025,Buxton,Southport,2.07273,0.68019,1.62268,0.75333,60.855,14.437,24.708
14168662,08/11/2025,Buxton,Chester,1.23515,1.48328,1.44436,1.59162,31.786,40.057,28.157
14168700,29/11/2025,Buxton,Merthyr,1.24865,1.46264,1.13054,1.26116,31.998,39.131,28.871
14168724,20/12/2025,Buxton,Telford,1.3692,1.31313,1.07032,1.00753,35.051,33.182,31.767
14168476,09/08/2025,Buxton,Radcliffe,0.84193,1.61908,0.17637,0.51472,10.098,36.003,53.899
14168492,19/08/2025,Buxton,Hereford,1.04379,1.6356,0.80348,1.11823,24.106,43.833,32.061
14168521,25/08/2025,Buxton,Curzon Ashton,2.15029,0.62392,1.81663,0.79501,64.15,13.271,22.579
14168557,06/09/2025,Buxton,Oxford,1.37287,1.31026,1.34856,1.32327,35.2,33.113,31.687
14168580,04/10/2025,Buxton,Darlington,2.08275,0.66171,1.59568,0.68724,60.907,13.539,25.554
14169188,18/10/2025,Buxton,Chorley,2.65955,0.22592,2.67134,0.77896,84.834,3.713,11.453
14168628,25/10/2025,Buxton,Alfreton,2.71139,0.17852,2.30069,0.27765,86.71,2.281,11.009
14168654,04/11/2025,Buxton,Southport,2.07273,0.68019,1.62268,0.75333,60.855,14.437,24.708
14168662,08/11/2025,Buxton,Chester,1.23515,1.48328,1.44436,1.59162,31.786,40.057,28.157
14168700,29/11/2025,Buxton,Merthyr,1.24865,1.46264,1.13054,1.26116,31.998,39.131,28.871
14168724,20/12/2025,Buxton,Telford,1.3692,1.31313,1.07032,1.00753,35.051,33.182,31.767
14168751,30/12/2025,Buxton,Worksop,1.09098,1.6554,1.30895,1.69665,27.912,46.726,25.362
14168476,09/08/2025,Buxton,Radcliffe,0.84193,1.61908,0.17637,0.51472,10.098,36.003,53.899
14168492,19/08/2025,Buxton,Hereford,1.04379,1.6356,0.80348,1.11823,24.106,43.833,32.061
14168521,25/08/2025,Buxton,Curzon Ashton,2.15029,0.62392,1.81663,0.79501,64.15,13.271,22.579
14168557,06/09/2025,Buxton,Oxford,1.37287,1.31026,1.34856,1.32327,35.2,33.113,31.687
14168580,04/10/2025,Buxton,Darlington,2.08275,0.66171,1.59568,0.68724,60.907,13.539,25.554
14169188,18/10/2025,Buxton,Chorley,2.65955,0.22592,2.67134,0.77896,84.834,3.713,11.453
14168628,25/10/2025,Buxton,Alfreton,2.71139,0.17852,2.30069,0.27765,86.71,2.281,11.009
14168654,04/11/2025,Buxton,Southport,2.07273,0.68019,1.62268,0.75333,60.855,14.437,24.708
14168662,08/11/2025,Buxton,Chester,1.23515,1.48328,1.44436,1.59162,31.786,40.057,28.157
14168700,29/11/2025,Buxton,Merthyr,1.24865,1.46264,1.13054,1.26116,31.998,39.131,28.871
14168724,20/12/2025,Buxton,Telford,1.3692,1.31313,1.07032,1.00753,35.051,33.182,31.767
14168751,30/12/2025,Buxton,Worksop,1.09098,1.6554,1.30895,1.69665,27.912,46.726,25.362
14168757,03/01/2026,Buxton,South Shields,1.02099,1.64799,0.71241,1.06986,22.999,43.899,33.102
14168476,09/08/2025,Buxton,Radcliffe,0.84193,1.61908,0.17637,0.51472,10.098,36.003,53.899
14168492,19/08/2025,Buxton,Hereford,1.04379,1.6356,0.80348,1.11823,24.106,43.833,32.061
14168521,25/08/2025,Buxton,Curzon Ashton,2.15029,0.62392,1.81663,0.79501,64.15,13.271,22.579
14168557,06/09/2025,Buxton,Oxford,1.37287,1.31026,1.34856,1.32327,35.2,33.113,31.687
14168580,04/10/2025,Buxton,Darlington,2.08275,0.66171,1.59568,0.68724,60.907,13.539,25.554
14169188,18/10/2025,Buxton,Chorley,2.65955,0.22592,2.67134,0.77896,84.834,3.713,11.453
14168628,25/10/2025,Buxton,Alfreton,2.71139,0.17852,2.30069,0.27765,86.71,2.281,11.009
14168654,04/11/2025,Buxton,Southport,2.07273,0.68019,1.62268,0.75333,60.855,14.437,24.708
14168662,08/11/2025,Buxton,Chester,1.23515,1.48328,1.44436,1.59162,31.786,40.057,28.157
14168700,29/11/2025,Buxton,Merthyr,1.24865,1.46264,1.13054,1.26116,31.998,39.131,28.871
14168724,20/12/2025,Buxton,Telford,1.3692,1.31313,1.07032,1.00753,35.051,33.182,31.767
14168751,30/12/2025,Buxton,Worksop,1.09098,1.6554,1.30895,1.69665,27.912,46.726,25.362
14168757,03/01/2026,Buxton,South Shields,1.02099,1.64799,0.71241,1.06986,22.999,43.899,33.102
14168783,17/01/2026,Buxton,Marine,2.8492,0.08731,2.31696,0.20186,92.857,0.794,6.349
14168476,09/08/2025,Buxton,Radcliffe,0.84193,1.61908,0.17637,0.51472,10.098,36.003,53.899
14168492,19/08/2025,Buxton,Hereford,1.04379,1.6356,0.80348,1.11823,24.106,43.833,32.061
14168521,25/08/2025,Buxton,Curzon Ashton,2.15029,0.62392,1.81663,0.79501,64.15,13.271,22.579
14168557,06/09/2025,Buxton,Oxford,1.37287,1.31026,1.34856,1.32327,35.2,33.113,31.687
14168580,04/10/2025,Buxton,Darlington,2.08275,0.66171,1.59568,0.68724,60.907,13.539,25.554
14169188,18/10/2025,Buxton,Chorley,2.65955,0.22592,2.67134,0.77896,84.834,3.713,11.453
14168628,25/10/2025,Buxton,Alfreton,2.71139,0.17852,2.30069,0.27765,86.71,2.281,11.009
14168654,04/11/2025,Buxton,Southport,2.07273,0.68019,1.62268,0.75333,60.855,14.437,24.708
14168662,08/11/2025,Buxton,Chester,1.23515,1.48328,1.44436,1.59162,31.786,40.057,28.157
14168700,29/11/2025,Buxton,Merthyr,1.24865,1.46264,1.13054,1.26116,31.998,39.131,28.871
14168724,20/12/2025,Buxton,Telford,1.3692,1.31313,1.07032,1.00753,35.051,33.182,31.767
14168751,30/12/2025,Buxton,Worksop,1.09098,1.6554,1.30895,1.69665,27.912,46.726,25.362
14168757,03/01/2026,Buxton,South Shields,1.02099,1.64799,0.71241,1.06986,22.999,43.899,33.102
14168783,17/01/2026,Buxton,Marine,2.8492,0.08731,2.31696,0.20186,92.857,0.794,6.349
14168820,31/10/2025,Buxton,Spennymoor,1.51897,1.26727,3.24383,3.01493,43.507,35.117,21.376
14168476,09/08/2025,Buxton,Radcliffe,0.84193,1.61908,0.17637,0.51472,10.098,36.003,53.899
14168492,19/08/2025,Buxton,Hereford,1.04379,1.6356,0.80348,1.11823,24.106,43.833,32.061
14168521,25/08/2025,Buxton,Curzon Ashton,2.15029,0.62392,1.81663,0.79501,64.15,13.271,22.579
14168557,06/09/2025,Buxton,Oxford,1.37287,1.31026,1.34856,1.32327,35.2,33.113,31.687
14168580,04/10/2025,Buxton,Darlington,2.08275,0.66171,1.59568,0.68724,60.907,13.539,25.554
14169188,18/10/2025,Buxton,Chorley,2.65955,0.22592,2.67134,0.77896,84.834,3.713,11.453
14168628,25/10/2025,Buxton,Alfreton,2.71139,0.17852,2.30069,0.27765,86.71,2.281,11.009
14168654,04/11/2025,Buxton,Southport,2.07273,0.68019,1.62268,0.75333,60.855,14.437,24.708
14168662,08/11/2025,Buxton,Chester,1.23515,1.48328,1.44436,1.59162,31.786,40.057,28.157
14168700,29/11/2025,Buxton,Merthyr,1.24865,1.46264,1.13054,1.26116,31.998,39.131,28.871
14168724,20/12/2025,Buxton,Telford,1.3692,1.31313,1.07032,1.00753,35.051,33.182,31.767
14168751,30/12/2025,Buxton,Worksop,1.09098,1.6554,1.30895,1.69665,27.912,46.726,25.362
14168757,03/01/2026,Buxton,South Shields,1.02099,1.64799,0.71241,1.06986,22.999,43.899,33.102
14168783,17/01/2026,Buxton,Marine,2.8492,0.08731,2.31696,0.20186,92.857,0.794,6.349
14168820,31/10/2025,Buxton,Spennymoor,1.51897,1.26727,3.24383,3.01493,43.507,35.117,21.376
14168845,10/02/2026,Buxton,Peterborough,2.22387,0.51474,1.37253,0.37488,65.416,8.445,26.139
14168476,09/08/2025,Buxton,Radcliffe,0.84193,1.61908,0.17637,0.51472,10.098,36.003,53.899
14168492,19/08/2025,Buxton,Hereford,1.04379,1.6356,0.80348,1.11823,24.106,43.833,32.061
14168521,25/08/2025,Buxton,Curzon Ashton,2.15029,0.62392,1.81663,0.79501,64.15,13.271,22.579
14168557,06/09/2025,Buxton,Oxford,1.37287,1.31026,1.34856,1.32327,35.2,33.113,31.687
14168580,04/10/2025,Buxton,Darlington,2.08275,0.66171,1.59568,0.68724,60.907,13.539,25.554
14169188,18/10/2025,Buxton,Chorley,2.65955,0.22592,2.67134,0.77896,84.834,3.713,11.453
14168628,25/10/2025,Buxton,Alfreton,2.71139,0.17852,2.30069,0.27765,86.71,2.281,11.009
14168654,04/11/2025,Buxton,Southport,2.07273,0.68019,1.62268,0.75333,60.855,14.437,24.708
14168662,08/11/2025,Buxton,Chester,1.23515,1.48328,1.44436,1.59162,31.786,40.057,28.157
14168700,29/11/2025,Buxton,Merthyr,1.24865,1.46264,1.13054,1.26116,31.998,39.131,28.871
14168724,20/12/2025,Buxton,Telford,1.3692,1.31313,1.07032,1.00753,35.051,33.182,31.767
14168751,30/12/2025,Buxton,Worksop,1.09098,1.6554,1.30895,1.69665,27.912,46.726,25.362
14168757,03/01/2026,Buxton,South Shields,1.02099,1.64799,0.71241,1.06986,22.999,43.899,33.102
14168783,17/01/2026,Buxton,Marine,2.8492,0.08731,2.31696,0.20186,92.857,0.794,6.349
14168820,31/10/2025,Buxton,Spennymoor,1.51897,1.26727,3.24383,3.01493,43.507,35.117,21.376
14168845,10/02/2026,Buxton,Peterborough,2.22387,0.51474,1.37253,0.37488,65.416,8.445,26.139
14168868,21/02/2026,Buxton,Fylde,1.27646,1.32626,0.64031,0.67998,29.306,30.966,39.728
14168476,09/08/2025,Buxton,Radcliffe,0.84193,1.61908,0.17637,0.51472,10.098,36.003,53.899
14168492,19/08/2025,Buxton,Hereford,1.04379,1.6356,0.80348,1.11823,24.106,43.833,32.061
14168521,25/08/2025,Buxton,Curzon Ashton,2.15029,0.62392,1.81663,0.79501,64.15,13.271,22.579
14168557,06/09/2025,Buxton,Oxford,1.37287,1.31026,1.34856,1.32327,35.2,33.113,31.687
14168580,04/10/2025,Buxton,Darlington,2.08275,0.66171,1.59568,0.68724,60.907,13.539,25.554
14169188,18/10/2025,Buxton,Chorley,2.65955,0.22592,2.67134,0.77896,84.834,3.713,11.453
14168628,25/10/2025,Buxton,Alfreton,2.71139,0.17852,2.30069,0.27765,86.71,2.281,11.009
14168654,04/11/2025,Buxton,Southport,2.07273,0.68019,1.62268,0.75333,60.855,14.437,24.708
14168662,08/11/2025,Buxton,Chester,1.23515,1.48328,1.44436,1.59162,31.786,40.057,28.157
14168700,29/11/2025,Buxton,Merthyr,1.24865,1.46264,1.13054,1.26116,31.998,39.131,28.871
14168724,20/12/2025,Buxton,Telford,1.3692,1.31313,1.07032,1.00753,35.051,33.182,31.767
14168751,30/12/2025,Buxton,Worksop,1.09098,1.6554,1.30895,1.69665,27.912,46.726,25.362
14168757,03/01/2026,Buxton,South Shields,1.02099,1.64799,0.71241,1.06986,22.999,43.899,33.102
14168783,17/01/2026,Buxton,Marine,2.8492,0.08731,2.31696,0.20186,92.857,0.794,6.349
14168820,31/10/2025,Buxton,Spennymoor,1.51897,1.26727,3.24383,3.01493,43.507,35.117,21.376
14168845,10/02/2026,Buxton,Peterborough,2.22387,0.51474,1.37253,0.37488,65.416,8.445,26.139
14168868,21/02/2026,Buxton,Fylde,1.27646,1.32626,0.64031,0.67998,29.306,30.966,39.728
14168878,24/02/2026,Buxton,King's Lynn,0.68819,2.05697,0.9134,1.71182,14.445,60.071,25.484
14168476,09/08/2025,Buxton,Radcliffe,0.84193,1.61908,0.17637,0.51472,10.098,36.003,53.899
14168492,19/08/2025,Buxton,Hereford,1.04379,1.6356,0.80348,1.11823,24.106,43.833,32.061
14168521,25/08/2025,Buxton,Curzon Ashton,2.15029,0.62392,1.81663,0.79501,64.15,13.271,22.579
14168557,06/09/2025,Buxton,Oxford,1.37287,1.31026,1.34856,1.32327,35.2,33.113,31.687
14168580,04/10/2025,Buxton,Darlington,2.08275,0.66171,1.59568,0.68724,60.907,13.539,25.554
14169188,18/10/2025,Buxton,Chorley,2.65955,0.22592,2.67134,0.77896,84.834,3.713,11.453
14168628,25/10/2025,Buxton,Alfreton,2.71139,0.17852,2.30069,0.27765,86.71,2.281,11.009
14168654,04/11/2025,Buxton,Southport,2.07273,0.68019,1.62268,0.75333,60.855,14.437,24.708
14168662,08/11/2025,Buxton,Chester,1.23515,1.48328,1.44436,1.59162,31.786,40.057,28.157
14168700,29/11/2025,Buxton,Merthyr,1.24865,1.46264,1.13054,1.26116,31.998,39.131,28.871
14168724,20/12/2025,Buxton,Telford,1.3692,1.31313,1.07032,1.00753,35.051,33.182,31.767
14168751,30/12/2025,Buxton,Worksop,1.09098,1.6554,1.30895,1.69665,27.912,46.726,25.362
14168757,03/01/2026,Buxton,South Shields,1.02099,1.64799,0.71241,1.06986,22.999,43.899,33.102
14168783,17/01/2026,Buxton,Marine,2.8492,0.08731,2.31696,0.20186,92.857,0.794,6.349
14168820,31/10/2025,Buxton,Spennymoor,1.51897,1.26727,3.24383,3.01493,43.507,35.117,21.376
14168845,10/02/2026,Buxton,Peterborough,2.22387,0.51474,1.37253,0.37488,65.416,8.445,26.139
14168868,21/02/2026,Buxton,Fylde,1.27646,1.32626,0.64031,0.67998,29.306,30.966,39.728
14168878,24/02/2026,Buxton,King's Lynn,0.68819,2.05697,0.9134,1.71182,14.445,60.071,25.484
14168939,21/03/2026,Buxton,Bedford,2.19968,0.5168,1.2092,0.29479,63.872,7.776,28.352
14168485,09/08/2025,Chester,Peterborough,1.96419,0.76275,1.44413,0.7271,56.371,16.323,27.306
14168485,09/08/2025,Chester,Peterborough,1.96419,0.76275,1.44413,0.7271,56.371,16.323,27.306
14168484,19/08/2025,Chester,Curzon Ashton,1.4746,1.14184,0.80091,0.6045,36.368,25.276,38.356
14168485,09/08/2025,Chester,Peterborough,1.96419,0.76275,1.44413,0.7271,56.371,16.323,27.306
14168484,19/08/2025,Chester,Curzon Ashton,1.4746,1.14184,0.80091,0.6045,36.368,25.276,38.356
14168519,25/08/2025,Chester,Oxford,2.52572,0.30599,1.93875,0.38793,78.581,4.59,16.829
14168485,09/08/2025,Chester,Peterborough,1.96419,0.76275,1.44413,0.7271,56.371,16.323,27.306
14168484,19/08/2025,Chester,Curzon Ashton,1.4746,1.14184,0.80091,0.6045,36.368,25.276,38.356
14168519,25/08/2025,Chester,Oxford,2.52572,0.30599,1.93875,0.38793,78.581,4.59,16.829
14168556,06/09/2025,Chester,Scarborough,1.84206,0.88623,1.59362,0.94242,52.345,20.484,27.171
14168485,09/08/2025,Chester,Peterborough,1.96419,0.76275,1.44413,0.7271,56.371,16.323,27.306
14168484,19/08/2025,Chester,Curzon Ashton,1.4746,1.14184,0.80091,0.6045,36.368,25.276,38.356
14168519,25/08/2025,Chester,Oxford,2.52572,0.30599,1.93875,0.38793,78.581,4.59,16.829
14168556,06/09/2025,Chester,Scarborough,1.84206,0.88623,1.59362,0.94242,52.345,20.484,27.171
14168578,04/10/2025,Chester,Merthyr,1.87007,0.87365,1.65469,1.00588,53.793,20.579,25.628
14168485,09/08/2025,Chester,Peterborough,1.96419,0.76275,1.44413,0.7271,56.371,16.323,27.306
14168484,19/08/2025,Chester,Curzon Ashton,1.4746,1.14184,0.80091,0.6045,36.368,25.276,38.356
14168519,25/08/2025,Chester,Oxford,2.52572,0.30599,1.93875,0.38793,78.581,4.59,16.829
14168556,06/09/2025,Chester,Scarborough,1.84206,0.88623,1.59362,0.94242,52.345,20.484,27.171
14168578,04/10/2025,Chester,Merthyr,1.87007,0.87365,1.65469,1.00588,53.793,20.579,25.628
14168603,18/10/2025,Chester,Kidderminster,1.3631,1.31459,1.02931,1.03511,34.693,33.076,32.231
14168485,09/08/2025,Chester,Peterborough,1.96419,0.76275,1.44413,0.7271,56.371,16.323,27.306
14168484,19/08/2025,Chester,Curzon Ashton,1.4746,1.14184,0.80091,0.6045,36.368,25.276,38.356
14168519,25/08/2025,Chester,Oxford,2.52572,0.30599,1.93875,0.38793,78.581,4.59,16.829
14168556,06/09/2025,Chester,Scarborough,1.84206,0.88623,1.59362,0.94242,52.345,20.484,27.171
14168578,04/10/2025,Chester,Merthyr,1.87007,0.87365,1.65469,1.00588,53.793,20.579,25.628
14168603,18/10/2025,Chester,Kidderminster,1.3631,1.31459,1.02931,1.03511,34.693,33.076,32.231
14168626,25/10/2025,Chester,Bedford,2.66067,0.21627,2.25322,0.41798,84.587,3.107,12.306
14168485,09/08/2025,Chester,Peterborough,1.96419,0.76275,1.44413,0.7271,56.371,16.323,27.306
14168484,19/08/2025,Chester,Curzon Ashton,1.4746,1.14184,0.80091,0.6045,36.368,25.276,38.356
14168519,25/08/2025,Chester,Oxford,2.52572,0.30599,1.93875,0.38793,78.581,4.59,16.829
14168556,06/09/2025,Chester,Scarborough,1.84206,0.88623,1.59362,0.94242,52.345,20.484,27.171
14168578,04/10/2025,Chester,Merthyr,1.87007,0.87365,1.65469,1.00588,53.793,20.579,25.628
14168603,18/10/2025,Chester,Kidderminster,1.3631,1.31459,1.02931,1.03511,34.693,33.076,32.231
14168626,25/10/2025,Chester,Bedford,2.66067,0.21627,2.25322,0.41798,84.587,3.107,12.306
14168652,04/11/2025,Chester,Marine,1.72265,0.89729,0.8888,0.45303,44.753,17.241,38.006
14168485,09/08/2025,Chester,Peterborough,1.96419,0.76275,1.44413,0.7271,56.371,16.323,27.306
14168484,19/08/2025,Chester,Curzon Ashton,1.4746,1.14184,0.80091,0.6045,36.368,25.276,38.356
14168519,25/08/2025,Chester,Oxford,2.52572,0.30599,1.93875,0.38793,78.581,4.59,16.829
14168556,06/09/2025,Chester,Scarborough,1.84206,0.88623,1.59362,0.94242,52.345,20.484,27.171
14168578,04/10/2025,Chester,Merthyr,1.87007,0.87365,1.65469,1.00588,53.793,20.579,25.628
14168603,18/10/2025,Chester,Kidderminster,1.3631,1.31459,1.02931,1.03511,34.693,33.076,32.231
14168626,25/10/2025,Chester,Bedford,2.66067,0.21627,2.25322,0.41798,84.587,3.107,12.306
14168652,04/11/2025,Chester,Marine,1.72265,0.89729,0.8888,0.45303,44.753,17.241,38.006
14168677,22/11/2025,Chester,Leamington,2.16387,0.59163,1.53477,0.52902,63.979,11.571,24.45
14168485,09/08/2025,Chester,Peterborough,1.96419,0.76275,1.44413,0.7271,56.371,16.323,27.306
14168484,19/08/2025,Chester,Curzon Ashton,1.4746,1.14184,0.80091,0.6045,36.368,25.276,38.356
14168519,25/08/2025,Chester,Oxford,2.52572,0.30599,1.93875,0.38793,78.581,4.59,16.829
14168556,06/09/2025,Chester,Scarborough,1.84206,0.88623,1.59362,0.94242,52.345,20.484,27.171
14168578,04/10/2025,Chester,Merthyr,1.87007,0.87365,1.65469,1.00588,53.793,20.579,25.628
14168603,18/10/2025,Chester,Kidderminster,1.3631,1.31459,1.02931,1.03511,34.693,33.076,32.231
14168626,25/10/2025,Chester,Bedford,2.66067,0.21627,2.25322,0.41798,84.587,3.107,12.306
14168652,04/11/2025,Chester,Marine,1.72265,0.89729,0.8888,0.45303,44.753,17.241,38.006
14168677,22/11/2025,Chester,Leamington,2.16387,0.59163,1.53477,0.52902,63.979,11.571,24.45
14168687,25/11/2025,Chester,Hereford,1.36218,1.40889,2.11137,2.13385,37.775,39.332,22.893
14168485,09/08/2025,Chester,Peterborough,1.96419,0.76275,1.44413,0.7271,56.371,16.323,27.306
14168484,19/08/2025,Chester,Curzon Ashton,1.4746,1.14184,0.80091,0.6045,36.368,25.276,38.356
14168519,25/08/2025,Chester,Oxford,2.52572,0.30599,1.93875,0.38793,78.581,4.59,16.829
14168556,06/09/2025,Chester,Scarborough,1.84206,0.88623,1.59362,0.94242,52.345,20.484,27.171
14168578,04/10/2025,Chester,Merthyr,1.87007,0.87365,1.65469,1.00588,53.793,20.579,25.628
14168603,18/10/2025,Chester,Kidderminster,1.3631,1.31459,1.02931,1.03511,34.693,33.076,32.231
14168626,25/10/2025,Chester,Bedford,2.66067,0.21627,2.25322,0.41798,84.587,3.107,12.306
14168652,04/11/2025,Chester,Marine,1.72265,0.89729,0.8888,0.45303,44.753,17.241,38.006
14168677,22/11/2025,Chester,Leamington,2.16387,0.59163,1.53477,0.52902,63.979,11.571,24.45
14168687,25/11/2025,Chester,Hereford,1.36218,1.40889,2.11137,2.13385,37.775,39.332,22.893
14168726,20/12/2025,Chester,South Shields,1.90539,0.87201,2.18704,1.41794,56.093,21.647,22.26
14168485,09/08/2025,Chester,Peterborough,1.96419,0.76275,1.44413,0.7271,56.371,16.323,27.306
14168484,19/08/2025,Chester,Curzon Ashton,1.4746,1.14184,0.80091,0.6045,36.368,25.276,38.356
14168519,25/08/2025,Chester,Oxford,2.52572,0.30599,1.93875,0.38793,78.581,4.59,16.829
14168556,06/09/2025,Chester,Scarborough,1.84206,0.88623,1.59362,0.94242,52.345,20.484,27.171
14168578,04/10/2025,Chester,Merthyr,1.87007,0.87365,1.65469,1.00588,53.793,20.579,25.628
14168603,18/10/2025,Chester,Kidderminster,1.3631,1.31459,1.02931,1.03511,34.693,33.076,32.231
14168626,25/10/2025,Chester,Bedford,2.66067,0.21627,2.25322,0.41798,84.587,3.107,12.306
14168652,04/11/2025,Chester,Marine,1.72265,0.89729,0.8888,0.45303,44.753,17.241,38.006
14168677,22/11/2025,Chester,Leamington,2.16387,0.59163,1.53477,0.52902,63.979,11.571,24.45
14168687,25/11/2025,Chester,Hereford,1.36218,1.40889,2.11137,2.13385,37.775,39.332,22.893
14168726,20/12/2025,Chester,South Shields,1.90539,0.87201,2.18704,1.41794,56.093,21.647,22.26
14168747,30/12/2025,Chester,Macclesfield,1.78989,0.91185,1.38847,0.91768,49.721,20.453,29.826
14168485,09/08/2025,Chester,Peterborough,1.96419,0.76275,1.44413,0.7271,56.371,16.323,27.306
14168484,19/08/2025,Chester,Curzon Ashton,1.4746,1.14184,0.80091,0.6045,36.368,25.276,38.356
14168519,25/08/2025,Chester,Oxford,2.52572,0.30599,1.93875,0.38793,78.581,4.59,16.829
14168556,06/09/2025,Chester,Scarborough,1.84206,0.88623,1.59362,0.94242,52.345,20.484,27.171
14168578,04/10/2025,Chester,Merthyr,1.87007,0.87365,1.65469,1.00588,53.793,20.579,25.628
14168603,18/10/2025,Chester,Kidderminster,1.3631,1.31459,1.02931,1.03511,34.693,33.076,32.231
14168626,25/10/2025,Chester,Bedford,2.66067,0.21627,2.25322,0.41798,84.587,3.107,12.306
14168652,04/11/2025,Chester,Marine,1.72265,0.89729,0.8888,0.45303,44.753,17.241,38.006
14168677,22/11/2025,Chester,Leamington,2.16387,0.59163,1.53477,0.52902,63.979,11.571,24.45
14168687,25/11/2025,Chester,Hereford,1.36218,1.40889,2.11137,2.13385,37.775,39.332,22.893
14168726,20/12/2025,Chester,South Shields,1.90539,0.87201,2.18704,1.41794,56.093,21.647,22.26
14168747,30/12/2025,Chester,Macclesfield,1.78989,0.91185,1.38847,0.91768,49.721,20.453,29.826
14168759,03/01/2026,Chester,Worksop,2.53679,0.34931,3.80402,1.68201,80.763,7.847,11.39
14168485,09/08/2025,Chester,Peterborough,1.96419,0.76275,1.44413,0.7271,56.371,16.323,27.306
14168484,19/08/2025,Chester,Curzon Ashton,1.4746,1.14184,0.80091,0.6045,36.368,25.276,38.356
14168519,25/08/2025,Chester,Oxford,2.52572,0.30599,1.93875,0.38793,78.581,4.59,16.829
14168556,06/09/2025,Chester,Scarborough,1.84206,0.88623,1.59362,0.94242,52.345,20.484,27.171
14168578,04/10/2025,Chester,Merthyr,1.87007,0.87365,1.65469,1.00588,53.793,20.579,25.628
14168603,18/10/2025,Chester,Kidderminster,1.3631,1.31459,1.02931,1.03511,34.693,33.076,32.231
14168626,25/10/2025,Chester,Bedford,2.66067,0.21627,2.25322,0.41798,84.587,3.107,12.306
14168652,04/11/2025,Chester,Marine,1.72265,0.89729,0.8888,0.45303,44.753,17.241,38.006
14168677,22/11/2025,Chester,Leamington,2.16387,0.59163,1.53477,0.52902,63.979,11.571,24.45
14168687,25/11/2025,Chester,Hereford,1.36218,1.40889,2.11137,2.13385,37.775,39.332,22.893
14168726,20/12/2025,Chester,South Shields,1.90539,0.87201,2.18704,1.41794,56.093,21.647,22.26
14168747,30/12/2025,Chester,Macclesfield,1.78989,0.91185,1.38847,0.91768,49.721,20.453,29.826
14168759,03/01/2026,Chester,Worksop,2.53679,0.34931,3.80402,1.68201,80.763,7.847,11.39
14168785,17/01/2026,Chester,Chorley,1.9949,0.75113,1.69772,0.89613,58.031,16.572,25.397
14168485,09/08/2025,Chester,Peterborough,1.96419,0.76275,1.44413,0.7271,56.371,16.323,27.306
14168484,19/08/2025,Chester,Curzon Ashton,1.4746,1.14184,0.80091,0.6045,36.368,25.276,38.356
14168519,25/08/2025,Chester,Oxford,2.52572,0.30599,1.93875,0.38793,78.581,4.59,16.829
14168556,06/09/2025,Chester,Scarborough,1.84206,0.88623,1.59362,0.94242,52.345,20.484,27.171
14168578,04/10/2025,Chester,Merthyr,1.87007,0.87365,1.65469,1.00588,53.793,20.579,25.628
14168603,18/10/2025,Chester,Kidderminster,1.3631,1.31459,1.02931,1.03511,34.693,33.076,32.231
14168626,25/10/2025,Chester,Bedford,2.66067,0.21627,2.25322,0.41798,84.587,3.107,12.306
14168652,04/11/2025,Chester,Marine,1.72265,0.89729,0.8888,0.45303,44.753,17.241,38.006
14168677,22/11/2025,Chester,Leamington,2.16387,0.59163,1.53477,0.52902,63.979,11.571,24.45
14168687,25/11/2025,Chester,Hereford,1.36218,1.40889,2.11137,2.13385,37.775,39.332,22.893
14168726,20/12/2025,Chester,South Shields,1.90539,0.87201,2.18704,1.41794,56.093,21.647,22.26
14168747,30/12/2025,Chester,Macclesfield,1.78989,0.91185,1.38847,0.91768,49.721,20.453,29.826
14168759,03/01/2026,Chester,Worksop,2.53679,0.34931,3.80402,1.68201,80.763,7.847,11.39
14168785,17/01/2026,Chester,Chorley,1.9949,0.75113,1.69772,0.89613,58.031,16.572,25.397
14168822,31/01/2026,Chester,Radcliffe,2.66908,0.21196,2.32549,0.39662,85.004,3.1,11.896
14168485,09/08/2025,Chester,Peterborough,1.96419,0.76275,1.44413,0.7271,56.371,16.323,27.306
14168484,19/08/2025,Chester,Curzon Ashton,1.4746,1.14184,0.80091,0.6045,36.368,25.276,38.356
14168519,25/08/2025,Chester,Oxford,2.52572,0.30599,1.93875,0.38793,78.581,4.59,16.829
14168556,06/09/2025,Chester,Scarborough,1.84206,0.88623,1.59362,0.94242,52.345,20.484,27.171
14168578,04/10/2025,Chester,Merthyr,1.87007,0.87365,1.65469,1.00588,53.793,20.579,25.628
14168603,18/10/2025,Chester,Kidderminster,1.3631,1.31459,1.02931,1.03511,34.693,33.076,32.231
14168626,25/10/2025,Chester,Bedford,2.66067,0.21627,2.25322,0.41798,84.587,3.107,12.306
14168652,04/11/2025,Chester,Marine,1.72265,0.89729,0.8888,0.45303,44.753,17.241,38.006
14168677,22/11/2025,Chester,Leamington,2.16387,0.59163,1.53477,0.52902,63.979,11.571,24.45
14168687,25/11/2025,Chester,Hereford,1.36218,1.40889,2.11137,2.13385,37.775,39.332,22.893
14168726,20/12/2025,Chester,South Shields,1.90539,0.87201,2.18704,1.41794,56.093,21.647,22.26
14168747,30/12/2025,Chester,Macclesfield,1.78989,0.91185,1.38847,0.91768,49.721,20.453,29.826
14168759,03/01/2026,Chester,Worksop,2.53679,0.34931,3.80402,1.68201,80.763,7.847,11.39
14168785,17/01/2026,Chester,Chorley,1.9949,0.75113,1.69772,0.89613,58.031,16.572,25.397
14168822,31/01/2026,Chester,Radcliffe,2.66908,0.21196,2.32549,0.39662,85.004,3.1,11.896
14168844,10/02/2026,Chester,Alfreton,0.80662,1.93825,0.95303,1.62486,18.383,56.104,25.513
14168485,09/08/2025,Chester,Peterborough,1.96419,0.76275,1.44413,0.7271,56.371,16.323,27.306
14168484,19/08/2025,Chester,Curzon Ashton,1.4746,1.14184,0.80091,0.6045,36.368,25.276,38.356
14168519,25/08/2025,Chester,Oxford,2.52572,0.30599,1.93875,0.38793,78.581,4.59,16.829
14168556,06/09/2025,Chester,Scarborough,1.84206,0.88623,1.59362,0.94242,52.345,20.484,27.171
14168578,04/10/2025,Chester,Merthyr,1.87007,0.87365,1.65469,1.00588,53.793,20.579,25.628
14168603,18/10/2025,Chester,Kidderminster,1.3631,1.31459,1.02931,1.03511,34.693,33.076,32.231
14168626,25/10/2025,Chester,Bedford,2.66067,0.21627,2.25322,0.41798,84.587,3.107,12.306
14168652,04/11/2025,Chester,Marine,1.72265,0.89729,0.8888,0.45303,44.753,17.241,38.006
14168677,22/11/2025,Chester,Leamington,2.16387,0.59163,1.53477,0.52902,63.979,11.571,24.45
14168687,25/11/2025,Chester,Hereford,1.36218,1.40889,2.11137,2.13385,37.775,39.332,22.893
14168726,20/12/2025,Chester,South Shields,1.90539,0.87201,2.18704,1.41794,56.093,21.647,22.26
14168747,30/12/2025,Chester,Macclesfield,1.78989,0.91185,1.38847,0.91768,49.721,20.453,29.826
14168759,03/01/2026,Chester,Worksop,2.53679,0.34931,3.80402,1.68201,80.763,7.847,11.39
14168785,17/01/2026,Chester,Chorley,1.9949,0.75113,1.69772,0.89613,58.031,16.572,25.397
14168822,31/01/2026,Chester,Radcliffe,2.66908,0.21196,2.32549,0.39662,85.004,3.1,11.896
14168844,10/02/2026,Chester,Alfreton,0.80662,1.93825,0.95303,1.62486,18.383,56.104,25.513
14168856,14/02/2026,Chester,Buxton,2.1295,0.57748,1.30572,0.41895,61.216,9.482,29.302
14168485,09/08/2025,Chester,Peterborough,1.96419,0.76275,1.44413,0.7271,56.371,16.323,27.306
14168484,19/08/2025,Chester,Curzon Ashton,1.4746,1.14184,0.80091,0.6045,36.368,25.276,38.356
14168519,25/08/2025,Chester,Oxford,2.52572,0.30599,1.93875,0.38793,78.581,4.59,16.829
14168556,06/09/2025,Chester,Scarborough,1.84206,0.88623,1.59362,0.94242,52.345,20.484,27.171
14168578,04/10/2025,Chester,Merthyr,1.87007,0.87365,1.65469,1.00588,53.793,20.579,25.628
14168603,18/10/2025,Chester,Kidderminster,1.3631,1.31459,1.02931,1.03511,34.693,33.076,32.231
14168626,25/10/2025,Chester,Bedford,2.66067,0.21627,2.25322,0.41798,84.587,3.107,12.306
14168652,04/11/2025,Chester,Marine,1.72265,0.89729,0.8888,0.45303,44.753,17.241,38.006
14168677,22/11/2025,Chester,Leamington,2.16387,0.59163,1.53477,0.52902,63.979,11.571,24.45
14168687,25/11/2025,Chester,Hereford,1.36218,1.40889,2.11137,2.13385,37.775,39.332,22.893
14168726,20/12/2025,Chester,South Shields,1.90539,0.87201,2.18704,1.41794,56.093,21.647,22.26
14168747,30/12/2025,Chester,Macclesfield,1.78989,0.91185,1.38847,0.91768,49.721,20.453,29.826
14168759,03/01/2026,Chester,Worksop,2.53679,0.34931,3.80402,1.68201,80.763,7.847,11.39
14168785,17/01/2026,Chester,Chorley,1.9949,0.75113,1.69772,0.89613,58.031,16.572,25.397
14168822,31/01/2026,Chester,Radcliffe,2.66908,0.21196,2.32549,0.39662,85.004,3.1,11.896
14168844,10/02/2026,Chester,Alfreton,0.80662,1.93825,0.95303,1.62486,18.383,56.104,25.513
14168856,14/02/2026,Chester,Buxton,2.1295,0.57748,1.30572,0.41895,61.216,9.482,29.302
14168893,28/02/2026,Chester,Spennymoor,2.23661,0.54449,1.83455,0.70052,67.257,10.853,21.89
14168485,09/08/2025,Chester,Peterborough,1.96419,0.76275,1.44413,0.7271,56.371,16.323,27.306
14168484,19/08/2025,Chester,Curzon Ashton,1.4746,1.14184,0.80091,0.6045,36.368,25.276,38.356
14168519,25/08/2025,Chester,Oxford,2.52572,0.30599,1.93875,0.38793,78.581,4.59,16.829
14168556,06/09/2025,Chester,Scarborough,1.84206,0.88623,1.59362,0.94242,52.345,20.484,27.171
14168578,04/10/2025,Chester,Merthyr,1.87007,0.87365,1.65469,1.00588,53.793,20.579,25.628
14168603,18/10/2025,Chester,Kidderminster,1.3631,1.31459,1.02931,1.03511,34.693,33.076,32.231
14168626,25/10/2025,Chester,Bedford,2.66067,0.21627,2.25322,0.41798,84.587,3.107,12.306
14168652,04/11/2025,Chester,Marine,1.72265,0.89729,0.8888,0.45303,44.753,17.241,38.006
14168677,22/11/2025,Chester,Leamington,2.16387,0.59163,1.53477,0.52902,63.979,11.571,24.45
14168687,25/11/2025,Chester,Hereford,1.36218,1.40889,2.11137,2.13385,37.775,39.332,22.893
14168726,20/12/2025,Chester,South Shields,1.90539,0.87201,2.18704,1.41794,56.093,21.647,22.26
14168747,30/12/2025,Chester,Macclesfield,1.78989,0.91185,1.38847,0.91768,49.721,20.453,29.826
14168759,03/01/2026,Chester,Worksop,2.53679,0.34931,3.80402,1.68201,80.763,7.847,11.39
14168785,17/01/2026,Chester,Chorley,1.9949,0.75113,1.69772,0.89613,58.031,16.572,25.397
14168822,31/01/2026,Chester,Radcliffe,2.66908,0.21196,2.32549,0.39662,85.004,3.1,11.896
14168844,10/02/2026,Chester,Alfreton,0.80662,1.93825,0.95303,1.62486,18.383,56.104,25.513
14168856,14/02/2026,Chester,Buxton,2.1295,0.57748,1.30572,0.41895,61.216,9.482,29.302
14168893,28/02/2026,Chester,Spennymoor,2.23661,0.54449,1.83455,0.70052,67.257,10.853,21.89
14168903,07/03/2026,Chester,Darlington,2.75141,0.17318,3.59212,1.0535,89.2,3.259,7.541
14168485,09/08/2025,Chester,Peterborough,1.96419,0.76275,1.44413,0.7271,56.371,16.323,27.306
14168484,19/08/2025,Chester,Curzon Ashton,1.4746,1.14184,0.80091,0.6045,36.368,25.276,38.356
14168519,25/08/2025,Chester,Oxford,2.52572,0.30599,1.93875,0.38793,78.581,4.59,16.829
14168556,06/09/2025,Chester,Scarborough,1.84206,0.88623,1.59362,0.94242,52.345,20.484,27.171
14168578,04/10/2025,Chester,Merthyr,1.87007,0.87365,1.65469,1.00588,53.793,20.579,25.628
14168603,18/10/2025,Chester,Kidderminster,1.3631,1.31459,1.02931,1.03511,34.693,33.076,32.231
14168626,25/10/2025,Chester,Bedford,2.66067,0.21627,2.25322,0.41798,84.587,3.107,12.306
14168652,04/11/2025,Chester,Marine,1.72265,0.89729,0.8888,0.45303,44.753,17.241,38.006
14168677,22/11/2025,Chester,Leamington,2.16387,0.59163,1.53477,0.52902,63.979,11.571,24.45
14168687,25/11/2025,Chester,Hereford,1.36218,1.40889,2.11137,2.13385,37.775,39.332,22.893
14168726,20/12/2025,Chester,South Shields,1.90539,0.87201,2.18704,1.41794,56.093,21.647,22.26
14168747,30/12/2025,Chester,Macclesfield,1.78989,0.91185,1.38847,0.91768,49.721,20.453,29.826
14168759,03/01/2026,Chester,Worksop,2.53679,0.34931,3.80402,1.68201,80.763,7.847,11.39
14168785,17/01/2026,Chester,Chorley,1.9949,0.75113,1.69772,0.89613,58.031,16.572,25.397
14168822,31/01/2026,Chester,Radcliffe,2.66908,0.21196,2.32549,0.39662,85.004,3.1,11.896
14168844,10/02/2026,Chester,Alfreton,0.80662,1.93825,0.95303,1.62486,18.383,56.104,25.513
14168856,14/02/2026,Chester,Buxton,2.1295,0.57748,1.30572,0.41895,61.216,9.482,29.302
14168893,28/02/2026,Chester,Spennymoor,2.23661,0.54449,1.83455,0.70052,67.257,10.853,21.89
14168903,07/03/2026,Chester,Darlington,2.75141,0.17318,3.59212,1.0535,89.2,3.259,7.541
14168940,21/03/2026,Chester,Southport,0.79477,1.95892,1.07014,1.80924,18.282,57.087,24.631
14168493,16/08/2025,Chorley,Chester,2.77349,0.12302,2.0937,0.0655,89.0,0.651,10.349
14168493,16/08/2025,Chorley,Chester,2.77349,0.12302,2.0937,0.0655,89.0,0.651,10.349
14168498,19/08/2025,Chorley,Scarborough,1.18221,1.5918,2.38826,2.6813,31.874,45.527,22.599
14168493,16/08/2025,Chorley,Chester,2.77349,0.12302,2.0937,0.0655,89.0,0.651,10.349
14168498,19/08/2025,Chorley,Scarborough,1.18221,1.5918,2.38826,2.6813,31.874,45.527,22.599
14168522,25/08/2025,Chorley,King's Lynn,2.75917,0.13258,2.0107,0.08571,88.364,0.811,10.825
14168493,16/08/2025,Chorley,Chester,2.77349,0.12302,2.0937,0.0655,89.0,0.651,10.349
14168498,19/08/2025,Chorley,Scarborough,1.18221,1.5918,2.38826,2.6813,31.874,45.527,22.599
14168522,25/08/2025,Chorley,King's Lynn,2.75917,0.13258,2.0107,0.08571,88.364,0.811,10.825
14168558,06/09/2025,Chorley,Telford,0.30073,2.59147,1.5985,3.78268,6.431,82.789,10.78
14168493,16/08/2025,Chorley,Chester,2.77349,0.12302,2.0937,0.0655,89.0,0.651,10.349
14168498,19/08/2025,Chorley,Scarborough,1.18221,1.5918,2.38826,2.6813,31.874,45.527,22.599
14168522,25/08/2025,Chorley,King's Lynn,2.75917,0.13258,2.0107,0.08571,88.364,0.811,10.825
14168558,06/09/2025,Chorley,Telford,0.30073,2.59147,1.5985,3.78268,6.431,82.789,10.78
14168570,20/09/2025,Chorley,Macclesfield,0.75194,1.97177,0.77248,1.4742,15.855,56.516,27.629
14168493,16/08/2025,Chorley,Chester,2.77349,0.12302,2.0937,0.0655,89.0,0.651,10.349
14168498,19/08/2025,Chorley,Scarborough,1.18221,1.5918,2.38826,2.6813,31.874,45.527,22.599
14168522,25/08/2025,Chorley,King's Lynn,2.75917,0.13258,2.0107,0.08571,88.364,0.811,10.825
14168558,06/09/2025,Chorley,Telford,0.30073,2.59147,1.5985,3.78268,6.431,82.789,10.78
14168570,20/09/2025,Chorley,Macclesfield,0.75194,1.97177,0.77248,1.4742,15.855,56.516,27.629
14168591,11/10/2025,Chorley,Oxford,1.68737,1.01939,1.36939,0.96827,46.471,24.205,29.324
14168493,16/08/2025,Chorley,Chester,2.77349,0.12302,2.0937,0.0655,89.0,0.651,10.349
14168498,19/08/2025,Chorley,Scarborough,1.18221,1.5918,2.38826,2.6813,31.874,45.527,22.599
14168522,25/08/2025,Chorley,King's Lynn,2.75917,0.13258,2.0107,0.08571,88.364,0.811,10.825
14168558,06/09/2025,Chorley,Telford,0.30073,2.59147,1.5985,3.78268,6.431,82.789,10.78
14168570,20/09/2025,Chorley,Macclesfield,0.75194,1.97177,0.77248,1.4742,15.855,56.516,27.629
14168591,11/10/2025,Chorley,Oxford,1.68737,1.01939,1.36939,0.96827,46.471,24.205,29.324
14168653,04/11/2025,Chorley,Alfreton,1.2983,1.21364,0.4678,0.42445,27.008,24.186,48.806
14168493,16/08/2025,Chorley,Chester,2.77349,0.12302,2.0937,0.0655,89.0,0.651,10.349
14168498,19/08/2025,Chorley,Scarborough,1.18221,1.5918,2.38826,2.6813,31.874,45.527,22.599
14168522,25/08/2025,Chorley,King's Lynn,2.75917,0.13258,2.0107,0.08571,88.364,0.811,10.825
14168558,06/09/2025,Chorley,Telford,0.30073,2.59147,1.5985,3.78268,6.431,82.789,10.78
14168570,20/09/2025,Chorley,Macclesfield,0.75194,1.97177,0.77248,1.4742,15.855,56.516,27.629
14168591,11/10/2025,Chorley,Oxford,1.68737,1.01939,1.36939,0.96827,46.471,24.205,29.324
14168653,04/11/2025,Chorley,Alfreton,1.2983,1.21364,0.4678,0.42445,27.008,24.186,48.806
14168678,22/11/2025,Chorley,Bedford,1.05243,1.65528,1.33512,1.67751,25.338,45.433,29.229
14168493,16/08/2025,Chorley,Chester,2.77349,0.12302,2.0937,0.0655,89.0,0.651,10.349
14168498,19/08/2025,Chorley,Scarborough,1.18221,1.5918,2.38826,2.6813,31.874,45.527,22.599
14168522,25/08/2025,Chorley,King's Lynn,2.75917,0.13258,2.0107,0.08571,88.364,0.811,10.825
14168558,06/09/2025,Chorley,Telford,0.30073,2.59147,1.5985,3.78268,6.431,82.789,10.78
14168570,20/09/2025,Chorley,Macclesfield,0.75194,1.97177,0.77248,1.4742,15.855,56.516,27.629
14168591,11/10/2025,Chorley,Oxford,1.68737,1.01939,1.36939,0.96827,46.471,24.205,29.324
14168653,04/11/2025,Chorley,Alfreton,1.2983,1.21364,0.4678,0.42445,27.008,24.186,48.806
14168678,22/11/2025,Chorley,Bedford,1.05243,1.65528,1.33512,1.67751,25.338,45.433,29.229
14168690,25/11/2025,Chorley,Spennymoor,0.89815,1.74262,0.49189,0.92229,17.964,46.113,35.923
14168493,16/08/2025,Chorley,Chester,2.77349,0.12302,2.0937,0.0655,89.0,0.651,10.349
14168498,19/08/2025,Chorley,Scarborough,1.18221,1.5918,2.38826,2.6813,31.874,45.527,22.599
14168522,25/08/2025,Chorley,King's Lynn,2.75917,0.13258,2.0107,0.08571,88.364,0.811,10.825
14168558,06/09/2025,Chorley,Telford,0.30073,2.59147,1.5985,3.78268,6.431,82.789,10.78
14168570,20/09/2025,Chorley,Macclesfield,0.75194,1.97177,0.77248,1.4742,15.855,56.516,27.629
14168591,11/10/2025,Chorley,Oxford,1.68737,1.01939,1.36939,0.96827,46.471,24.205,29.324
14168653,04/11/2025,Chorley,Alfreton,1.2983,1.21364,0.4678,0.42445,27.008,24.186,48.806
14168678,22/11/2025,Chorley,Bedford,1.05243,1.65528,1.33512,1.67751,25.338,45.433,29.229
14168690,25/11/2025,Chorley,Spennymoor,0.89815,1.74262,0.49189,0.92229,17.964,46.113,35.923
14168722,20/12/2025,Chorley,Hereford,1.7758,1.00075,2.34095,1.73642,51.745,25.91,22.345
14168493,16/08/2025,Chorley,Chester,2.77349,0.12302,2.0937,0.0655,89.0,0.651,10.349
14168498,19/08/2025,Chorley,Scarborough,1.18221,1.5918,2.38826,2.6813,31.874,45.527,22.599
14168522,25/08/2025,Chorley,King's Lynn,2.75917,0.13258,2.0107,0.08571,88.364,0.811,10.825
14168558,06/09/2025,Chorley,Telford,0.30073,2.59147,1.5985,3.78268,6.431,82.789,10.78
14168570,20/09/2025,Chorley,Macclesfield,0.75194,1.97177,0.77248,1.4742,15.855,56.516,27.629
14168591,11/10/2025,Chorley,Oxford,1.68737,1.01939,1.36939,0.96827,46.471,24.205,29.324
14168653,04/11/2025,Chorley,Alfreton,1.2983,1.21364,0.4678,0.42445,27.008,24.186,48.806
14168678,22/11/2025,Chorley,Bedford,1.05243,1.65528,1.33512,1.67751,25.338,45.433,29.229
14168690,25/11/2025,Chorley,Spennymoor,0.89815,1.74262,0.49189,0.92229,17.964,46.113,35.923
14168722,20/12/2025,Chorley,Hereford,1.7758,1.00075,2.34095,1.73642,51.745,25.91,22.345
14168749,30/12/2025,Chorley,Marine,2.52207,0.35742,3.65183,1.60744,80.052,7.897,12.051
14168493,16/08/2025,Chorley,Chester,2.77349,0.12302,2.0937,0.0655,89.0,0.651,10.349
14168498,19/08/2025,Chorley,Scarborough,1.18221,1.5918,2.38826,2.6813,31.874,45.527,22.599
14168522,25/08/2025,Chorley,King's Lynn,2.75917,0.13258,2.0107,0.08571,88.364,0.811,10.825
14168558,06/09/2025,Chorley,Telford,0.30073,2.59147,1.5985,3.78268,6.431,82.789,10.78
14168570,20/09/2025,Chorley,Macclesfield,0.75194,1.97177,0.77248,1.4742,15.855,56.516,27.629
14168591,11/10/2025,Chorley,Oxford,1.68737,1.01939,1.36939,0.96827,46.471,24.205,29.324
14168653,04/11/2025,Chorley,Alfreton,1.2983,1.21364,0.4678,0.42445,27.008,24.186,48.806
14168678,22/11/2025,Chorley,Bedford,1.05243,1.65528,1.33512,1.67751,25.338,45.433,29.229
14168690,25/11/2025,Chorley,Spennymoor,0.89815,1.74262,0.49189,0.92229,17.964,46.113,35.923
14168722,20/12/2025,Chorley,Hereford,1.7758,1.00075,2.34095,1.73642,51.745,25.91,22.345
14168749,30/12/2025,Chorley,Marine,2.52207,0.35742,3.65183,1.60744,80.052,7.897,12.051
14168792,24/01/2026,Chorley,Darlington,1.95736,0.80143,1.74521,0.95172,57.205,18.674,24.121
14168493,16/08/2025,Chorley,Chester,2.77349,0.12302,2.0937,0.0655,89.0,0.651,10.349
14168498,19/08/2025,Chorley,Scarborough,1.18221,1.5918,2.38826,2.6813,31.874,45.527,22.599
14168522,25/08/2025,Chorley,King's Lynn,2.75917,0.13258,2.0107,0.08571,88.364,0.811,10.825
14168558,06/09/2025,Chorley,Telford,0.30073,2.59147,1.5985,3.78268,6.431,82.789,10.78
14168570,20/09/2025,Chorley,Macclesfield,0.75194,1.97177,0.77248,1.4742,15.855,56.516,27.629
14168591,11/10/2025,Chorley,Oxford,1.68737,1.01939,1.36939,0.96827,46.471,24.205,29.324
14168653,04/11/2025,Chorley,Alfreton,1.2983,1.21364,0.4678,0.42445,27.008,24.186,48.806
14168678,22/11/2025,Chorley,Bedford,1.05243,1.65528,1.33512,1.67751,25.338,45.433,29.229
14168690,25/11/2025,Chorley,Spennymoor,0.89815,1.74262,0.49189,0.92229,17.964,46.113,35.923
14168722,20/12/2025,Chorley,Hereford,1.7758,1.00075,2.34095,1.73642,51.745,25.91,22.345
14168749,30/12/2025,Chorley,Marine,2.52207,0.35742,3.65183,1.60744,80.052,7.897,12.051
14168792,24/01/2026,Chorley,Darlington,1.95736,0.80143,1.74521,0.95172,57.205,18.674,24.121
14168821,31/01/2026,Chorley,Peterborough,1.47259,1.23994,1.28802,1.13097,39.504,31.749,28.747
14168493,16/08/2025,Chorley,Chester,2.77349,0.12302,2.0937,0.0655,89.0,0.651,10.349
14168498,19/08/2025,Chorley,Scarborough,1.18221,1.5918,2.38826,2.6813,31.874,45.527,22.599
14168522,25/08/2025,Chorley,King's Lynn,2.75917,0.13258,2.0107,0.08571,88.364,0.811,10.825
14168558,06/09/2025,Chorley,Telford,0.30073,2.59147,1.5985,3.78268,6.431,82.789,10.78
14168570,20/09/2025,Chorley,Macclesfield,0.75194,1.97177,0.77248,1.4742,15.855,56.516,27.629
14168591,11/10/2025,Chorley,Oxford,1.68737,1.01939,1.36939,0.96827,46.471,24.205,29.324
14168653,04/11/2025,Chorley,Alfreton,1.2983,1.21364,0.4678,0.42445,27.008,24.186,48.806
14168678,22/11/2025,Chorley,Bedford,1.05243,1.65528,1.33512,1.67751,25.338,45.433,29.229
14168690,25/11/2025,Chorley,Spennymoor,0.89815,1.74262,0.49189,0.92229,17.964,46.113,35.923
14168722,20/12/2025,Chorley,Hereford,1.7758,1.00075,2.34095,1.73642,51.745,25.91,22.345
14168749,30/12/2025,Chorley,Marine,2.52207,0.35742,3.65183,1.60744,80.052,7.897,12.051
14168792,24/01/2026,Chorley,Darlington,1.95736,0.80143,1.74521,0.95172,57.205,18.674,24.121
14168821,31/01/2026,Chorley,Peterborough,1.47259,1.23994,1.28802,1.13097,39.504,31.749,28.747
15326174,03/02/2026,Chorley,Leamington,2.10496,0.67324,2.12034,1.06679,62.772,15.048,22.18
14168493,16/08/2025,Chorley,Chester,2.77349,0.12302,2.0937,0.0655,89.0,0.651,10.349
14168498,19/08/2025,Chorley,Scarborough,1.18221,1.5918,2.38826,2.6813,31.874,45.527,22.599
14168522,25/08/2025,Chorley,King's Lynn,2.75917,0.13258,2.0107,0.08571,88.364,0.811,10.825
14168558,06/09/2025,Chorley,Telford,0.30073,2.59147,1.5985,3.78268,6.431,82.789,10.78
14168570,20/09/2025,Chorley,Macclesfield,0.75194,1.97177,0.77248,1.4742,15.855,56.516,27.629
14168591,11/10/2025,Chorley,Oxford,1.68737,1.01939,1.36939,0.96827,46.471,24.205,29.324
14168653,04/11/2025,Chorley,Alfreton,1.2983,1.21364,0.4678,0.42445,27.008,24.186,48.806
14168678,22/11/2025,Chorley,Bedford,1.05243,1.65528,1.33512,1.67751,25.338,45.433,29.229
14168690,25/11/2025,Chorley,Spennymoor,0.89815,1.74262,0.49189,0.92229,17.964,46.113,35.923
14168722,20/12/2025,Chorley,Hereford,1.7758,1.00075,2.34095,1.73642,51.745,25.91,22.345
14168749,30/12/2025,Chorley,Marine,2.52207,0.35742,3.65183,1.60744,80.052,7.897,12.051
14168792,24/01/2026,Chorley,Darlington,1.95736,0.80143,1.74521,0.95172,57.205,18.674,24.121
14168821,31/01/2026,Chorley,Peterborough,1.47259,1.23994,1.28802,1.13097,39.504,31.749,28.747
15326174,03/02/2026,Chorley,Leamington,2.10496,0.67324,2.12034,1.06679,62.772,15.048,22.18
14168841,10/02/2026,Chorley,Southport,1.79764,0.91588,1.4607,0.89235,50.372,20.98,28.648
14168493,16/08/2025,Chorley,Chester,2.77349,0.12302,2.0937,0.0655,89.0,0.651,10.349
14168498,19/08/2025,Chorley,Scarborough,1.18221,1.5918,2.38826,2.6813,31.874,45.527,22.599
14168522,25/08/2025,Chorley,King's Lynn,2.75917,0.13258,2.0107,0.08571,88.364,0.811,10.825
14168558,06/09/2025,Chorley,Telford,0.30073,2.59147,1.5985,3.78268,6.431,82.789,10.78
14168570,20/09/2025,Chorley,Macclesfield,0.75194,1.97177,0.77248,1.4742,15.855,56.516,27.629
14168591,11/10/2025,Chorley,Oxford,1.68737,1.01939,1.36939,0.96827,46.471,24.205,29.324
14168653,04/11/2025,Chorley,Alfreton,1.2983,1.21364,0.4678,0.42445,27.008,24.186,48.806
14168678,22/11/2025,Chorley,Bedford,1.05243,1.65528,1.33512,1.67751,25.338,45.433,29.229
14168690,25/11/2025,Chorley,Spennymoor,0.89815,1.74262,0.49189,0.92229,17.964,46.113,35.923
14168722,20/12/2025,Chorley,Hereford,1.7758,1.00075,2.34095,1.73642,51.745,25.91,22.345
14168749,30/12/2025,Chorley,Marine,2.52207,0.35742,3.65183,1.60744,80.052,7.897,12.051
14168792,24/01/2026,Chorley,Darlington,1.95736,0.80143,1.74521,0.95172,57.205,18.674,24.121
14168821,31/01/2026,Chorley,Peterborough,1.47259,1.23994,1.28802,1.13097,39.504,31.749,28.747
15326174,03/02/2026,Chorley,Leamington,2.10496,0.67324,2.12034,1.06679,62.772,15.048,22.18
14168841,10/02/2026,Chorley,Southport,1.79764,0.91588,1.4607,0.89235,50.372,20.98,28.648
14168855,14/02/2026,Chorley,Radcliffe,2.35547,0.36266,1.12099,0.0984,69.12,2.693,28.187
14168493,16/08/2025,Chorley,Chester,2.77349,0.12302,2.0937,0.0655,89.0,0.651,10.349
14168498,19/08/2025,Chorley,Scarborough,1.18221,1.5918,2.38826,2.6813,31.874,45.527,22.599
14168522,25/08/2025,Chorley,King's Lynn,2.75917,0.13258,2.0107,0.08571,88.364,0.811,10.825
14168558,06/09/2025,Chorley,Telford,0.30073,2.59147,1.5985,3.78268,6.431,82.789,10.78
14168570,20/09/2025,Chorley,Macclesfield,0.75194,1.97177,0.77248,1.4742,15.855,56.516,27.629
14168591,11/10/2025,Chorley,Oxford,1.68737,1.01939,1.36939,0.96827,46.471,24.205,29.324
14168653,04/11/2025,Chorley,Alfreton,1.2983,1.21364,0.4678,0.42445,27.008,24.186,48.806
14168678,22/11/2025,Chorley,Bedford,1.05243,1.65528,1.33512,1.67751,25.338,45.433,29.229
14168690,25/11/2025,Chorley,Spennymoor,0.89815,1.74262,0.49189,0.92229,17.964,46.113,35.923
14168722,20/12/2025,Chorley,Hereford,1.7758,1.00075,2.34095,1.73642,51.745,25.91,22.345
14168749,30/12/2025,Chorley,Marine,2.52207,0.35742,3.65183,1.60744,80.052,7.897,12.051
14168792,24/01/2026,Chorley,Darlington,1.95736,0.80143,1.74521,0.95172,57.205,18.674,24.121
14168821,31/01/2026,Chorley,Peterborough,1.47259,1.23994,1.28802,1.13097,39.504,31.749,28.747
15326174,03/02/2026,Chorley,Leamington,2.10496,0.67324,2.12034,1.06679,62.772,15.048,22.18
14168841,10/02/2026,Chorley,Southport,1.79764,0.91588,1.4607,0.89235,50.372,20.98,28.648
14168855,14/02/2026,Chorley,Radcliffe,2.35547,0.36266,1.12099,0.0984,69.12,2.693,28.187
14168917,10/03/2026,Chorley,South Shields,2.26091,0.52175,1.78219,0.63617,68.119,10.147,21.734
14168493,16/08/2025,Chorley,Chester,2.77349,0.12302,2.0937,0.0655,89.0,0.651,10.349
14168498,19/08/2025,Chorley,Scarborough,1.18221,1.5918,2.38826,2.6813,31.874,45.527,22.599
14168522,25/08/2025,Chorley,King's Lynn,2.75917,0.13258,2.0107,0.08571,88.364,0.811,10.825
14168558,06/09/2025,Chorley,Telford,0.30073,2.59147,1.5985,3.78268,6.431,82.789,10.78
14168570,20/09/2025,Chorley,Macclesfield,0.75194,1.97177,0.77248,1.4742,15.855,56.516,27.629
14168591,11/10/2025,Chorley,Oxford,1.68737,1.01939,1.36939,0.96827,46.471,24.205,29.324
14168653,04/11/2025,Chorley,Alfreton,1.2983,1.21364,0.4678,0.42445,27.008,24.186,48.806
14168678,22/11/2025,Chorley,Bedford,1.05243,1.65528,1.33512,1.67751,25.338,45.433,29.229
14168690,25/11/2025,Chorley,Spennymoor,0.89815,1.74262,0.49189,0.92229,17.964,46.113,35.923
14168722,20/12/2025,Chorley,Hereford,1.7758,1.00075,2.34095,1.73642,51.745,25.91,22.345
14168749,30/12/2025,Chorley,Marine,2.52207,0.35742,3.65183,1.60744,80.052,7.897,12.051
14168792,24/01/2026,Chorley,Darlington,1.95736,0.80143,1.74521,0.95172,57.205,18.674,24.121
14168821,31/01/2026,Chorley,Peterborough,1.47259,1.23994,1.28802,1.13097,39.504,31.749,28.747
15326174,03/02/2026,Chorley,Leamington,2.10496,0.67324,2.12034,1.06679,62.772,15.048,22.18
14168841,10/02/2026,Chorley,Southport,1.79764,0.91588,1.4607,0.89235,50.372,20.98,28.648
14168855,14/02/2026,Chorley,Radcliffe,2.35547,0.36266,1.12099,0.0984,69.12,2.693,28.187
14168917,10/03/2026,Chorley,South Shields,2.26091,0.52175,1.78219,0.63617,68.119,10.147,21.734
14168930,14/03/2026,Chorley,Buxton,0.90527,1.89422,2.07633,2.84851,23.492,56.457,20.051
14168493,16/08/2025,Chorley,Chester,2.77349,0.12302,2.0937,0.0655,89.0,0.651,10.349
14168498,19/08/2025,Chorley,Scarborough,1.18221,1.5918,2.38826,2.6813,31.874,45.527,22.599
14168522,25/08/2025,Chorley,King's Lynn,2.75917,0.13258,2.0107,0.08571,88.364,0.811,10.825
14168558,06/09/2025,Chorley,Telford,0.30073,2.59147,1.5985,3.78268,6.431,82.789,10.78
14168570,20/09/2025,Chorley,Macclesfield,0.75194,1.97177,0.77248,1.4742,15.855,56.516,27.629
14168591,11/10/2025,Chorley,Oxford,1.68737,1.01939,1.36939,0.96827,46.471,24.205,29.324
14168653,04/11/2025,Chorley,Alfreton,1.2983,1.21364,0.4678,0.42445,27.008,24.186,48.806
14168678,22/11/2025,Chorley,Bedford,1.05243,1.65528,1.33512,1.67751,25.338,45.433,29.229
14168690,25/11/2025,Chorley,Spennymoor,0.89815,1.74262,0.49189,0.92229,17.964,46.113,35.923
14168722,20/12/2025,Chorley,Hereford,1.7758,1.00075,2.34095,1.73642,51.745,25.91,22.345
14168749,30/12/2025,Chorley,Marine,2.52207,0.35742,3.65183,1.60744,80.052,7.897,12.051
14168792,24/01/2026,Chorley,Darlington,1.95736,0.80143,1.74521,0.95172,57.205,18.674,24.121
14168821,31/01/2026,Chorley,Peterborough,1.47259,1.23994,1.28802,1.13097,39.504,31.749,28.747
15326174,03/02/2026,Chorley,Leamington,2.10496,0.67324,2.12034,1.06679,62.772,15.048,22.18
14168841,10/02/2026,Chorley,Southport,1.79764,0.91588,1.4607,0.89235,50.372,20.98,28.648
14168855,14/02/2026,Chorley,Radcliffe,2.35547,0.36266,1.12099,0.0984,69.12,2.693,28.187
14168917,10/03/2026,Chorley,South Shields,2.26091,0.52175,1.78219,0.63617,68.119,10.147,21.734
14168930,14/03/2026,Chorley,Buxton,0.90527,1.89422,2.07633,2.84851,23.492,56.457,20.051
15473461,17/03/2026,Chorley,Kidderminster,1.66353,1.04619,1.29871,0.91271,45.775,25.197,29.028
14168491,09/08/2025,Curzon Ashton,Leamington,2.60835,0.28023,3.19754,1.15776,83.231,5.627,11.142
14168491,09/08/2025,Curzon Ashton,Leamington,2.60835,0.28023,3.19754,1.15776,83.231,5.627,11.142
14168507,23/08/2025,Curzon Ashton,Merthyr,0.18535,2.68456,0.18293,1.80144,1.842,85.149,13.009
14168491,09/08/2025,Curzon Ashton,Leamington,2.60835,0.28023,3.19754,1.15776,83.231,5.627,11.142
14168507,23/08/2025,Curzon Ashton,Merthyr,0.18535,2.68456,0.18293,1.80144,1.842,85.149,13.009
14168537,30/08/2025,Curzon Ashton,Kidderminster,2.01773,0.72329,1.70123,0.89804,58.625,15.477,25.898
14168491,09/08/2025,Curzon Ashton,Leamington,2.60835,0.28023,3.19754,1.15776,83.231,5.627,11.142
14168507,23/08/2025,Curzon Ashton,Merthyr,0.18535,2.68456,0.18293,1.80144,1.842,85.149,13.009
14168537,30/08/2025,Curzon Ashton,Kidderminster,2.01773,0.72329,1.70123,0.89804,58.625,15.477,25.898
14168543,02/09/2025,Curzon Ashton,Chorley,1.18007,1.54613,1.26454,1.50712,30.209,42.411,27.38
14168491,09/08/2025,Curzon Ashton,Leamington,2.60835,0.28023,3.19754,1.15776,83.231,5.627,11.142
14168507,23/08/2025,Curzon Ashton,Merthyr,0.18535,2.68456,0.18293,1.80144,1.842,85.149,13.009
14168537,30/08/2025,Curzon Ashton,Kidderminster,2.01773,0.72329,1.70123,0.89804,58.625,15.477,25.898
14168543,02/09/2025,Curzon Ashton,Chorley,1.18007,1.54613,1.26454,1.50712,30.209,42.411,27.38
14168572,20/09/2025,Curzon Ashton,South Shields,0.48105,2.34057,0.83483,2.21739,10.089,72.073,17.838
14168491,09/08/2025,Curzon Ashton,Leamington,2.60835,0.28023,3.19754,1.15776,83.231,5.627,11.142
14168507,23/08/2025,Curzon Ashton,Merthyr,0.18535,2.68456,0.18293,1.80144,1.842,85.149,13.009
14168537,30/08/2025,Curzon Ashton,Kidderminster,2.01773,0.72329,1.70123,0.89804,58.625,15.477,25.898
14168543,02/09/2025,Curzon Ashton,Chorley,1.18007,1.54613,1.26454,1.50712,30.209,42.411,27.38
14168572,20/09/2025,Curzon Ashton,South Shields,0.48105,2.34057,0.83483,2.21739,10.089,72.073,17.838
14168631,25/10/2025,Curzon Ashton,Peterborough,1.81078,0.96844,2.25635,1.659,53.0,24.922,22.078
14168491,09/08/2025,Curzon Ashton,Leamington,2.60835,0.28023,3.19754,1.15776,83.231,5.627,11.142
14168507,23/08/2025,Curzon Ashton,Merthyr,0.18535,2.68456,0.18293,1.80144,1.842,85.149,13.009
14168537,30/08/2025,Curzon Ashton,Kidderminster,2.01773,0.72329,1.70123,0.89804,58.625,15.477,25.898
14168543,02/09/2025,Curzon Ashton,Chorley,1.18007,1.54613,1.26454,1.50712,30.209,42.411,27.38
14168572,20/09/2025,Curzon Ashton,South Shields,0.48105,2.34057,0.83483,2.21739,10.089,72.073,17.838
14168631,25/10/2025,Curzon Ashton,Peterborough,1.81078,0.96844,2.25635,1.659,53.0,24.922,22.078
14813803,28/10/2025,Curzon Ashton,King's Lynn,0.99962,1.77782,1.60782,2.19868,25.902,51.842,22.256
14168491,09/08/2025,Curzon Ashton,Leamington,2.60835,0.28023,3.19754,1.15776,83.231,5.627,11.142
14168507,23/08/2025,Curzon Ashton,Merthyr,0.18535,2.68456,0.18293,1.80144,1.842,85.149,13.009
14168537,30/08/2025,Curzon Ashton,Kidderminster,2.01773,0.72329,1.70123,0.89804,58.625,15.477,25.898
14168543,02/09/2025,Curzon Ashton,Chorley,1.18007,1.54613,1.26454,1.50712,30.209,42.411,27.38
14168572,20/09/2025,Curzon Ashton,South Shields,0.48105,2.34057,0.83483,2.21739,10.089,72.073,17.838
14168631,25/10/2025,Curzon Ashton,Peterborough,1.81078,0.96844,2.25635,1.659,53.0,24.922,22.078
14813803,28/10/2025,Curzon Ashton,King's Lynn,0.99962,1.77782,1.60782,2.19868,25.902,51.842,22.256
14168655,04/11/2025,Curzon Ashton,Spennymoor,1.55783,1.1732,1.52685,1.27024,42.962,30.141,26.897
14168491,09/08/2025,Curzon Ashton,Leamington,2.60835,0.28023,3.19754,1.15776,83.231,5.627,11.142
14168507,23/08/2025,Curzon Ashton,Merthyr,0.18535,2.68456,0.18293,1.80144,1.842,85.149,13.009
14168537,30/08/2025,Curzon Ashton,Kidderminster,2.01773,0.72329,1.70123,0.89804,58.625,15.477,25.898
14168543,02/09/2025,Curzon Ashton,Chorley,1.18007,1.54613,1.26454,1.50712,30.209,42.411,27.38
14168572,20/09/2025,Curzon Ashton,South Shields,0.48105,2.34057,0.83483,2.21739,10.089,72.073,17.838
14168631,25/10/2025,Curzon Ashton,Peterborough,1.81078,0.96844,2.25635,1.659,53.0,24.922,22.078
14813803,28/10/2025,Curzon Ashton,King's Lynn,0.99962,1.77782,1.60782,2.19868,25.902,51.842,22.256
14168655,04/11/2025,Curzon Ashton,Spennymoor,1.55783,1.1732,1.52685,1.27024,42.962,30.141,26.897
14168666,08/11/2025,Curzon Ashton,Scarborough,1.33271,1.35779,1.06289,1.10128,34.107,34.943,30.95
14168491,09/08/2025,Curzon Ashton,Leamington,2.60835,0.28023,3.19754,1.15776,83.231,5.627,11.142
14168507,23/08/2025,Curzon Ashton,Merthyr,0.18535,2.68456,0.18293,1.80144,1.842,85.149,13.009
14168537,30/08/2025,Curzon Ashton,Kidderminster,2.01773,0.72329,1.70123,0.89804,58.625,15.477,25.898
14168543,02/09/2025,Curzon Ashton,Chorley,1.18007,1.54613,1.26454,1.50712,30.209,42.411,27.38
14168572,20/09/2025,Curzon Ashton,South Shields,0.48105,2.34057,0.83483,2.21739,10.089,72.073,17.838
14168631,25/10/2025,Curzon Ashton,Peterborough,1.81078,0.96844,2.25635,1.659,53.0,24.922,22.078
14813803,28/10/2025,Curzon Ashton,King's Lynn,0.99962,1.77782,1.60782,2.19868,25.902,51.842,22.256
14168655,04/11/2025,Curzon Ashton,Spennymoor,1.55783,1.1732,1.52685,1.27024,42.962,30.141,26.897
14168666,08/11/2025,Curzon Ashton,Scarborough,1.33271,1.35779,1.06289,1.10128,34.107,34.943,30.95
14168709,06/12/2025,Curzon Ashton,Alfreton,1.86848,0.86783,1.53716,0.92873,53.493,20.138,26.369
14168491,09/08/2025,Curzon Ashton,Leamington,2.60835,0.28023,3.19754,1.15776,83.231,5.627,11.142
14168507,23/08/2025,Curzon Ashton,Merthyr,0.18535,2.68456,0.18293,1.80144,1.842,85.149,13.009
14168537,30/08/2025,Curzon Ashton,Kidderminster,2.01773,0.72329,1.70123,0.89804,58.625,15.477,25.898
14168543,02/09/2025,Curzon Ashton,Chorley,1.18007,1.54613,1.26454,1.50712,30.209,42.411,27.38
14168572,20/09/2025,Curzon Ashton,South Shields,0.48105,2.34057,0.83483,2.21739,10.089,72.073,17.838
14168631,25/10/2025,Curzon Ashton,Peterborough,1.81078,0.96844,2.25635,1.659,53.0,24.922,22.078
14813803,28/10/2025,Curzon Ashton,King's Lynn,0.99962,1.77782,1.60782,2.19868,25.902,51.842,22.256
14168655,04/11/2025,Curzon Ashton,Spennymoor,1.55783,1.1732,1.52685,1.27024,42.962,30.141,26.897
14168666,08/11/2025,Curzon Ashton,Scarborough,1.33271,1.35779,1.06289,1.10128,34.107,34.943,30.95
14168709,06/12/2025,Curzon Ashton,Alfreton,1.86848,0.86783,1.53716,0.92873,53.493,20.138,26.369
14168736,26/12/2025,Curzon Ashton,Radcliffe,0.48963,2.30409,0.55928,1.81103,9.445,69.927,20.628
14168491,09/08/2025,Curzon Ashton,Leamington,2.60835,0.28023,3.19754,1.15776,83.231,5.627,11.142
14168507,23/08/2025,Curzon Ashton,Merthyr,0.18535,2.68456,0.18293,1.80144,1.842,85.149,13.009
14168537,30/08/2025,Curzon Ashton,Kidderminster,2.01773,0.72329,1.70123,0.89804,58.625,15.477,25.898
14168543,02/09/2025,Curzon Ashton,Chorley,1.18007,1.54613,1.26454,1.50712,30.209,42.411,27.38
14168572,20/09/2025,Curzon Ashton,South Shields,0.48105,2.34057,0.83483,2.21739,10.089,72.073,17.838
14168631,25/10/2025,Curzon Ashton,Peterborough,1.81078,0.96844,2.25635,1.659,53.0,24.922,22.078
14813803,28/10/2025,Curzon Ashton,King's Lynn,0.99962,1.77782,1.60782,2.19868,25.902,51.842,22.256
14168655,04/11/2025,Curzon Ashton,Spennymoor,1.55783,1.1732,1.52685,1.27024,42.962,30.141,26.897
14168666,08/11/2025,Curzon Ashton,Scarborough,1.33271,1.35779,1.06289,1.10128,34.107,34.943,30.95
14168709,06/12/2025,Curzon Ashton,Alfreton,1.86848,0.86783,1.53716,0.92873,53.493,20.138,26.369
14168736,26/12/2025,Curzon Ashton,Radcliffe,0.48963,2.30409,0.55928,1.81103,9.445,69.927,20.628
14168786,17/01/2026,Curzon Ashton,Telford,0.16475,2.76953,1.50375,4.53057,3.301,90.127,6.572
14168491,09/08/2025,Curzon Ashton,Leamington,2.60835,0.28023,3.19754,1.15776,83.231,5.627,11.142
14168507,23/08/2025,Curzon Ashton,Merthyr,0.18535,2.68456,0.18293,1.80144,1.842,85.149,13.009
14168537,30/08/2025,Curzon Ashton,Kidderminster,2.01773,0.72329,1.70123,0.89804,58.625,15.477,25.898
14168543,02/09/2025,Curzon Ashton,Chorley,1.18007,1.54613,1.26454,1.50712,30.209,42.411,27.38
14168572,20/09/2025,Curzon Ashton,South Shields,0.48105,2.34057,0.83483,2.21739,10.089,72.073,17.838
14168631,25/10/2025,Curzon Ashton,Peterborough,1.81078,0.96844,2.25635,1.659,53.0,24.922,22.078
14813803,28/10/2025,Curzon Ashton,King's Lynn,0.99962,1.77782,1.60782,2.19868,25.902,51.842,22.256
14168655,04/11/2025,Curzon Ashton,Spennymoor,1.55783,1.1732,1.52685,1.27024,42.962,30.141,26.897
14168666,08/11/2025,Curzon Ashton,Scarborough,1.33271,1.35779,1.06289,1.10128,34.107,34.943,30.95
14168709,06/12/2025,Curzon Ashton,Alfreton,1.86848,0.86783,1.53716,0.92873,53.493,20.138,26.369
14168736,26/12/2025,Curzon Ashton,Radcliffe,0.48963,2.30409,0.55928,1.81103,9.445,69.927,20.628
14168786,17/01/2026,Curzon Ashton,Telford,0.16475,2.76953,1.50375,4.53057,3.301,90.127,6.572
14168824,31/01/2026,Curzon Ashton,Hereford,1.72871,0.98957,2.02209,1.54676,48.233,23.595,28.172
14168491,09/08/2025,Curzon Ashton,Leamington,2.60835,0.28023,3.19754,1.15776,83.231,5.627,11.142
14168507,23/08/2025,Curzon Ashton,Merthyr,0.18535,2.68456,0.18293,1.80144,1.842,85.149,13.009
14168537,30/08/2025,Curzon Ashton,Kidderminster,2.01773,0.72329,1.70123,0.89804,58.625,15.477,25.898
14168543,02/09/2025,Curzon Ashton,Chorley,1.18007,1.54613,1.26454,1.50712,30.209,42.411,27.38
14168572,20/09/2025,Curzon Ashton,South Shields,0.48105,2.34057,0.83483,2.21739,10.089,72.073,17.838
14168631,25/10/2025,Curzon Ashton,Peterborough,1.81078,0.96844,2.25635,1.659,53.0,24.922,22.078
14813803,28/10/2025,Curzon Ashton,King's Lynn,0.99962,1.77782,1.60782,2.19868,25.902,51.842,22.256
14168655,04/11/2025,Curzon Ashton,Spennymoor,1.55783,1.1732,1.52685,1.27024,42.962,30.141,26.897
14168666,08/11/2025,Curzon Ashton,Scarborough,1.33271,1.35779,1.06289,1.10128,34.107,34.943,30.95
14168709,06/12/2025,Curzon Ashton,Alfreton,1.86848,0.86783,1.53716,0.92873,53.493,20.138,26.369
14168736,26/12/2025,Curzon Ashton,Radcliffe,0.48963,2.30409,0.55928,1.81103,9.445,69.927,20.628
14168786,17/01/2026,Curzon Ashton,Telford,0.16475,2.76953,1.50375,4.53057,3.301,90.127,6.572
14168824,31/01/2026,Curzon Ashton,Hereford,1.72871,0.98957,2.02209,1.54676,48.233,23.595,28.172
15399954,03/02/2026,Curzon Ashton,Bedford,2.67171,0.22047,3.18859,1.06638,85.463,3.755,10.782
14168491,09/08/2025,Curzon Ashton,Leamington,2.60835,0.28023,3.19754,1.15776,83.231,5.627,11.142
14168507,23/08/2025,Curzon Ashton,Merthyr,0.18535,2.68456,0.18293,1.80144,1.842,85.149,13.009
14168537,30/08/2025,Curzon Ashton,Kidderminster,2.01773,0.72329,1.70123,0.89804,58.625,15.477,25.898
14168543,02/09/2025,Curzon Ashton,Chorley,1.18007,1.54613,1.26454,1.50712,30.209,42.411,27.38
14168572,20/09/2025,Curzon Ashton,South Shields,0.48105,2.34057,0.83483,2.21739,10.089,72.073,17.838
14168631,25/10/2025,Curzon Ashton,Peterborough,1.81078,0.96844,2.25635,1.659,53.0,24.922,22.078
14813803,28/10/2025,Curzon Ashton,King's Lynn,0.99962,1.77782,1.60782,2.19868,25.902,51.842,22.256
14168655,04/11/2025,Curzon Ashton,Spennymoor,1.55783,1.1732,1.52685,1.27024,42.962,30.141,26.897
14168666,08/11/2025,Curzon Ashton,Scarborough,1.33271,1.35779,1.06289,1.10128,34.107,34.943,30.95
14168709,06/12/2025,Curzon Ashton,Alfreton,1.86848,0.86783,1.53716,0.92873,53.493,20.138,26.369
14168736,26/12/2025,Curzon Ashton,Radcliffe,0.48963,2.30409,0.55928,1.81103,9.445,69.927,20.628
14168786,17/01/2026,Curzon Ashton,Telford,0.16475,2.76953,1.50375,4.53057,3.301,90.127,6.572
14168824,31/01/2026,Curzon Ashton,Hereford,1.72871,0.98957,2.02209,1.54676,48.233,23.595,28.172
15399954,03/02/2026,Curzon Ashton,Bedford,2.67171,0.22047,3.18859,1.06638,85.463,3.755,10.782
14168847,10/02/2026,Curzon Ashton,Marine,2.08618,0.69574,1.98269,1.01704,62.27,15.922,21.808
14168491,09/08/2025,Curzon Ashton,Leamington,2.60835,0.28023,3.19754,1.15776,83.231,5.627,11.142
14168507,23/08/2025,Curzon Ashton,Merthyr,0.18535,2.68456,0.18293,1.80144,1.842,85.149,13.009
14168537,30/08/2025,Curzon Ashton,Kidderminster,2.01773,0.72329,1.70123,0.89804,58.625,15.477,25.898
14168543,02/09/2025,Curzon Ashton,Chorley,1.18007,1.54613,1.26454,1.50712,30.209,42.411,27.38
14168572,20/09/2025,Curzon Ashton,South Shields,0.48105,2.34057,0.83483,2.21739,10.089,72.073,17.838
14168631,25/10/2025,Curzon Ashton,Peterborough,1.81078,0.96844,2.25635,1.659,53.0,24.922,22.078
14813803,28/10/2025,Curzon Ashton,King's Lynn,0.99962,1.77782,1.60782,2.19868,25.902,51.842,22.256
14168655,04/11/2025,Curzon Ashton,Spennymoor,1.55783,1.1732,1.52685,1.27024,42.962,30.141,26.897
14168666,08/11/2025,Curzon Ashton,Scarborough,1.33271,1.35779,1.06289,1.10128,34.107,34.943,30.95
14168709,06/12/2025,Curzon Ashton,Alfreton,1.86848,0.86783,1.53716,0.92873,53.493,20.138,26.369
14168736,26/12/2025,Curzon Ashton,Radcliffe,0.48963,2.30409,0.55928,1.81103,9.445,69.927,20.628
14168786,17/01/2026,Curzon Ashton,Telford,0.16475,2.76953,1.50375,4.53057,3.301,90.127,6.572
14168824,31/01/2026,Curzon Ashton,Hereford,1.72871,0.98957,2.02209,1.54676,48.233,23.595,28.172
15399954,03/02/2026,Curzon Ashton,Bedford,2.67171,0.22047,3.18859,1.06638,85.463,3.755,10.782
14168847,10/02/2026,Curzon Ashton,Marine,2.08618,0.69574,1.98269,1.01704,62.27,15.922,21.808
14168881,24/02/2026,Curzon Ashton,Darlington,0.51201,2.31732,1.14394,2.5553,11.378,71.555,17.067
14168491,09/08/2025,Curzon Ashton,Leamington,2.60835,0.28023,3.19754,1.15776,83.231,5.627,11.142
14168507,23/08/2025,Curzon Ashton,Merthyr,0.18535,2.68456,0.18293,1.80144,1.842,85.149,13.009
14168537,30/08/2025,Curzon Ashton,Kidderminster,2.01773,0.72329,1.70123,0.89804,58.625,15.477,25.898
14168543,02/09/2025,Curzon Ashton,Chorley,1.18007,1.54613,1.26454,1.50712,30.209,42.411,27.38
14168572,20/09/2025,Curzon Ashton,South Shields,0.48105,2.34057,0.83483,2.21739,10.089,72.073,17.838
14168631,25/10/2025,Curzon Ashton,Peterborough,1.81078,0.96844,2.25635,1.659,53.0,24.922,22.078
14813803,28/10/2025,Curzon Ashton,King's Lynn,0.99962,1.77782,1.60782,2.19868,25.902,51.842,22.256
14168655,04/11/2025,Curzon Ashton,Spennymoor,1.55783,1.1732,1.52685,1.27024,42.962,30.141,26.897
14168666,08/11/2025,Curzon Ashton,Scarborough,1.33271,1.35779,1.06289,1.10128,34.107,34.943,30.95
14168709,06/12/2025,Curzon Ashton,Alfreton,1.86848,0.86783,1.53716,0.92873,53.493,20.138,26.369
14168736,26/12/2025,Curzon Ashton,Radcliffe,0.48963,2.30409,0.55928,1.81103,9.445,69.927,20.628
14168786,17/01/2026,Curzon Ashton,Telford,0.16475,2.76953,1.50375,4.53057,3.301,90.127,6.572
14168824,31/01/2026,Curzon Ashton,Hereford,1.72871,0.98957,2.02209,1.54676,48.233,23.595,28.172
15399954,03/02/2026,Curzon Ashton,Bedford,2.67171,0.22047,3.18859,1.06638,85.463,3.755,10.782
14168847,10/02/2026,Curzon Ashton,Marine,2.08618,0.69574,1.98269,1.01704,62.27,15.922,21.808
14168881,24/02/2026,Curzon Ashton,Darlington,0.51201,2.31732,1.14394,2.5553,11.378,71.555,17.067
14168919,10/03/2026,Curzon Ashton,Oxford,1.02305,1.74671,1.5331,2.07341,26.427,50.549,23.024
14168491,09/08/2025,Curzon Ashton,Leamington,2.60835,0.28023,3.19754,1.15776,83.231,5.627,11.142
14168507,23/08/2025,Curzon Ashton,Merthyr,0.18535,2.68456,0.18293,1.80144,1.842,85.149,13.009
14168537,30/08/2025,Curzon Ashton,Kidderminster,2.01773,0.72329,1.70123,0.89804,58.625,15.477,25.898
14168543,02/09/2025,Curzon Ashton,Chorley,1.18007,1.54613,1.26454,1.50712,30.209,42.411,27.38
14168572,20/09/2025,Curzon Ashton,South Shields,0.48105,2.34057,0.83483,2.21739,10.089,72.073,17.838
14168631,25/10/2025,Curzon Ashton,Peterborough,1.81078,0.96844,2.25635,1.659,53.0,24.922,22.078
14813803,28/10/2025,Curzon Ashton,King's Lynn,0.99962,1.77782,1.60782,2.19868,25.902,51.842,22.256
14168655,04/11/2025,Curzon Ashton,Spennymoor,1.55783,1.1732,1.52685,1.27024,42.962,30.141,26.897
14168666,08/11/2025,Curzon Ashton,Scarborough,1.33271,1.35779,1.06289,1.10128,34.107,34.943,30.95
14168709,06/12/2025,Curzon Ashton,Alfreton,1.86848,0.86783,1.53716,0.92873,53.493,20.138,26.369
14168736,26/12/2025,Curzon Ashton,Radcliffe,0.48963,2.30409,0.55928,1.81103,9.445,69.927,20.628
14168786,17/01/2026,Curzon Ashton,Telford,0.16475,2.76953,1.50375,4.53057,3.301,90.127,6.572
14168824,31/01/2026,Curzon Ashton,Hereford,1.72871,0.98957,2.02209,1.54676,48.233,23.595,28.172
15399954,03/02/2026,Curzon Ashton,Bedford,2.67171,0.22047,3.18859,1.06638,85.463,3.755,10.782
14168847,10/02/2026,Curzon Ashton,Marine,2.08618,0.69574,1.98269,1.01704,62.27,15.922,21.808
14168881,24/02/2026,Curzon Ashton,Darlington,0.51201,2.31732,1.14394,2.5553,11.378,71.555,17.067
14168919,10/03/2026,Curzon Ashton,Oxford,1.02305,1.74671,1.5331,2.07341,26.427,50.549,23.024
14168929,14/03/2026,Curzon Ashton,Macclesfield,0.39733,2.43925,0.81215,2.40102,7.797,75.861,16.342
14168491,09/08/2025,Curzon Ashton,Leamington,2.60835,0.28023,3.19754,1.15776,83.231,5.627,11.142
14168507,23/08/2025,Curzon Ashton,Merthyr,0.18535,2.68456,0.18293,1.80144,1.842,85.149,13.009
14168537,30/08/2025,Curzon Ashton,Kidderminster,2.01773,0.72329,1.70123,0.89804,58.625,15.477,25.898
14168543,02/09/2025,Curzon Ashton,Chorley,1.18007,1.54613,1.26454,1.50712,30.209,42.411,27.38
14168572,20/09/2025,Curzon Ashton,South Shields,0.48105,2.34057,0.83483,2.21739,10.089,72.073,17.838
14168631,25/10/2025,Curzon Ashton,Peterborough,1.81078,0.96844,2.25635,1.659,53.0,24.922,22.078
14813803,28/10/2025,Curzon Ashton,King's Lynn,0.99962,1.77782,1.60782,2.19868,25.902,51.842,22.256
14168655,04/11/2025,Curzon Ashton,Spennymoor,1.55783,1.1732,1.52685,1.27024,42.962,30.141,26.897
14168666,08/11/2025,Curzon Ashton,Scarborough,1.33271,1.35779,1.06289,1.10128,34.107,34.943,30.95
14168709,06/12/2025,Curzon Ashton,Alfreton,1.86848,0.86783,1.53716,0.92873,53.493,20.138,26.369
14168736,26/12/2025,Curzon Ashton,Radcliffe,0.48963,2.30409,0.55928,1.81103,9.445,69.927,20.628
14168786,17/01/2026,Curzon Ashton,Telford,0.16475,2.76953,1.50375,4.53057,3.301,90.127,6.572
14168824,31/01/2026,Curzon Ashton,Hereford,1.72871,0.98957,2.02209,1.54676,48.233,23.595,28.172
15399954,03/02/2026,Curzon Ashton,Bedford,2.67171,0.22047,3.18859,1.06638,85.463,3.755,10.782
14168847,10/02/2026,Curzon Ashton,Marine,2.08618,0.69574,1.98269,1.01704,62.27,15.922,21.808
14168881,24/02/2026,Curzon Ashton,Darlington,0.51201,2.31732,1.14394,2.5553,11.378,71.555,17.067
14168919,10/03/2026,Curzon Ashton,Oxford,1.02305,1.74671,1.5331,2.07341,26.427,50.549,23.024
14168929,14/03/2026,Curzon Ashton,Macclesfield,0.39733,2.43925,0.81215,2.40102,7.797,75.861,16.342
14168952,28/03/2026,Curzon Ashton,Chester,1.15889,1.44083,0.57565,0.72645,25.287,34.685,40.028
14168494,09/08/2025,Darlington,Chorley,1.27306,1.45858,1.36108,1.45082,33.49,39.674,26.836
14168494,09/08/2025,Darlington,Chorley,1.27306,1.45858,1.36108,1.45082,33.49,39.674,26.836
14168499,19/08/2025,Darlington,Fylde,0.09225,2.8626,1.23106,4.42212,1.57,93.915,4.515
14168494,09/08/2025,Darlington,Chorley,1.27306,1.45858,1.36108,1.45082,33.49,39.674,26.836
14168499,19/08/2025,Darlington,Fylde,0.09225,2.8626,1.23106,4.42212,1.57,93.915,4.515
14168520,25/08/2025,Darlington,Telford,0.83033,1.92398,1.00308,1.70864,19.488,55.943,24.569
14168494,09/08/2025,Darlington,Chorley,1.27306,1.45858,1.36108,1.45082,33.49,39.674,26.836
14168499,19/08/2025,Darlington,Fylde,0.09225,2.8626,1.23106,4.42212,1.57,93.915,4.515
14168520,25/08/2025,Darlington,Telford,0.83033,1.92398,1.00308,1.70864,19.488,55.943,24.569
14168564,06/09/2025,Darlington,Hereford,2.49791,0.35258,2.44663,0.82693,78.28,6.769,14.951
14168494,09/08/2025,Darlington,Chorley,1.27306,1.45858,1.36108,1.45082,33.49,39.674,26.836
14168499,19/08/2025,Darlington,Fylde,0.09225,2.8626,1.23106,4.42212,1.57,93.915,4.515
14168520,25/08/2025,Darlington,Telford,0.83033,1.92398,1.00308,1.70864,19.488,55.943,24.569
14168564,06/09/2025,Darlington,Hereford,2.49791,0.35258,2.44663,0.82693,78.28,6.769,14.951
14168569,20/09/2025,Darlington,Chester,2.10868,0.65065,1.69156,0.73617,62.267,13.666,24.067
14168494,09/08/2025,Darlington,Chorley,1.27306,1.45858,1.36108,1.45082,33.49,39.674,26.836
14168499,19/08/2025,Darlington,Fylde,0.09225,2.8626,1.23106,4.42212,1.57,93.915,4.515
14168520,25/08/2025,Darlington,Telford,0.83033,1.92398,1.00308,1.70864,19.488,55.943,24.569
14168564,06/09/2025,Darlington,Hereford,2.49791,0.35258,2.44663,0.82693,78.28,6.769,14.951
14168569,20/09/2025,Darlington,Chester,2.10868,0.65065,1.69156,0.73617,62.267,13.666,24.067
14168630,25/10/2025,Darlington,Southport,2.28491,0.46136,1.26528,0.33622,67.706,6.921,25.373
14168494,09/08/2025,Darlington,Chorley,1.27306,1.45858,1.36108,1.45082,33.49,39.674,26.836
14168499,19/08/2025,Darlington,Fylde,0.09225,2.8626,1.23106,4.42212,1.57,93.915,4.515
14168520,25/08/2025,Darlington,Telford,0.83033,1.92398,1.00308,1.70864,19.488,55.943,24.569
14168564,06/09/2025,Darlington,Hereford,2.49791,0.35258,2.44663,0.82693,78.28,6.769,14.951
14168569,20/09/2025,Darlington,Chester,2.10868,0.65065,1.69156,0.73617,62.267,13.666,24.067
14168630,25/10/2025,Darlington,Southport,2.28491,0.46136,1.26528,0.33622,67.706,6.921,25.373
14168656,04/11/2025,Darlington,Worksop,2.32013,0.52004,2.7113,1.1704,72.01,12.007,15.983
14168494,09/08/2025,Darlington,Chorley,1.27306,1.45858,1.36108,1.45082,33.49,39.674,26.836
14168499,19/08/2025,Darlington,Fylde,0.09225,2.8626,1.23106,4.42212,1.57,93.915,4.515
14168520,25/08/2025,Darlington,Telford,0.83033,1.92398,1.00308,1.70864,19.488,55.943,24.569
14168564,06/09/2025,Darlington,Hereford,2.49791,0.35258,2.44663,0.82693,78.28,6.769,14.951
14168569,20/09/2025,Darlington,Chester,2.10868,0.65065,1.69156,0.73617,62.267,13.666,24.067
14168630,25/10/2025,Darlington,Southport,2.28491,0.46136,1.26528,0.33622,67.706,6.921,25.373
14168656,04/11/2025,Darlington,Worksop,2.32013,0.52004,2.7113,1.1704,72.01,12.007,15.983
14878242,18/11/2025,Darlington,Peterborough,2.0028,0.79947,3.21365,2.22616,60.169,20.058,19.773
14168494,09/08/2025,Darlington,Chorley,1.27306,1.45858,1.36108,1.45082,33.49,39.674,26.836
14168499,19/08/2025,Darlington,Fylde,0.09225,2.8626,1.23106,4.42212,1.57,93.915,4.515
14168520,25/08/2025,Darlington,Telford,0.83033,1.92398,1.00308,1.70864,19.488,55.943,24.569
14168564,06/09/2025,Darlington,Hereford,2.49791,0.35258,2.44663,0.82693,78.28,6.769,14.951
14168569,20/09/2025,Darlington,Chester,2.10868,0.65065,1.69156,0.73617,62.267,13.666,24.067
14168630,25/10/2025,Darlington,Southport,2.28491,0.46136,1.26528,0.33622,67.706,6.921,25.373
14168656,04/11/2025,Darlington,Worksop,2.32013,0.52004,2.7113,1.1704,72.01,12.007,15.983
14878242,18/11/2025,Darlington,Peterborough,2.0028,0.79947,3.21365,2.22616,60.169,20.058,19.773
14168679,22/11/2025,Darlington,Spennymoor,1.49587,1.16263,0.94653,0.76475,38.479,27.371,34.15
14168494,09/08/2025,Darlington,Chorley,1.27306,1.45858,1.36108,1.45082,33.49,39.674,26.836
14168499,19/08/2025,Darlington,Fylde,0.09225,2.8626,1.23106,4.42212,1.57,93.915,4.515
14168520,25/08/2025,Darlington,Telford,0.83033,1.92398,1.00308,1.70864,19.488,55.943,24.569
14168564,06/09/2025,Darlington,Hereford,2.49791,0.35258,2.44663,0.82693,78.28,6.769,14.951
14168569,20/09/2025,Darlington,Chester,2.10868,0.65065,1.69156,0.73617,62.267,13.666,24.067
14168630,25/10/2025,Darlington,Southport,2.28491,0.46136,1.26528,0.33622,67.706,6.921,25.373
14168656,04/11/2025,Darlington,Worksop,2.32013,0.52004,2.7113,1.1704,72.01,12.007,15.983
14878242,18/11/2025,Darlington,Peterborough,2.0028,0.79947,3.21365,2.22616,60.169,20.058,19.773
14168679,22/11/2025,Darlington,Spennymoor,1.49587,1.16263,0.94653,0.76475,38.479,27.371,34.15
14168689,25/11/2025,Darlington,Curzon Ashton,2.60053,0.26131,2.1225,0.4028,82.079,4.105,13.816
14168494,09/08/2025,Darlington,Chorley,1.27306,1.45858,1.36108,1.45082,33.49,39.674,26.836
14168499,19/08/2025,Darlington,Fylde,0.09225,2.8626,1.23106,4.42212,1.57,93.915,4.515
14168520,25/08/2025,Darlington,Telford,0.83033,1.92398,1.00308,1.70864,19.488,55.943,24.569
14168564,06/09/2025,Darlington,Hereford,2.49791,0.35258,2.44663,0.82693,78.28,6.769,14.951
14168569,20/09/2025,Darlington,Chester,2.10868,0.65065,1.69156,0.73617,62.267,13.666,24.067
14168630,25/10/2025,Darlington,Southport,2.28491,0.46136,1.26528,0.33622,67.706,6.921,25.373
14168656,04/11/2025,Darlington,Worksop,2.32013,0.52004,2.7113,1.1704,72.01,12.007,15.983
14878242,18/11/2025,Darlington,Peterborough,2.0028,0.79947,3.21365,2.22616,60.169,20.058,19.773
14168679,22/11/2025,Darlington,Spennymoor,1.49587,1.16263,0.94653,0.76475,38.479,27.371,34.15
14168689,25/11/2025,Darlington,Curzon Ashton,2.60053,0.26131,2.1225,0.4028,82.079,4.105,13.816
14168727,20/12/2025,Darlington,King's Lynn,0.91743,1.74519,0.58543,1.02524,19.335,46.927,33.738
14168494,09/08/2025,Darlington,Chorley,1.27306,1.45858,1.36108,1.45082,33.49,39.674,26.836
14168499,19/08/2025,Darlington,Fylde,0.09225,2.8626,1.23106,4.42212,1.57,93.915,4.515
14168520,25/08/2025,Darlington,Telford,0.83033,1.92398,1.00308,1.70864,19.488,55.943,24.569
14168564,06/09/2025,Darlington,Hereford,2.49791,0.35258,2.44663,0.82693,78.28,6.769,14.951
14168569,20/09/2025,Darlington,Chester,2.10868,0.65065,1.69156,0.73617,62.267,13.666,24.067
14168630,25/10/2025,Darlington,Southport,2.28491,0.46136,1.26528,0.33622,67.706,6.921,25.373
14168656,04/11/2025,Darlington,Worksop,2.32013,0.52004,2.7113,1.1704,72.01,12.007,15.983
14878242,18/11/2025,Darlington,Peterborough,2.0028,0.79947,3.21365,2.22616,60.169,20.058,19.773
14168679,22/11/2025,Darlington,Spennymoor,1.49587,1.16263,0.94653,0.76475,38.479,27.371,34.15
14168689,25/11/2025,Darlington,Curzon Ashton,2.60053,0.26131,2.1225,0.4028,82.079,4.105,13.816
14168727,20/12/2025,Darlington,King's Lynn,0.91743,1.74519,0.58543,1.02524,19.335,46.927,33.738
14168752,30/12/2025,Darlington,South Shields,1.29889,1.41526,1.25104,1.33877,33.768,37.647,28.585
14168494,09/08/2025,Darlington,Chorley,1.27306,1.45858,1.36108,1.45082,33.49,39.674,26.836
14168499,19/08/2025,Darlington,Fylde,0.09225,2.8626,1.23106,4.42212,1.57,93.915,4.515
14168520,25/08/2025,Darlington,Telford,0.83033,1.92398,1.00308,1.70864,19.488,55.943,24.569
14168564,06/09/2025,Darlington,Hereford,2.49791,0.35258,2.44663,0.82693,78.28,6.769,14.951
14168569,20/09/2025,Darlington,Chester,2.10868,0.65065,1.69156,0.73617,62.267,13.666,24.067
14168630,25/10/2025,Darlington,Southport,2.28491,0.46136,1.26528,0.33622,67.706,6.921,25.373
14168656,04/11/2025,Darlington,Worksop,2.32013,0.52004,2.7113,1.1704,72.01,12.007,15.983
14878242,18/11/2025,Darlington,Peterborough,2.0028,0.79947,3.21365,2.22616,60.169,20.058,19.773
14168679,22/11/2025,Darlington,Spennymoor,1.49587,1.16263,0.94653,0.76475,38.479,27.371,34.15
14168689,25/11/2025,Darlington,Curzon Ashton,2.60053,0.26131,2.1225,0.4028,82.079,4.105,13.816
14168727,20/12/2025,Darlington,King's Lynn,0.91743,1.74519,0.58543,1.02524,19.335,46.927,33.738
14168752,30/12/2025,Darlington,South Shields,1.29889,1.41526,1.25104,1.33877,33.768,37.647,28.585
14168787,17/01/2026,Darlington,Alfreton,2.25841,0.54991,2.27626,1.04214,68.891,11.941,19.168
14168494,09/08/2025,Darlington,Chorley,1.27306,1.45858,1.36108,1.45082,33.49,39.674,26.836
14168499,19/08/2025,Darlington,Fylde,0.09225,2.8626,1.23106,4.42212,1.57,93.915,4.515
14168520,25/08/2025,Darlington,Telford,0.83033,1.92398,1.00308,1.70864,19.488,55.943,24.569
14168564,06/09/2025,Darlington,Hereford,2.49791,0.35258,2.44663,0.82693,78.28,6.769,14.951
14168569,20/09/2025,Darlington,Chester,2.10868,0.65065,1.69156,0.73617,62.267,13.666,24.067
14168630,25/10/2025,Darlington,Southport,2.28491,0.46136,1.26528,0.33622,67.706,6.921,25.373
14168656,04/11/2025,Darlington,Worksop,2.32013,0.52004,2.7113,1.1704,72.01,12.007,15.983
14878242,18/11/2025,Darlington,Peterborough,2.0028,0.79947,3.21365,2.22616,60.169,20.058,19.773
14168679,22/11/2025,Darlington,Spennymoor,1.49587,1.16263,0.94653,0.76475,38.479,27.371,34.15
14168689,25/11/2025,Darlington,Curzon Ashton,2.60053,0.26131,2.1225,0.4028,82.079,4.105,13.816
14168727,20/12/2025,Darlington,King's Lynn,0.91743,1.74519,0.58543,1.02524,19.335,46.927,33.738
14168752,30/12/2025,Darlington,South Shields,1.29889,1.41526,1.25104,1.33877,33.768,37.647,28.585
14168787,17/01/2026,Darlington,Alfreton,2.25841,0.54991,2.27626,1.04214,68.891,11.941,19.168
14168823,31/01/2026,Darlington,Merthyr,2.43289,0.41533,2.6065,0.90706,76.037,8.785,15.178
14168494,09/08/2025,Darlington,Chorley,1.27306,1.45858,1.36108,1.45082,33.49,39.674,26.836
14168499,19/08/2025,Darlington,Fylde,0.09225,2.8626,1.23106,4.42212,1.57,93.915,4.515
14168520,25/08/2025,Darlington,Telford,0.83033,1.92398,1.00308,1.70864,19.488,55.943,24.569
14168564,06/09/2025,Darlington,Hereford,2.49791,0.35258,2.44663,0.82693,78.28,6.769,14.951
14168569,20/09/2025,Darlington,Chester,2.10868,0.65065,1.69156,0.73617,62.267,13.666,24.067
14168630,25/10/2025,Darlington,Southport,2.28491,0.46136,1.26528,0.33622,67.706,6.921,25.373
14168656,04/11/2025,Darlington,Worksop,2.32013,0.52004,2.7113,1.1704,72.01,12.007,15.983
14878242,18/11/2025,Darlington,Peterborough,2.0028,0.79947,3.21365,2.22616,60.169,20.058,19.773
14168679,22/11/2025,Darlington,Spennymoor,1.49587,1.16263,0.94653,0.76475,38.479,27.371,34.15
14168689,25/11/2025,Darlington,Curzon Ashton,2.60053,0.26131,2.1225,0.4028,82.079,4.105,13.816
14168727,20/12/2025,Darlington,King's Lynn,0.91743,1.74519,0.58543,1.02524,19.335,46.927,33.738
14168752,30/12/2025,Darlington,South Shields,1.29889,1.41526,1.25104,1.33877,33.768,37.647,28.585
14168787,17/01/2026,Darlington,Alfreton,2.25841,0.54991,2.27626,1.04214,68.891,11.941,19.168
14168823,31/01/2026,Darlington,Merthyr,2.43289,0.41533,2.6065,0.90706,76.037,8.785,15.178
14168895,28/02/2026,Darlington,Bedford,2.45684,0.40064,2.89411,1.18973,77.144,8.604,14.252
14168494,09/08/2025,Darlington,Chorley,1.27306,1.45858,1.36108,1.45082,33.49,39.674,26.836
14168499,19/08/2025,Darlington,Fylde,0.09225,2.8626,1.23106,4.42212,1.57,93.915,4.515
14168520,25/08/2025,Darlington,Telford,0.83033,1.92398,1.00308,1.70864,19.488,55.943,24.569
14168564,06/09/2025,Darlington,Hereford,2.49791,0.35258,2.44663,0.82693,78.28,6.769,14.951
14168569,20/09/2025,Darlington,Chester,2.10868,0.65065,1.69156,0.73617,62.267,13.666,24.067
14168630,25/10/2025,Darlington,Southport,2.28491,0.46136,1.26528,0.33622,67.706,6.921,25.373
14168656,04/11/2025,Darlington,Worksop,2.32013,0.52004,2.7113,1.1704,72.01,12.007,15.983
14878242,18/11/2025,Darlington,Peterborough,2.0028,0.79947,3.21365,2.22616,60.169,20.058,19.773
14168679,22/11/2025,Darlington,Spennymoor,1.49587,1.16263,0.94653,0.76475,38.479,27.371,34.15
14168689,25/11/2025,Darlington,Curzon Ashton,2.60053,0.26131,2.1225,0.4028,82.079,4.105,13.816
14168727,20/12/2025,Darlington,King's Lynn,0.91743,1.74519,0.58543,1.02524,19.335,46.927,33.738
14168752,30/12/2025,Darlington,South Shields,1.29889,1.41526,1.25104,1.33877,33.768,37.647,28.585
14168787,17/01/2026,Darlington,Alfreton,2.25841,0.54991,2.27626,1.04214,68.891,11.941,19.168
14168823,31/01/2026,Darlington,Merthyr,2.43289,0.41533,2.6065,0.90706,76.037,8.785,15.178
14168895,28/02/2026,Darlington,Bedford,2.45684,0.40064,2.89411,1.18973,77.144,8.604,14.252
15341358,03/03/2026,Darlington,Macclesfield,1.58582,1.18925,2.13656,1.82972,45.363,32.144,22.493
14168494,09/08/2025,Darlington,Chorley,1.27306,1.45858,1.36108,1.45082,33.49,39.674,26.836
14168499,19/08/2025,Darlington,Fylde,0.09225,2.8626,1.23106,4.42212,1.57,93.915,4.515
14168520,25/08/2025,Darlington,Telford,0.83033,1.92398,1.00308,1.70864,19.488,55.943,24.569
14168564,06/09/2025,Darlington,Hereford,2.49791,0.35258,2.44663,0.82693,78.28,6.769,14.951
14168569,20/09/2025,Darlington,Chester,2.10868,0.65065,1.69156,0.73617,62.267,13.666,24.067
14168630,25/10/2025,Darlington,Southport,2.28491,0.46136,1.26528,0.33622,67.706,6.921,25.373
14168656,04/11/2025,Darlington,Worksop,2.32013,0.52004,2.7113,1.1704,72.01,12.007,15.983
14878242,18/11/2025,Darlington,Peterborough,2.0028,0.79947,3.21365,2.22616,60.169,20.058,19.773
14168679,22/11/2025,Darlington,Spennymoor,1.49587,1.16263,0.94653,0.76475,38.479,27.371,34.15
14168689,25/11/2025,Darlington,Curzon Ashton,2.60053,0.26131,2.1225,0.4028,82.079,4.105,13.816
14168727,20/12/2025,Darlington,King's Lynn,0.91743,1.74519,0.58543,1.02524,19.335,46.927,33.738
14168752,30/12/2025,Darlington,South Shields,1.29889,1.41526,1.25104,1.33877,33.768,37.647,28.585
14168787,17/01/2026,Darlington,Alfreton,2.25841,0.54991,2.27626,1.04214,68.891,11.941,19.168
14168823,31/01/2026,Darlington,Merthyr,2.43289,0.41533,2.6065,0.90706,76.037,8.785,15.178
14168895,28/02/2026,Darlington,Bedford,2.45684,0.40064,2.89411,1.18973,77.144,8.604,14.252
15341358,03/03/2026,Darlington,Macclesfield,1.58582,1.18925,2.13656,1.82972,45.363,32.144,22.493
14168918,10/03/2026,Darlington,Buxton,2.3563,0.44308,1.82439,0.57868,71.856,8.082,20.062
14168494,09/08/2025,Darlington,Chorley,1.27306,1.45858,1.36108,1.45082,33.49,39.674,26.836
14168499,19/08/2025,Darlington,Fylde,0.09225,2.8626,1.23106,4.42212,1.57,93.915,4.515
14168520,25/08/2025,Darlington,Telford,0.83033,1.92398,1.00308,1.70864,19.488,55.943,24.569
14168564,06/09/2025,Darlington,Hereford,2.49791,0.35258,2.44663,0.82693,78.28,6.769,14.951
14168569,20/09/2025,Darlington,Chester,2.10868,0.65065,1.69156,0.73617,62.267,13.666,24.067
14168630,25/10/2025,Darlington,Southport,2.28491,0.46136,1.26528,0.33622,67.706,6.921,25.373
14168656,04/11/2025,Darlington,Worksop,2.32013,0.52004,2.7113,1.1704,72.01,12.007,15.983
14878242,18/11/2025,Darlington,Peterborough,2.0028,0.79947,3.21365,2.22616,60.169,20.058,19.773
14168679,22/11/2025,Darlington,Spennymoor,1.49587,1.16263,0.94653,0.76475,38.479,27.371,34.15
14168689,25/11/2025,Darlington,Curzon Ashton,2.60053,0.26131,2.1225,0.4028,82.079,4.105,13.816
14168727,20/12/2025,Darlington,King's Lynn,0.91743,1.74519,0.58543,1.02524,19.335,46.927,33.738
14168752,30/12/2025,Darlington,South Shields,1.29889,1.41526,1.25104,1.33877,33.768,37.647,28.585
14168787,17/01/2026,Darlington,Alfreton,2.25841,0.54991,2.27626,1.04214,68.891,11.941,19.168
14168823,31/01/2026,Darlington,Merthyr,2.43289,0.41533,2.6065,0.90706,76.037,8.785,15.178
14168895,28/02/2026,Darlington,Bedford,2.45684,0.40064,2.89411,1.18973,77.144,8.604,14.252
15341358,03/03/2026,Darlington,Macclesfield,1.58582,1.18925,2.13656,1.82972,45.363,32.144,22.493
14168918,10/03/2026,Darlington,Buxton,2.3563,0.44308,1.82439,0.57868,71.856,8.082,20.062
14168931,14/03/2026,Darlington,Leamington,2.87599,0.07972,3.68331,0.61813,94.39,1.181,4.429
14168494,09/08/2025,Darlington,Chorley,1.27306,1.45858,1.36108,1.45082,33.49,39.674,26.836
14168499,19/08/2025,Darlington,Fylde,0.09225,2.8626,1.23106,4.42212,1.57,93.915,4.515
14168520,25/08/2025,Darlington,Telford,0.83033,1.92398,1.00308,1.70864,19.488,55.943,24.569
14168564,06/09/2025,Darlington,Hereford,2.49791,0.35258,2.44663,0.82693,78.28,6.769,14.951
14168569,20/09/2025,Darlington,Chester,2.10868,0.65065,1.69156,0.73617,62.267,13.666,24.067
14168630,25/10/2025,Darlington,Southport,2.28491,0.46136,1.26528,0.33622,67.706,6.921,25.373
14168656,04/11/2025,Darlington,Worksop,2.32013,0.52004,2.7113,1.1704,72.01,12.007,15.983
14878242,18/11/2025,Darlington,Peterborough,2.0028,0.79947,3.21365,2.22616,60.169,20.058,19.773
14168679,22/11/2025,Darlington,Spennymoor,1.49587,1.16263,0.94653,0.76475,38.479,27.371,34.15
14168689,25/11/2025,Darlington,Curzon Ashton,2.60053,0.26131,2.1225,0.4028,82.079,4.105,13.816
14168727,20/12/2025,Darlington,King's Lynn,0.91743,1.74519,0.58543,1.02524,19.335,46.927,33.738
14168752,30/12/2025,Darlington,South Shields,1.29889,1.41526,1.25104,1.33877,33.768,37.647,28.585
14168787,17/01/2026,Darlington,Alfreton,2.25841,0.54991,2.27626,1.04214,68.891,11.941,19.168
14168823,31/01/2026,Darlington,Merthyr,2.43289,0.41533,2.6065,0.90706,76.037,8.785,15.178
14168895,28/02/2026,Darlington,Bedford,2.45684,0.40064,2.89411,1.18973,77.144,8.604,14.252
15341358,03/03/2026,Darlington,Macclesfield,1.58582,1.18925,2.13656,1.82972,45.363,32.144,22.493
14168918,10/03/2026,Darlington,Buxton,2.3563,0.44308,1.82439,0.57868,71.856,8.082,20.062
14168931,14/03/2026,Darlington,Leamington,2.87599,0.07972,3.68331,0.61813,94.39,1.181,4.429
15559405,24/03/2026,Darlington,Kidderminster,1.68396,1.03569,1.54214,1.13587,46.787,25.178,28.035
14168482,09/08/2025,Fylde,Oxford,0.44139,2.39403,1.10145,2.49999,9.227,74.315,16.458
14168482,09/08/2025,Fylde,Oxford,0.44139,2.39403,1.10145,2.49999,9.227,74.315,16.458
14168505,23/08/2025,Fylde,Kidderminster,1.55204,1.11455,1.01742,0.77705,40.621,26.038,33.341
14168482,09/08/2025,Fylde,Oxford,0.44139,2.39403,1.10145,2.49999,9.227,74.315,16.458
14168505,23/08/2025,Fylde,Kidderminster,1.55204,1.11455,1.01742,0.77705,40.621,26.038,33.341
14168532,30/08/2025,Fylde,Bedford,1.8843,0.81132,1.23865,0.63175,52.664,16.898,30.438
14168482,09/08/2025,Fylde,Oxford,0.44139,2.39403,1.10145,2.49999,9.227,74.315,16.458
14168505,23/08/2025,Fylde,Kidderminster,1.55204,1.11455,1.01742,0.77705,40.621,26.038,33.341
14168532,30/08/2025,Fylde,Bedford,1.8843,0.81132,1.23865,0.63175,52.664,16.898,30.438
14168542,02/09/2025,Fylde,Chester,1.65868,1.02832,1.13126,0.78285,44.856,23.844,31.3
14168482,09/08/2025,Fylde,Oxford,0.44139,2.39403,1.10145,2.49999,9.227,74.315,16.458
14168505,23/08/2025,Fylde,Kidderminster,1.55204,1.11455,1.01742,0.77705,40.621,26.038,33.341
14168532,30/08/2025,Fylde,Bedford,1.8843,0.81132,1.23865,0.63175,52.664,16.898,30.438
14168542,02/09/2025,Fylde,Chester,1.65868,1.02832,1.13126,0.78285,44.856,23.844,31.3
14168590,11/10/2025,Fylde,Worksop,1.35953,1.3952,1.95594,1.94553,37.142,38.331,24.527
14168482,09/08/2025,Fylde,Oxford,0.44139,2.39403,1.10145,2.49999,9.227,74.315,16.458
14168505,23/08/2025,Fylde,Kidderminster,1.55204,1.11455,1.01742,0.77705,40.621,26.038,33.341
14168532,30/08/2025,Fylde,Bedford,1.8843,0.81132,1.23865,0.63175,52.664,16.898,30.438
14168542,02/09/2025,Fylde,Chester,1.65868,1.02832,1.13126,0.78285,44.856,23.844,31.3
14168590,11/10/2025,Fylde,Worksop,1.35953,1.3952,1.95594,1.94553,37.142,38.331,24.527
14168632,25/10/2025,Fylde,Hereford,0.3736,2.48371,1.02412,2.7196,7.697,78.034,14.269
14168482,09/08/2025,Fylde,Oxford,0.44139,2.39403,1.10145,2.49999,9.227,74.315,16.458
14168505,23/08/2025,Fylde,Kidderminster,1.55204,1.11455,1.01742,0.77705,40.621,26.038,33.341
14168532,30/08/2025,Fylde,Bedford,1.8843,0.81132,1.23865,0.63175,52.664,16.898,30.438
14168542,02/09/2025,Fylde,Chester,1.65868,1.02832,1.13126,0.78285,44.856,23.844,31.3
14168590,11/10/2025,Fylde,Worksop,1.35953,1.3952,1.95594,1.94553,37.142,38.331,24.527
14168632,25/10/2025,Fylde,Hereford,0.3736,2.48371,1.02412,2.7196,7.697,78.034,14.269
14168649,05/11/2025,Fylde,South Shields,0.82151,1.96703,1.38043,2.24444,20.335,58.519,21.146
14168482,09/08/2025,Fylde,Oxford,0.44139,2.39403,1.10145,2.49999,9.227,74.315,16.458
14168505,23/08/2025,Fylde,Kidderminster,1.55204,1.11455,1.01742,0.77705,40.621,26.038,33.341
14168532,30/08/2025,Fylde,Bedford,1.8843,0.81132,1.23865,0.63175,52.664,16.898,30.438
14168542,02/09/2025,Fylde,Chester,1.65868,1.02832,1.13126,0.78285,44.856,23.844,31.3
14168590,11/10/2025,Fylde,Worksop,1.35953,1.3952,1.95594,1.94553,37.142,38.331,24.527
14168632,25/10/2025,Fylde,Hereford,0.3736,2.48371,1.02412,2.7196,7.697,78.034,14.269
14168649,05/11/2025,Fylde,South Shields,0.82151,1.96703,1.38043,2.24444,20.335,58.519,21.146
14168675,22/11/2025,Fylde,Buxton,0.68851,2.05222,0.67793,1.53057,14.308,59.765,25.927
14168482,09/08/2025,Fylde,Oxford,0.44139,2.39403,1.10145,2.49999,9.227,74.315,16.458
14168505,23/08/2025,Fylde,Kidderminster,1.55204,1.11455,1.01742,0.77705,40.621,26.038,33.341
14168532,30/08/2025,Fylde,Bedford,1.8843,0.81132,1.23865,0.63175,52.664,16.898,30.438
14168542,02/09/2025,Fylde,Chester,1.65868,1.02832,1.13126,0.78285,44.856,23.844,31.3
14168590,11/10/2025,Fylde,Worksop,1.35953,1.3952,1.95594,1.94553,37.142,38.331,24.527
14168632,25/10/2025,Fylde,Hereford,0.3736,2.48371,1.02412,2.7196,7.697,78.034,14.269
14168649,05/11/2025,Fylde,South Shields,0.82151,1.96703,1.38043,2.24444,20.335,58.519,21.146
14168675,22/11/2025,Fylde,Buxton,0.68851,2.05222,0.67793,1.53057,14.308,59.765,25.927
14168686,25/11/2025,Fylde,Macclesfield,2.67836,0.16799,1.68684,0.03272,84.157,0.478,15.365
14168482,09/08/2025,Fylde,Oxford,0.44139,2.39403,1.10145,2.49999,9.227,74.315,16.458
14168505,23/08/2025,Fylde,Kidderminster,1.55204,1.11455,1.01742,0.77705,40.621,26.038,33.341
14168532,30/08/2025,Fylde,Bedford,1.8843,0.81132,1.23865,0.63175,52.664,16.898,30.438
14168542,02/09/2025,Fylde,Chester,1.65868,1.02832,1.13126,0.78285,44.856,23.844,31.3
14168590,11/10/2025,Fylde,Worksop,1.35953,1.3952,1.95594,1.94553,37.142,38.331,24.527
14168632,25/10/2025,Fylde,Hereford,0.3736,2.48371,1.02412,2.7196,7.697,78.034,14.269
14168649,05/11/2025,Fylde,South Shields,0.82151,1.96703,1.38043,2.24444,20.335,58.519,21.146
14168675,22/11/2025,Fylde,Buxton,0.68851,2.05222,0.67793,1.53057,14.308,59.765,25.927
14168686,25/11/2025,Fylde,Macclesfield,2.67836,0.16799,1.68684,0.03272,84.157,0.478,15.365
14168713,06/12/2025,Fylde,Merthyr,1.08355,1.66123,1.36957,1.724,27.611,46.867,25.522
14168482,09/08/2025,Fylde,Oxford,0.44139,2.39403,1.10145,2.49999,9.227,74.315,16.458
14168505,23/08/2025,Fylde,Kidderminster,1.55204,1.11455,1.01742,0.77705,40.621,26.038,33.341
14168532,30/08/2025,Fylde,Bedford,1.8843,0.81132,1.23865,0.63175,52.664,16.898,30.438
14168542,02/09/2025,Fylde,Chester,1.65868,1.02832,1.13126,0.78285,44.856,23.844,31.3
14168590,11/10/2025,Fylde,Worksop,1.35953,1.3952,1.95594,1.94553,37.142,38.331,24.527
14168632,25/10/2025,Fylde,Hereford,0.3736,2.48371,1.02412,2.7196,7.697,78.034,14.269
14168649,05/11/2025,Fylde,South Shields,0.82151,1.96703,1.38043,2.24444,20.335,58.519,21.146
14168675,22/11/2025,Fylde,Buxton,0.68851,2.05222,0.67793,1.53057,14.308,59.765,25.927
14168686,25/11/2025,Fylde,Macclesfield,2.67836,0.16799,1.68684,0.03272,84.157,0.478,15.365
14168713,06/12/2025,Fylde,Merthyr,1.08355,1.66123,1.36957,1.724,27.611,46.867,25.522
14168734,26/12/2025,Fylde,Chorley,2.53144,0.328,2.52956,0.84045,79.696,6.248,14.056
14168482,09/08/2025,Fylde,Oxford,0.44139,2.39403,1.10145,2.49999,9.227,74.315,16.458
14168505,23/08/2025,Fylde,Kidderminster,1.55204,1.11455,1.01742,0.77705,40.621,26.038,33.341
14168532,30/08/2025,Fylde,Bedford,1.8843,0.81132,1.23865,0.63175,52.664,16.898,30.438
14168542,02/09/2025,Fylde,Chester,1.65868,1.02832,1.13126,0.78285,44.856,23.844,31.3
14168590,11/10/2025,Fylde,Worksop,1.35953,1.3952,1.95594,1.94553,37.142,38.331,24.527
14168632,25/10/2025,Fylde,Hereford,0.3736,2.48371,1.02412,2.7196,7.697,78.034,14.269
14168649,05/11/2025,Fylde,South Shields,0.82151,1.96703,1.38043,2.24444,20.335,58.519,21.146
14168675,22/11/2025,Fylde,Buxton,0.68851,2.05222,0.67793,1.53057,14.308,59.765,25.927
14168686,25/11/2025,Fylde,Macclesfield,2.67836,0.16799,1.68684,0.03272,84.157,0.478,15.365
14168713,06/12/2025,Fylde,Merthyr,1.08355,1.66123,1.36957,1.724,27.611,46.867,25.522
14168734,26/12/2025,Fylde,Chorley,2.53144,0.328,2.52956,0.84045,79.696,6.248,14.056
14168782,17/01/2026,Fylde,Scarborough,2.7777,0.12948,2.34183,0.17554,89.496,1.222,9.282
14168482,09/08/2025,Fylde,Oxford,0.44139,2.39403,1.10145,2.49999,9.227,74.315,16.458
14168505,23/08/2025,Fylde,Kidderminster,1.55204,1.11455,1.01742,0.77705,40.621,26.038,33.341
14168532,30/08/2025,Fylde,Bedford,1.8843,0.81132,1.23865,0.63175,52.664,16.898,30.438
14168542,02/09/2025,Fylde,Chester,1.65868,1.02832,1.13126,0.78285,44.856,23.844,31.3
14168590,11/10/2025,Fylde,Worksop,1.35953,1.3952,1.95594,1.94553,37.142,38.331,24.527
14168632,25/10/2025,Fylde,Hereford,0.3736,2.48371,1.02412,2.7196,7.697,78.034,14.269
14168649,05/11/2025,Fylde,South Shields,0.82151,1.96703,1.38043,2.24444,20.335,58.519,21.146
14168675,22/11/2025,Fylde,Buxton,0.68851,2.05222,0.67793,1.53057,14.308,59.765,25.927
14168686,25/11/2025,Fylde,Macclesfield,2.67836,0.16799,1.68684,0.03272,84.157,0.478,15.365
14168713,06/12/2025,Fylde,Merthyr,1.08355,1.66123,1.36957,1.724,27.611,46.867,25.522
14168734,26/12/2025,Fylde,Chorley,2.53144,0.328,2.52956,0.84045,79.696,6.248,14.056
14168782,17/01/2026,Fylde,Scarborough,2.7777,0.12948,2.34183,0.17554,89.496,1.222,9.282
15322125,03/02/2026,Fylde,Peterborough,2.55866,0.31289,3.11194,1.15394,81.007,6.148,12.845
14168482,09/08/2025,Fylde,Oxford,0.44139,2.39403,1.10145,2.49999,9.227,74.315,16.458
14168505,23/08/2025,Fylde,Kidderminster,1.55204,1.11455,1.01742,0.77705,40.621,26.038,33.341
14168532,30/08/2025,Fylde,Bedford,1.8843,0.81132,1.23865,0.63175,52.664,16.898,30.438
14168542,02/09/2025,Fylde,Chester,1.65868,1.02832,1.13126,0.78285,44.856,23.844,31.3
14168590,11/10/2025,Fylde,Worksop,1.35953,1.3952,1.95594,1.94553,37.142,38.331,24.527
14168632,25/10/2025,Fylde,Hereford,0.3736,2.48371,1.02412,2.7196,7.697,78.034,14.269
14168649,05/11/2025,Fylde,South Shields,0.82151,1.96703,1.38043,2.24444,20.335,58.519,21.146
14168675,22/11/2025,Fylde,Buxton,0.68851,2.05222,0.67793,1.53057,14.308,59.765,25.927
14168686,25/11/2025,Fylde,Macclesfield,2.67836,0.16799,1.68684,0.03272,84.157,0.478,15.365
14168713,06/12/2025,Fylde,Merthyr,1.08355,1.66123,1.36957,1.724,27.611,46.867,25.522
14168734,26/12/2025,Fylde,Chorley,2.53144,0.328,2.52956,0.84045,79.696,6.248,14.056
14168782,17/01/2026,Fylde,Scarborough,2.7777,0.12948,2.34183,0.17554,89.496,1.222,9.282
15322125,03/02/2026,Fylde,Peterborough,2.55866,0.31289,3.11194,1.15394,81.007,6.148,12.845
14168857,10/02/2026,Fylde,Spennymoor,2.66422,0.21457,2.27557,0.34959,84.767,3.112,12.121
14168482,09/08/2025,Fylde,Oxford,0.44139,2.39403,1.10145,2.49999,9.227,74.315,16.458
14168505,23/08/2025,Fylde,Kidderminster,1.55204,1.11455,1.01742,0.77705,40.621,26.038,33.341
14168532,30/08/2025,Fylde,Bedford,1.8843,0.81132,1.23865,0.63175,52.664,16.898,30.438
14168542,02/09/2025,Fylde,Chester,1.65868,1.02832,1.13126,0.78285,44.856,23.844,31.3
14168590,11/10/2025,Fylde,Worksop,1.35953,1.3952,1.95594,1.94553,37.142,38.331,24.527
14168632,25/10/2025,Fylde,Hereford,0.3736,2.48371,1.02412,2.7196,7.697,78.034,14.269
14168649,05/11/2025,Fylde,South Shields,0.82151,1.96703,1.38043,2.24444,20.335,58.519,21.146
14168675,22/11/2025,Fylde,Buxton,0.68851,2.05222,0.67793,1.53057,14.308,59.765,25.927
14168686,25/11/2025,Fylde,Macclesfield,2.67836,0.16799,1.68684,0.03272,84.157,0.478,15.365
14168713,06/12/2025,Fylde,Merthyr,1.08355,1.66123,1.36957,1.724,27.611,46.867,25.522
14168734,26/12/2025,Fylde,Chorley,2.53144,0.328,2.52956,0.84045,79.696,6.248,14.056
14168782,17/01/2026,Fylde,Scarborough,2.7777,0.12948,2.34183,0.17554,89.496,1.222,9.282
15322125,03/02/2026,Fylde,Peterborough,2.55866,0.31289,3.11194,1.15394,81.007,6.148,12.845
14168857,10/02/2026,Fylde,Spennymoor,2.66422,0.21457,2.27557,0.34959,84.767,3.112,12.121
14168889,28/02/2026,Fylde,Curzon Ashton,2.43914,0.40703,2.49063,0.81893,76.177,8.44,15.383
14168482,09/08/2025,Fylde,Oxford,0.44139,2.39403,1.10145,2.49999,9.227,74.315,16.458
14168505,23/08/2025,Fylde,Kidderminster,1.55204,1.11455,1.01742,0.77705,40.621,26.038,33.341
14168532,30/08/2025,Fylde,Bedford,1.8843,0.81132,1.23865,0.63175,52.664,16.898,30.438
14168542,02/09/2025,Fylde,Chester,1.65868,1.02832,1.13126,0.78285,44.856,23.844,31.3
14168590,11/10/2025,Fylde,Worksop,1.35953,1.3952,1.95594,1.94553,37.142,38.331,24.527
14168632,25/10/2025,Fylde,Hereford,0.3736,2.48371,1.02412,2.7196,7.697,78.034,14.269
14168649,05/11/2025,Fylde,South Shields,0.82151,1.96703,1.38043,2.24444,20.335,58.519,21.146
14168675,22/11/2025,Fylde,Buxton,0.68851,2.05222,0.67793,1.53057,14.308,59.765,25.927
14168686,25/11/2025,Fylde,Macclesfield,2.67836,0.16799,1.68684,0.03272,84.157,0.478,15.365
14168713,06/12/2025,Fylde,Merthyr,1.08355,1.66123,1.36957,1.724,27.611,46.867,25.522
14168734,26/12/2025,Fylde,Chorley,2.53144,0.328,2.52956,0.84045,79.696,6.248,14.056
14168782,17/01/2026,Fylde,Scarborough,2.7777,0.12948,2.34183,0.17554,89.496,1.222,9.282
15322125,03/02/2026,Fylde,Peterborough,2.55866,0.31289,3.11194,1.15394,81.007,6.148,12.845
14168857,10/02/2026,Fylde,Spennymoor,2.66422,0.21457,2.27557,0.34959,84.767,3.112,12.121
14168889,28/02/2026,Fylde,Curzon Ashton,2.43914,0.40703,2.49063,0.81893,76.177,8.44,15.383
14168914,10/03/2026,Fylde,Telford,2.45454,0.40863,2.96226,1.11987,77.257,9.06,13.683
14168482,09/08/2025,Fylde,Oxford,0.44139,2.39403,1.10145,2.49999,9.227,74.315,16.458
14168505,23/08/2025,Fylde,Kidderminster,1.55204,1.11455,1.01742,0.77705,40.621,26.038,33.341
14168532,30/08/2025,Fylde,Bedford,1.8843,0.81132,1.23865,0.63175,52.664,16.898,30.438
14168542,02/09/2025,Fylde,Chester,1.65868,1.02832,1.13126,0.78285,44.856,23.844,31.3
14168590,11/10/2025,Fylde,Worksop,1.35953,1.3952,1.95594,1.94553,37.142,38.331,24.527
14168632,25/10/2025,Fylde,Hereford,0.3736,2.48371,1.02412,2.7196,7.697,78.034,14.269
14168649,05/11/2025,Fylde,South Shields,0.82151,1.96703,1.38043,2.24444,20.335,58.519,21.146
14168675,22/11/2025,Fylde,Buxton,0.68851,2.05222,0.67793,1.53057,14.308,59.765,25.927
14168686,25/11/2025,Fylde,Macclesfield,2.67836,0.16799,1.68684,0.03272,84.157,0.478,15.365
14168713,06/12/2025,Fylde,Merthyr,1.08355,1.66123,1.36957,1.724,27.611,46.867,25.522
14168734,26/12/2025,Fylde,Chorley,2.53144,0.328,2.52956,0.84045,79.696,6.248,14.056
14168782,17/01/2026,Fylde,Scarborough,2.7777,0.12948,2.34183,0.17554,89.496,1.222,9.282
15322125,03/02/2026,Fylde,Peterborough,2.55866,0.31289,3.11194,1.15394,81.007,6.148,12.845
14168857,10/02/2026,Fylde,Spennymoor,2.66422,0.21457,2.27557,0.34959,84.767,3.112,12.121
14168889,28/02/2026,Fylde,Curzon Ashton,2.43914,0.40703,2.49063,0.81893,76.177,8.44,15.383
14168914,10/03/2026,Fylde,Telford,2.45454,0.40863,2.96226,1.11987,77.257,9.06,13.683
14168951,28/03/2026,Fylde,Darlington,1.66624,1.10812,2.12152,1.71796,48.02,29.416,22.564
14168482,09/08/2025,Fylde,Oxford,0.44139,2.39403,1.10145,2.49999,9.227,74.315,16.458
14168505,23/08/2025,Fylde,Kidderminster,1.55204,1.11455,1.01742,0.77705,40.621,26.038,33.341
14168532,30/08/2025,Fylde,Bedford,1.8843,0.81132,1.23865,0.63175,52.664,16.898,30.438
14168542,02/09/2025,Fylde,Chester,1.65868,1.02832,1.13126,0.78285,44.856,23.844,31.3
14168590,11/10/2025,Fylde,Worksop,1.35953,1.3952,1.95594,1.94553,37.142,38.331,24.527
14168632,25/10/2025,Fylde,Hereford,0.3736,2.48371,1.02412,2.7196,7.697,78.034,14.269
14168649,05/11/2025,Fylde,South Shields,0.82151,1.96703,1.38043,2.24444,20.335,58.519,21.146
14168675,22/11/2025,Fylde,Buxton,0.68851,2.05222,0.67793,1.53057,14.308,59.765,25.927
14168686,25/11/2025,Fylde,Macclesfield,2.67836,0.16799,1.68684,0.03272,84.157,0.478,15.365
14168713,06/12/2025,Fylde,Merthyr,1.08355,1.66123,1.36957,1.724,27.611,46.867,25.522
14168734,26/12/2025,Fylde,Chorley,2.53144,0.328,2.52956,0.84045,79.696,6.248,14.056
14168782,17/01/2026,Fylde,Scarborough,2.7777,0.12948,2.34183,0.17554,89.496,1.222,9.282
15322125,03/02/2026,Fylde,Peterborough,2.55866,0.31289,3.11194,1.15394,81.007,6.148,12.845
14168857,10/02/2026,Fylde,Spennymoor,2.66422,0.21457,2.27557,0.34959,84.767,3.112,12.121
14168889,28/02/2026,Fylde,Curzon Ashton,2.43914,0.40703,2.49063,0.81893,76.177,8.44,15.383
14168914,10/03/2026,Fylde,Telford,2.45454,0.40863,2.96226,1.11987,77.257,9.06,13.683
14168951,28/03/2026,Fylde,Darlington,1.66624,1.10812,2.12152,1.71796,48.02,29.416,22.564
15864927,31/03/2026,Fylde,Marine,1.90129,0.84037,1.75015,1.05312,54.765,19.401,25.834
14168479,16/08/2025,Hereford,King's Lynn,0.67408,2.1031,0.92342,1.90876,15.042,62.676,22.282
14168479,16/08/2025,Hereford,King's Lynn,0.67408,2.1031,0.92342,1.90876,15.042,62.676,22.282
14168506,23/08/2025,Hereford,Chorley,1.68084,1.0986,2.36927,1.9044,48.676,29.268,22.056
14168479,16/08/2025,Hereford,King's Lynn,0.67408,2.1031,0.92342,1.90876,15.042,62.676,22.282
14168506,23/08/2025,Hereford,Chorley,1.68084,1.0986,2.36927,1.9044,48.676,29.268,22.056
14168531,30/08/2025,Hereford,Alfreton,1.90312,0.79645,1.30278,0.64071,53.423,16.534,30.043
14168479,16/08/2025,Hereford,King's Lynn,0.67408,2.1031,0.92342,1.90876,15.042,62.676,22.282
14168506,23/08/2025,Hereford,Chorley,1.68084,1.0986,2.36927,1.9044,48.676,29.268,22.056
14168531,30/08/2025,Hereford,Alfreton,1.90312,0.79645,1.30278,0.64071,53.423,16.534,30.043
14168545,02/09/2025,Hereford,Bedford,2.21423,0.60002,2.32638,1.06212,67.616,13.809,18.575
14168479,16/08/2025,Hereford,King's Lynn,0.67408,2.1031,0.92342,1.90876,15.042,62.676,22.282
14168506,23/08/2025,Hereford,Chorley,1.68084,1.0986,2.36927,1.9044,48.676,29.268,22.056
14168531,30/08/2025,Hereford,Alfreton,1.90312,0.79645,1.30278,0.64071,53.423,16.534,30.043
14168545,02/09/2025,Hereford,Bedford,2.21423,0.60002,2.32638,1.06212,67.616,13.809,18.575
14168571,20/09/2025,Hereford,Worksop,2.05394,0.76241,2.70965,1.62419,62.343,19.292,18.365
14168479,16/08/2025,Hereford,King's Lynn,0.67408,2.1031,0.92342,1.90876,15.042,62.676,22.282
14168506,23/08/2025,Hereford,Chorley,1.68084,1.0986,2.36927,1.9044,48.676,29.268,22.056
14168531,30/08/2025,Hereford,Alfreton,1.90312,0.79645,1.30278,0.64071,53.423,16.534,30.043
14168545,02/09/2025,Hereford,Bedford,2.21423,0.60002,2.32638,1.06212,67.616,13.809,18.575
14168571,20/09/2025,Hereford,Worksop,2.05394,0.76241,2.70965,1.62419,62.343,19.292,18.365
14168613,21/10/2025,Hereford,Telford,0.39849,2.4141,0.46025,1.89665,7.036,74.223,18.741
14168479,16/08/2025,Hereford,King's Lynn,0.67408,2.1031,0.92342,1.90876,15.042,62.676,22.282
14168506,23/08/2025,Hereford,Chorley,1.68084,1.0986,2.36927,1.9044,48.676,29.268,22.056
14168531,30/08/2025,Hereford,Alfreton,1.90312,0.79645,1.30278,0.64071,53.423,16.534,30.043
14168545,02/09/2025,Hereford,Bedford,2.21423,0.60002,2.32638,1.06212,67.616,13.809,18.575
14168571,20/09/2025,Hereford,Worksop,2.05394,0.76241,2.70965,1.62419,62.343,19.292,18.365
14168613,21/10/2025,Hereford,Telford,0.39849,2.4141,0.46025,1.89665,7.036,74.223,18.741
14168641,01/11/2025,Hereford,Curzon Ashton,1.02324,1.69932,1.06194,1.49574,24.86,47.396,27.744
14168479,16/08/2025,Hereford,King's Lynn,0.67408,2.1031,0.92342,1.90876,15.042,62.676,22.282
14168506,23/08/2025,Hereford,Chorley,1.68084,1.0986,2.36927,1.9044,48.676,29.268,22.056
14168531,30/08/2025,Hereford,Alfreton,1.90312,0.79645,1.30278,0.64071,53.423,16.534,30.043
14168545,02/09/2025,Hereford,Bedford,2.21423,0.60002,2.32638,1.06212,67.616,13.809,18.575
14168571,20/09/2025,Hereford,Worksop,2.05394,0.76241,2.70965,1.62419,62.343,19.292,18.365
14168613,21/10/2025,Hereford,Telford,0.39849,2.4141,0.46025,1.89665,7.036,74.223,18.741
14168641,01/11/2025,Hereford,Curzon Ashton,1.02324,1.69932,1.06194,1.49574,24.86,47.396,27.744
14168663,08/11/2025,Hereford,Southport,0.88381,1.80685,0.75701,1.20877,19.149,49.917,30.934
14168479,16/08/2025,Hereford,King's Lynn,0.67408,2.1031,0.92342,1.90876,15.042,62.676,22.282
14168506,23/08/2025,Hereford,Chorley,1.68084,1.0986,2.36927,1.9044,48.676,29.268,22.056
14168531,30/08/2025,Hereford,Alfreton,1.90312,0.79645,1.30278,0.64071,53.423,16.534,30.043
14168545,02/09/2025,Hereford,Bedford,2.21423,0.60002,2.32638,1.06212,67.616,13.809,18.575
14168571,20/09/2025,Hereford,Worksop,2.05394,0.76241,2.70965,1.62419,62.343,19.292,18.365
14168613,21/10/2025,Hereford,Telford,0.39849,2.4141,0.46025,1.89665,7.036,74.223,18.741
14168641,01/11/2025,Hereford,Curzon Ashton,1.02324,1.69932,1.06194,1.49574,24.86,47.396,27.744
14168663,08/11/2025,Hereford,Southport,0.88381,1.80685,0.75701,1.20877,19.149,49.917,30.934
15261863,17/02/2026,Hereford,Darlington,0.92986,1.76743,0.73142,1.26408,20.905,48.824,30.271
14168479,16/08/2025,Hereford,King's Lynn,0.67408,2.1031,0.92342,1.90876,15.042,62.676,22.282
14168506,23/08/2025,Hereford,Chorley,1.68084,1.0986,2.36927,1.9044,48.676,29.268,22.056
14168531,30/08/2025,Hereford,Alfreton,1.90312,0.79645,1.30278,0.64071,53.423,16.534,30.043
14168545,02/09/2025,Hereford,Bedford,2.21423,0.60002,2.32638,1.06212,67.616,13.809,18.575
14168571,20/09/2025,Hereford,Worksop,2.05394,0.76241,2.70965,1.62419,62.343,19.292,18.365
14168613,21/10/2025,Hereford,Telford,0.39849,2.4141,0.46025,1.89665,7.036,74.223,18.741
14168641,01/11/2025,Hereford,Curzon Ashton,1.02324,1.69932,1.06194,1.49574,24.86,47.396,27.744
14168663,08/11/2025,Hereford,Southport,0.88381,1.80685,0.75701,1.20877,19.149,49.917,30.934
15261863,17/02/2026,Hereford,Darlington,0.92986,1.76743,0.73142,1.26408,20.905,48.824,30.271
14168870,21/02/2026,Hereford,Scarborough,1.33423,1.35694,1.2211,1.23103,34.18,34.937,30.883
14168479,16/08/2025,Hereford,King's Lynn,0.67408,2.1031,0.92342,1.90876,15.042,62.676,22.282
14168506,23/08/2025,Hereford,Chorley,1.68084,1.0986,2.36927,1.9044,48.676,29.268,22.056
14168531,30/08/2025,Hereford,Alfreton,1.90312,0.79645,1.30278,0.64071,53.423,16.534,30.043
14168545,02/09/2025,Hereford,Bedford,2.21423,0.60002,2.32638,1.06212,67.616,13.809,18.575
14168571,20/09/2025,Hereford,Worksop,2.05394,0.76241,2.70965,1.62419,62.343,19.292,18.365
14168613,21/10/2025,Hereford,Telford,0.39849,2.4141,0.46025,1.89665,7.036,74.223,18.741
14168641,01/11/2025,Hereford,Curzon Ashton,1.02324,1.69932,1.06194,1.49574,24.86,47.396,27.744
14168663,08/11/2025,Hereford,Southport,0.88381,1.80685,0.75701,1.20877,19.149,49.917,30.934
15261863,17/02/2026,Hereford,Darlington,0.92986,1.76743,0.73142,1.26408,20.905,48.824,30.271
14168870,21/02/2026,Hereford,Scarborough,1.33423,1.35694,1.2211,1.23103,34.18,34.937,30.883
14168882,24/02/2026,Hereford,Chester,1.98843,0.80397,2.64559,1.76495,59.361,19.879,20.76
14168479,16/08/2025,Hereford,King's Lynn,0.67408,2.1031,0.92342,1.90876,15.042,62.676,22.282
14168506,23/08/2025,Hereford,Chorley,1.68084,1.0986,2.36927,1.9044,48.676,29.268,22.056
14168531,30/08/2025,Hereford,Alfreton,1.90312,0.79645,1.30278,0.64071,53.423,16.534,30.043
14168545,02/09/2025,Hereford,Bedford,2.21423,0.60002,2.32638,1.06212,67.616,13.809,18.575
14168571,20/09/2025,Hereford,Worksop,2.05394,0.76241,2.70965,1.62419,62.343,19.292,18.365
14168613,21/10/2025,Hereford,Telford,0.39849,2.4141,0.46025,1.89665,7.036,74.223,18.741
14168641,01/11/2025,Hereford,Curzon Ashton,1.02324,1.69932,1.06194,1.49574,24.86,47.396,27.744
14168663,08/11/2025,Hereford,Southport,0.88381,1.80685,0.75701,1.20877,19.149,49.917,30.934
15261863,17/02/2026,Hereford,Darlington,0.92986,1.76743,0.73142,1.26408,20.905,48.824,30.271
14168870,21/02/2026,Hereford,Scarborough,1.33423,1.35694,1.2211,1.23103,34.18,34.937,30.883
14168882,24/02/2026,Hereford,Chester,1.98843,0.80397,2.64559,1.76495,59.361,19.879,20.76
14168920,10/03/2026,Hereford,Leamington,2.74296,0.1827,3.7126,1.04885,88.954,3.612,7.434
14168479,16/08/2025,Hereford,King's Lynn,0.67408,2.1031,0.92342,1.90876,15.042,62.676,22.282
14168506,23/08/2025,Hereford,Chorley,1.68084,1.0986,2.36927,1.9044,48.676,29.268,22.056
14168531,30/08/2025,Hereford,Alfreton,1.90312,0.79645,1.30278,0.64071,53.423,16.534,30.043
14168545,02/09/2025,Hereford,Bedford,2.21423,0.60002,2.32638,1.06212,67.616,13.809,18.575
14168571,20/09/2025,Hereford,Worksop,2.05394,0.76241,2.70965,1.62419,62.343,19.292,18.365
14168613,21/10/2025,Hereford,Telford,0.39849,2.4141,0.46025,1.89665,7.036,74.223,18.741
14168641,01/11/2025,Hereford,Curzon Ashton,1.02324,1.69932,1.06194,1.49574,24.86,47.396,27.744
14168663,08/11/2025,Hereford,Southport,0.88381,1.80685,0.75701,1.20877,19.149,49.917,30.934
15261863,17/02/2026,Hereford,Darlington,0.92986,1.76743,0.73142,1.26408,20.905,48.824,30.271
14168870,21/02/2026,Hereford,Scarborough,1.33423,1.35694,1.2211,1.23103,34.18,34.937,30.883
14168882,24/02/2026,Hereford,Chester,1.98843,0.80397,2.64559,1.76495,59.361,19.879,20.76
14168920,10/03/2026,Hereford,Leamington,2.74296,0.1827,3.7126,1.04885,88.954,3.612,7.434
14168932,14/03/2026,Hereford,South Shields,0.40573,2.45272,1.1012,2.84559,8.806,77.039,14.155
14168479,16/08/2025,Hereford,King's Lynn,0.67408,2.1031,0.92342,1.90876,15.042,62.676,22.282
14168506,23/08/2025,Hereford,Chorley,1.68084,1.0986,2.36927,1.9044,48.676,29.268,22.056
14168531,30/08/2025,Hereford,Alfreton,1.90312,0.79645,1.30278,0.64071,53.423,16.534,30.043
14168545,02/09/2025,Hereford,Bedford,2.21423,0.60002,2.32638,1.06212,67.616,13.809,18.575
14168571,20/09/2025,Hereford,Worksop,2.05394,0.76241,2.70965,1.62419,62.343,19.292,18.365
14168613,21/10/2025,Hereford,Telford,0.39849,2.4141,0.46025,1.89665,7.036,74.223,18.741
14168641,01/11/2025,Hereford,Curzon Ashton,1.02324,1.69932,1.06194,1.49574,24.86,47.396,27.744
14168663,08/11/2025,Hereford,Southport,0.88381,1.80685,0.75701,1.20877,19.149,49.917,30.934
15261863,17/02/2026,Hereford,Darlington,0.92986,1.76743,0.73142,1.26408,20.905,48.824,30.271
14168870,21/02/2026,Hereford,Scarborough,1.33423,1.35694,1.2211,1.23103,34.18,34.937,30.883
14168882,24/02/2026,Hereford,Chester,1.98843,0.80397,2.64559,1.76495,59.361,19.879,20.76
14168920,10/03/2026,Hereford,Leamington,2.74296,0.1827,3.7126,1.04885,88.954,3.612,7.434
14168932,14/03/2026,Hereford,South Shields,0.40573,2.45272,1.1012,2.84559,8.806,77.039,14.155
15519409,17/03/2026,Hereford,Fylde,0.37588,2.47594,0.88423,2.54519,7.59,77.592,14.818
14168479,16/08/2025,Hereford,King's Lynn,0.67408,2.1031,0.92342,1.90876,15.042,62.676,22.282
14168506,23/08/2025,Hereford,Chorley,1.68084,1.0986,2.36927,1.9044,48.676,29.268,22.056
14168531,30/08/2025,Hereford,Alfreton,1.90312,0.79645,1.30278,0.64071,53.423,16.534,30.043
14168545,02/09/2025,Hereford,Bedford,2.21423,0.60002,2.32638,1.06212,67.616,13.809,18.575
14168571,20/09/2025,Hereford,Worksop,2.05394,0.76241,2.70965,1.62419,62.343,19.292,18.365
14168613,21/10/2025,Hereford,Telford,0.39849,2.4141,0.46025,1.89665,7.036,74.223,18.741
14168641,01/11/2025,Hereford,Curzon Ashton,1.02324,1.69932,1.06194,1.49574,24.86,47.396,27.744
14168663,08/11/2025,Hereford,Southport,0.88381,1.80685,0.75701,1.20877,19.149,49.917,30.934
15261863,17/02/2026,Hereford,Darlington,0.92986,1.76743,0.73142,1.26408,20.905,48.824,30.271
14168870,21/02/2026,Hereford,Scarborough,1.33423,1.35694,1.2211,1.23103,34.18,34.937,30.883
14168882,24/02/2026,Hereford,Chester,1.98843,0.80397,2.64559,1.76495,59.361,19.879,20.76
14168920,10/03/2026,Hereford,Leamington,2.74296,0.1827,3.7126,1.04885,88.954,3.612,7.434
14168932,14/03/2026,Hereford,South Shields,0.40573,2.45272,1.1012,2.84559,8.806,77.039,14.155
15519409,17/03/2026,Hereford,Fylde,0.37588,2.47594,0.88423,2.54519,7.59,77.592,14.818
15447029,24/03/2026,Hereford,Spennymoor,1.68626,1.04207,1.54255,1.15067,47.153,25.68,27.167
14168479,16/08/2025,Hereford,King's Lynn,0.67408,2.1031,0.92342,1.90876,15.042,62.676,22.282
14168506,23/08/2025,Hereford,Chorley,1.68084,1.0986,2.36927,1.9044,48.676,29.268,22.056
14168531,30/08/2025,Hereford,Alfreton,1.90312,0.79645,1.30278,0.64071,53.423,16.534,30.043
14168545,02/09/2025,Hereford,Bedford,2.21423,0.60002,2.32638,1.06212,67.616,13.809,18.575
14168571,20/09/2025,Hereford,Worksop,2.05394,0.76241,2.70965,1.62419,62.343,19.292,18.365
14168613,21/10/2025,Hereford,Telford,0.39849,2.4141,0.46025,1.89665,7.036,74.223,18.741
14168641,01/11/2025,Hereford,Curzon Ashton,1.02324,1.69932,1.06194,1.49574,24.86,47.396,27.744
14168663,08/11/2025,Hereford,Southport,0.88381,1.80685,0.75701,1.20877,19.149,49.917,30.934
15261863,17/02/2026,Hereford,Darlington,0.92986,1.76743,0.73142,1.26408,20.905,48.824,30.271
14168870,21/02/2026,Hereford,Scarborough,1.33423,1.35694,1.2211,1.23103,34.18,34.937,30.883
14168882,24/02/2026,Hereford,Chester,1.98843,0.80397,2.64559,1.76495,59.361,19.879,20.76
14168920,10/03/2026,Hereford,Leamington,2.74296,0.1827,3.7126,1.04885,88.954,3.612,7.434
14168932,14/03/2026,Hereford,South Shields,0.40573,2.45272,1.1012,2.84559,8.806,77.039,14.155
15519409,17/03/2026,Hereford,Fylde,0.37588,2.47594,0.88423,2.54519,7.59,77.592,14.818
15447029,24/03/2026,Hereford,Spennymoor,1.68626,1.04207,1.54255,1.15067,47.153,25.68,27.167
14168953,28/03/2026,Hereford,Buxton,0.6081,2.15163,0.63086,1.57151,12.261,63.712,24.027
14168479,16/08/2025,Hereford,King's Lynn,0.67408,2.1031,0.92342,1.90876,15.042,62.676,22.282
14168506,23/08/2025,Hereford,Chorley,1.68084,1.0986,2.36927,1.9044,48.676,29.268,22.056
14168531,30/08/2025,Hereford,Alfreton,1.90312,0.79645,1.30278,0.64071,53.423,16.534,30.043
14168545,02/09/2025,Hereford,Bedford,2.21423,0.60002,2.32638,1.06212,67.616,13.809,18.575
14168571,20/09/2025,Hereford,Worksop,2.05394,0.76241,2.70965,1.62419,62.343,19.292,18.365
14168613,21/10/2025,Hereford,Telford,0.39849,2.4141,0.46025,1.89665,7.036,74.223,18.741
14168641,01/11/2025,Hereford,Curzon Ashton,1.02324,1.69932,1.06194,1.49574,24.86,47.396,27.744
14168663,08/11/2025,Hereford,Southport,0.88381,1.80685,0.75701,1.20877,19.149,49.917,30.934
15261863,17/02/2026,Hereford,Darlington,0.92986,1.76743,0.73142,1.26408,20.905,48.824,30.271
14168870,21/02/2026,Hereford,Scarborough,1.33423,1.35694,1.2211,1.23103,34.18,34.937,30.883
14168882,24/02/2026,Hereford,Chester,1.98843,0.80397,2.64559,1.76495,59.361,19.879,20.76
14168920,10/03/2026,Hereford,Leamington,2.74296,0.1827,3.7126,1.04885,88.954,3.612,7.434
14168932,14/03/2026,Hereford,South Shields,0.40573,2.45272,1.1012,2.84559,8.806,77.039,14.155
15519409,17/03/2026,Hereford,Fylde,0.37588,2.47594,0.88423,2.54519,7.59,77.592,14.818
15447029,24/03/2026,Hereford,Spennymoor,1.68626,1.04207,1.54255,1.15067,47.153,25.68,27.167
14168953,28/03/2026,Hereford,Buxton,0.6081,2.15163,0.63086,1.57151,12.261,63.712,24.027
15399968,31/03/2026,Hereford,Macclesfield,0.23381,2.60273,0.16178,1.74068,2.345,81.309,16.346
14168474,09/08/2025,Kidderminster,Scarborough,2.29212,0.46077,1.39996,0.35799,68.167,7.122,24.711
14168474,09/08/2025,Kidderminster,Scarborough,2.29212,0.46077,1.39996,0.35799,68.167,7.122,24.711
14168500,19/08/2025,Kidderminster,Oxford,1.63193,1.04564,1.07647,0.74186,43.65,24.107,32.243
14168474,09/08/2025,Kidderminster,Scarborough,2.29212,0.46077,1.39996,0.35799,68.167,7.122,24.711
14168500,19/08/2025,Kidderminster,Oxford,1.63193,1.04564,1.07647,0.74186,43.65,24.107,32.243
14168524,25/08/2025,Kidderminster,Leamington,1.84408,0.85084,1.31717,0.71561,51.3,18.192,30.508
14168474,09/08/2025,Kidderminster,Scarborough,2.29212,0.46077,1.39996,0.35799,68.167,7.122,24.711
14168500,19/08/2025,Kidderminster,Oxford,1.63193,1.04564,1.07647,0.74186,43.65,24.107,32.243
14168524,25/08/2025,Kidderminster,Leamington,1.84408,0.85084,1.31717,0.71561,51.3,18.192,30.508
14168561,06/09/2025,Kidderminster,Macclesfield,0.93498,1.75644,0.73976,1.17385,20.88,48.262,30.858
14168474,09/08/2025,Kidderminster,Scarborough,2.29212,0.46077,1.39996,0.35799,68.167,7.122,24.711
14168500,19/08/2025,Kidderminster,Oxford,1.63193,1.04564,1.07647,0.74186,43.65,24.107,32.243
14168524,25/08/2025,Kidderminster,Leamington,1.84408,0.85084,1.31717,0.71561,51.3,18.192,30.508
14168561,06/09/2025,Kidderminster,Macclesfield,0.93498,1.75644,0.73976,1.17385,20.88,48.262,30.858
14168575,20/09/2025,Kidderminster,Buxton,1.46944,1.23028,1.27751,1.14826,38.972,31.0,30.028
14168474,09/08/2025,Kidderminster,Scarborough,2.29212,0.46077,1.39996,0.35799,68.167,7.122,24.711
14168500,19/08/2025,Kidderminster,Oxford,1.63193,1.04564,1.07647,0.74186,43.65,24.107,32.243
14168524,25/08/2025,Kidderminster,Leamington,1.84408,0.85084,1.31717,0.71561,51.3,18.192,30.508
14168561,06/09/2025,Kidderminster,Macclesfield,0.93498,1.75644,0.73976,1.17385,20.88,48.262,30.858
14168575,20/09/2025,Kidderminster,Buxton,1.46944,1.23028,1.27751,1.14826,38.972,31.0,30.028
14168597,11/10/2025,Kidderminster,Radcliffe,0.77954,1.98131,1.12397,1.89796,18.013,58.072,23.915
14168474,09/08/2025,Kidderminster,Scarborough,2.29212,0.46077,1.39996,0.35799,68.167,7.122,24.711
14168500,19/08/2025,Kidderminster,Oxford,1.63193,1.04564,1.07647,0.74186,43.65,24.107,32.243
14168524,25/08/2025,Kidderminster,Leamington,1.84408,0.85084,1.31717,0.71561,51.3,18.192,30.508
14168561,06/09/2025,Kidderminster,Macclesfield,0.93498,1.75644,0.73976,1.17385,20.88,48.262,30.858
14168575,20/09/2025,Kidderminster,Buxton,1.46944,1.23028,1.27751,1.14826,38.972,31.0,30.028
14168597,11/10/2025,Kidderminster,Radcliffe,0.77954,1.98131,1.12397,1.89796,18.013,58.072,23.915
14168633,25/10/2025,Kidderminster,Spennymoor,2.13032,0.60239,1.40572,0.46256,62.101,11.17,26.729
14168474,09/08/2025,Kidderminster,Scarborough,2.29212,0.46077,1.39996,0.35799,68.167,7.122,24.711
14168500,19/08/2025,Kidderminster,Oxford,1.63193,1.04564,1.07647,0.74186,43.65,24.107,32.243
14168524,25/08/2025,Kidderminster,Leamington,1.84408,0.85084,1.31717,0.71561,51.3,18.192,30.508
14168561,06/09/2025,Kidderminster,Macclesfield,0.93498,1.75644,0.73976,1.17385,20.88,48.262,30.858
14168575,20/09/2025,Kidderminster,Buxton,1.46944,1.23028,1.27751,1.14826,38.972,31.0,30.028
14168597,11/10/2025,Kidderminster,Radcliffe,0.77954,1.98131,1.12397,1.89796,18.013,58.072,23.915
14168633,25/10/2025,Kidderminster,Spennymoor,2.13032,0.60239,1.40572,0.46256,62.101,11.17,26.729
14168657,04/11/2025,Kidderminster,Bedford,2.7735,0.12897,2.12493,0.1349,89.199,1.048,9.753
14168474,09/08/2025,Kidderminster,Scarborough,2.29212,0.46077,1.39996,0.35799,68.167,7.122,24.711
14168500,19/08/2025,Kidderminster,Oxford,1.63193,1.04564,1.07647,0.74186,43.65,24.107,32.243
14168524,25/08/2025,Kidderminster,Leamington,1.84408,0.85084,1.31717,0.71561,51.3,18.192,30.508
14168561,06/09/2025,Kidderminster,Macclesfield,0.93498,1.75644,0.73976,1.17385,20.88,48.262,30.858
14168575,20/09/2025,Kidderminster,Buxton,1.46944,1.23028,1.27751,1.14826,38.972,31.0,30.028
14168597,11/10/2025,Kidderminster,Radcliffe,0.77954,1.98131,1.12397,1.89796,18.013,58.072,23.915
14168633,25/10/2025,Kidderminster,Spennymoor,2.13032,0.60239,1.40572,0.46256,62.101,11.17,26.729
14168657,04/11/2025,Kidderminster,Bedford,2.7735,0.12897,2.12493,0.1349,89.199,1.048,9.753
14168667,08/11/2025,Kidderminster,Darlington,1.84189,0.91423,1.87859,1.24944,53.267,22.345,24.388
14168474,09/08/2025,Kidderminster,Scarborough,2.29212,0.46077,1.39996,0.35799,68.167,7.122,24.711
14168500,19/08/2025,Kidderminster,Oxford,1.63193,1.04564,1.07647,0.74186,43.65,24.107,32.243
14168524,25/08/2025,Kidderminster,Leamington,1.84408,0.85084,1.31717,0.71561,51.3,18.192,30.508
14168561,06/09/2025,Kidderminster,Macclesfield,0.93498,1.75644,0.73976,1.17385,20.88,48.262,30.858
14168575,20/09/2025,Kidderminster,Buxton,1.46944,1.23028,1.27751,1.14826,38.972,31.0,30.028
14168597,11/10/2025,Kidderminster,Radcliffe,0.77954,1.98131,1.12397,1.89796,18.013,58.072,23.915
14168633,25/10/2025,Kidderminster,Spennymoor,2.13032,0.60239,1.40572,0.46256,62.101,11.17,26.729
14168657,04/11/2025,Kidderminster,Bedford,2.7735,0.12897,2.12493,0.1349,89.199,1.048,9.753
14168667,08/11/2025,Kidderminster,Darlington,1.84189,0.91423,1.87859,1.24944,53.267,22.345,24.388
14168728,20/12/2025,Kidderminster,Fylde,1.92283,0.72709,0.98246,0.37699,52.425,12.567,35.008
14168474,09/08/2025,Kidderminster,Scarborough,2.29212,0.46077,1.39996,0.35799,68.167,7.122,24.711
14168500,19/08/2025,Kidderminster,Oxford,1.63193,1.04564,1.07647,0.74186,43.65,24.107,32.243
14168524,25/08/2025,Kidderminster,Leamington,1.84408,0.85084,1.31717,0.71561,51.3,18.192,30.508
14168561,06/09/2025,Kidderminster,Macclesfield,0.93498,1.75644,0.73976,1.17385,20.88,48.262,30.858
14168575,20/09/2025,Kidderminster,Buxton,1.46944,1.23028,1.27751,1.14826,38.972,31.0,30.028
14168597,11/10/2025,Kidderminster,Radcliffe,0.77954,1.98131,1.12397,1.89796,18.013,58.072,23.915
14168633,25/10/2025,Kidderminster,Spennymoor,2.13032,0.60239,1.40572,0.46256,62.101,11.17,26.729
14168657,04/11/2025,Kidderminster,Bedford,2.7735,0.12897,2.12493,0.1349,89.199,1.048,9.753
14168667,08/11/2025,Kidderminster,Darlington,1.84189,0.91423,1.87859,1.24944,53.267,22.345,24.388
14168728,20/12/2025,Kidderminster,Fylde,1.92283,0.72709,0.98246,0.37699,52.425,12.567,35.008
14168750,30/12/2025,Kidderminster,Telford,2.34886,0.40489,1.44496,0.2374,70.087,5.288,24.625
14168474,09/08/2025,Kidderminster,Scarborough,2.29212,0.46077,1.39996,0.35799,68.167,7.122,24.711
14168500,19/08/2025,Kidderminster,Oxford,1.63193,1.04564,1.07647,0.74186,43.65,24.107,32.243
14168524,25/08/2025,Kidderminster,Leamington,1.84408,0.85084,1.31717,0.71561,51.3,18.192,30.508
14168561,06/09/2025,Kidderminster,Macclesfield,0.93498,1.75644,0.73976,1.17385,20.88,48.262,30.858
14168575,20/09/2025,Kidderminster,Buxton,1.46944,1.23028,1.27751,1.14826,38.972,31.0,30.028
14168597,11/10/2025,Kidderminster,Radcliffe,0.77954,1.98131,1.12397,1.89796,18.013,58.072,23.915
14168633,25/10/2025,Kidderminster,Spennymoor,2.13032,0.60239,1.40572,0.46256,62.101,11.17,26.729
14168657,04/11/2025,Kidderminster,Bedford,2.7735,0.12897,2.12493,0.1349,89.199,1.048,9.753
14168667,08/11/2025,Kidderminster,Darlington,1.84189,0.91423,1.87859,1.24944,53.267,22.345,24.388
14168728,20/12/2025,Kidderminster,Fylde,1.92283,0.72709,0.98246,0.37699,52.425,12.567,35.008
14168750,30/12/2025,Kidderminster,Telford,2.34886,0.40489,1.44496,0.2374,70.087,5.288,24.625
14168764,03/01/2026,Kidderminster,Curzon Ashton,1.86307,0.89791,2.05458,1.38396,54.135,21.963,23.902
14168474,09/08/2025,Kidderminster,Scarborough,2.29212,0.46077,1.39996,0.35799,68.167,7.122,24.711
14168500,19/08/2025,Kidderminster,Oxford,1.63193,1.04564,1.07647,0.74186,43.65,24.107,32.243
14168524,25/08/2025,Kidderminster,Leamington,1.84408,0.85084,1.31717,0.71561,51.3,18.192,30.508
14168561,06/09/2025,Kidderminster,Macclesfield,0.93498,1.75644,0.73976,1.17385,20.88,48.262,30.858
14168575,20/09/2025,Kidderminster,Buxton,1.46944,1.23028,1.27751,1.14826,38.972,31.0,30.028
14168597,11/10/2025,Kidderminster,Radcliffe,0.77954,1.98131,1.12397,1.89796,18.013,58.072,23.915
14168633,25/10/2025,Kidderminster,Spennymoor,2.13032,0.60239,1.40572,0.46256,62.101,11.17,26.729
14168657,04/11/2025,Kidderminster,Bedford,2.7735,0.12897,2.12493,0.1349,89.199,1.048,9.753
14168667,08/11/2025,Kidderminster,Darlington,1.84189,0.91423,1.87859,1.24944,53.267,22.345,24.388
14168728,20/12/2025,Kidderminster,Fylde,1.92283,0.72709,0.98246,0.37699,52.425,12.567,35.008
14168750,30/12/2025,Kidderminster,Telford,2.34886,0.40489,1.44496,0.2374,70.087,5.288,24.625
14168764,03/01/2026,Kidderminster,Curzon Ashton,1.86307,0.89791,2.05458,1.38396,54.135,21.963,23.902
14168788,17/01/2026,Kidderminster,Worksop,1.64709,0.96414,0.81698,0.47183,41.944,19.179,38.877
14168474,09/08/2025,Kidderminster,Scarborough,2.29212,0.46077,1.39996,0.35799,68.167,7.122,24.711
14168500,19/08/2025,Kidderminster,Oxford,1.63193,1.04564,1.07647,0.74186,43.65,24.107,32.243
14168524,25/08/2025,Kidderminster,Leamington,1.84408,0.85084,1.31717,0.71561,51.3,18.192,30.508
14168561,06/09/2025,Kidderminster,Macclesfield,0.93498,1.75644,0.73976,1.17385,20.88,48.262,30.858
14168575,20/09/2025,Kidderminster,Buxton,1.46944,1.23028,1.27751,1.14826,38.972,31.0,30.028
14168597,11/10/2025,Kidderminster,Radcliffe,0.77954,1.98131,1.12397,1.89796,18.013,58.072,23.915
14168633,25/10/2025,Kidderminster,Spennymoor,2.13032,0.60239,1.40572,0.46256,62.101,11.17,26.729
14168657,04/11/2025,Kidderminster,Bedford,2.7735,0.12897,2.12493,0.1349,89.199,1.048,9.753
14168667,08/11/2025,Kidderminster,Darlington,1.84189,0.91423,1.87859,1.24944,53.267,22.345,24.388
14168728,20/12/2025,Kidderminster,Fylde,1.92283,0.72709,0.98246,0.37699,52.425,12.567,35.008
14168750,30/12/2025,Kidderminster,Telford,2.34886,0.40489,1.44496,0.2374,70.087,5.288,24.625
14168764,03/01/2026,Kidderminster,Curzon Ashton,1.86307,0.89791,2.05458,1.38396,54.135,21.963,23.902
14168788,17/01/2026,Kidderminster,Worksop,1.64709,0.96414,0.81698,0.47183,41.944,19.179,38.877
14168843,10/02/2026,Kidderminster,Merthyr,1.56754,1.13344,1.33957,1.04903,42.284,27.814,29.902
14168474,09/08/2025,Kidderminster,Scarborough,2.29212,0.46077,1.39996,0.35799,68.167,7.122,24.711
14168500,19/08/2025,Kidderminster,Oxford,1.63193,1.04564,1.07647,0.74186,43.65,24.107,32.243
14168524,25/08/2025,Kidderminster,Leamington,1.84408,0.85084,1.31717,0.71561,51.3,18.192,30.508
14168561,06/09/2025,Kidderminster,Macclesfield,0.93498,1.75644,0.73976,1.17385,20.88,48.262,30.858
14168575,20/09/2025,Kidderminster,Buxton,1.46944,1.23028,1.27751,1.14826,38.972,31.0,30.028
14168597,11/10/2025,Kidderminster,Radcliffe,0.77954,1.98131,1.12397,1.89796,18.013,58.072,23.915
14168633,25/10/2025,Kidderminster,Spennymoor,2.13032,0.60239,1.40572,0.46256,62.101,11.17,26.729
14168657,04/11/2025,Kidderminster,Bedford,2.7735,0.12897,2.12493,0.1349,89.199,1.048,9.753
14168667,08/11/2025,Kidderminster,Darlington,1.84189,0.91423,1.87859,1.24944,53.267,22.345,24.388
14168728,20/12/2025,Kidderminster,Fylde,1.92283,0.72709,0.98246,0.37699,52.425,12.567,35.008
14168750,30/12/2025,Kidderminster,Telford,2.34886,0.40489,1.44496,0.2374,70.087,5.288,24.625
14168764,03/01/2026,Kidderminster,Curzon Ashton,1.86307,0.89791,2.05458,1.38396,54.135,21.963,23.902
14168788,17/01/2026,Kidderminster,Worksop,1.64709,0.96414,0.81698,0.47183,41.944,19.179,38.877
14168843,10/02/2026,Kidderminster,Merthyr,1.56754,1.13344,1.33957,1.04903,42.284,27.814,29.902
14168871,21/02/2026,Kidderminster,Southport,2.45219,0.36353,1.76407,0.43927,75.597,5.975,18.428
14168474,09/08/2025,Kidderminster,Scarborough,2.29212,0.46077,1.39996,0.35799,68.167,7.122,24.711
14168500,19/08/2025,Kidderminster,Oxford,1.63193,1.04564,1.07647,0.74186,43.65,24.107,32.243
14168524,25/08/2025,Kidderminster,Leamington,1.84408,0.85084,1.31717,0.71561,51.3,18.192,30.508
14168561,06/09/2025,Kidderminster,Macclesfield,0.93498,1.75644,0.73976,1.17385,20.88,48.262,30.858
14168575,20/09/2025,Kidderminster,Buxton,1.46944,1.23028,1.27751,1.14826,38.972,31.0,30.028
14168597,11/10/2025,Kidderminster,Radcliffe,0.77954,1.98131,1.12397,1.89796,18.013,58.072,23.915
14168633,25/10/2025,Kidderminster,Spennymoor,2.13032,0.60239,1.40572,0.46256,62.101,11.17,26.729
14168657,04/11/2025,Kidderminster,Bedford,2.7735,0.12897,2.12493,0.1349,89.199,1.048,9.753
14168667,08/11/2025,Kidderminster,Darlington,1.84189,0.91423,1.87859,1.24944,53.267,22.345,24.388
14168728,20/12/2025,Kidderminster,Fylde,1.92283,0.72709,0.98246,0.37699,52.425,12.567,35.008
14168750,30/12/2025,Kidderminster,Telford,2.34886,0.40489,1.44496,0.2374,70.087,5.288,24.625
14168764,03/01/2026,Kidderminster,Curzon Ashton,1.86307,0.89791,2.05458,1.38396,54.135,21.963,23.902
14168788,17/01/2026,Kidderminster,Worksop,1.64709,0.96414,0.81698,0.47183,41.944,19.179,38.877
14168843,10/02/2026,Kidderminster,Merthyr,1.56754,1.13344,1.33957,1.04903,42.284,27.814,29.902
14168871,21/02/2026,Kidderminster,Southport,2.45219,0.36353,1.76407,0.43927,75.597,5.975,18.428
14168884,24/02/2026,Kidderminster,Marine,2.53632,0.31242,2.17073,0.56953,79.502,5.372,15.126
14168474,09/08/2025,Kidderminster,Scarborough,2.29212,0.46077,1.39996,0.35799,68.167,7.122,24.711
14168500,19/08/2025,Kidderminster,Oxford,1.63193,1.04564,1.07647,0.74186,43.65,24.107,32.243
14168524,25/08/2025,Kidderminster,Leamington,1.84408,0.85084,1.31717,0.71561,51.3,18.192,30.508
14168561,06/09/2025,Kidderminster,Macclesfield,0.93498,1.75644,0.73976,1.17385,20.88,48.262,30.858
14168575,20/09/2025,Kidderminster,Buxton,1.46944,1.23028,1.27751,1.14826,38.972,31.0,30.028
14168597,11/10/2025,Kidderminster,Radcliffe,0.77954,1.98131,1.12397,1.89796,18.013,58.072,23.915
14168633,25/10/2025,Kidderminster,Spennymoor,2.13032,0.60239,1.40572,0.46256,62.101,11.17,26.729
14168657,04/11/2025,Kidderminster,Bedford,2.7735,0.12897,2.12493,0.1349,89.199,1.048,9.753
14168667,08/11/2025,Kidderminster,Darlington,1.84189,0.91423,1.87859,1.24944,53.267,22.345,24.388
14168728,20/12/2025,Kidderminster,Fylde,1.92283,0.72709,0.98246,0.37699,52.425,12.567,35.008
14168750,30/12/2025,Kidderminster,Telford,2.34886,0.40489,1.44496,0.2374,70.087,5.288,24.625
14168764,03/01/2026,Kidderminster,Curzon Ashton,1.86307,0.89791,2.05458,1.38396,54.135,21.963,23.902
14168788,17/01/2026,Kidderminster,Worksop,1.64709,0.96414,0.81698,0.47183,41.944,19.179,38.877
14168843,10/02/2026,Kidderminster,Merthyr,1.56754,1.13344,1.33957,1.04903,42.284,27.814,29.902
14168871,21/02/2026,Kidderminster,Southport,2.45219,0.36353,1.76407,0.43927,75.597,5.975,18.428
14168884,24/02/2026,Kidderminster,Marine,2.53632,0.31242,2.17073,0.56953,79.502,5.372,15.126
14168923,10/03/2026,Kidderminster,Peterborough,2.95471,0.02842,4.70771,0.69037,97.928,0.385,1.687
14168474,09/08/2025,Kidderminster,Scarborough,2.29212,0.46077,1.39996,0.35799,68.167,7.122,24.711
14168500,19/08/2025,Kidderminster,Oxford,1.63193,1.04564,1.07647,0.74186,43.65,24.107,32.243
14168524,25/08/2025,Kidderminster,Leamington,1.84408,0.85084,1.31717,0.71561,51.3,18.192,30.508
14168561,06/09/2025,Kidderminster,Macclesfield,0.93498,1.75644,0.73976,1.17385,20.88,48.262,30.858
14168575,20/09/2025,Kidderminster,Buxton,1.46944,1.23028,1.27751,1.14826,38.972,31.0,30.028
14168597,11/10/2025,Kidderminster,Radcliffe,0.77954,1.98131,1.12397,1.89796,18.013,58.072,23.915
14168633,25/10/2025,Kidderminster,Spennymoor,2.13032,0.60239,1.40572,0.46256,62.101,11.17,26.729
14168657,04/11/2025,Kidderminster,Bedford,2.7735,0.12897,2.12493,0.1349,89.199,1.048,9.753
14168667,08/11/2025,Kidderminster,Darlington,1.84189,0.91423,1.87859,1.24944,53.267,22.345,24.388
14168728,20/12/2025,Kidderminster,Fylde,1.92283,0.72709,0.98246,0.37699,52.425,12.567,35.008
14168750,30/12/2025,Kidderminster,Telford,2.34886,0.40489,1.44496,0.2374,70.087,5.288,24.625
14168764,03/01/2026,Kidderminster,Curzon Ashton,1.86307,0.89791,2.05458,1.38396,54.135,21.963,23.902
14168788,17/01/2026,Kidderminster,Worksop,1.64709,0.96414,0.81698,0.47183,41.944,19.179,38.877
14168843,10/02/2026,Kidderminster,Merthyr,1.56754,1.13344,1.33957,1.04903,42.284,27.814,29.902
14168871,21/02/2026,Kidderminster,Southport,2.45219,0.36353,1.76407,0.43927,75.597,5.975,18.428
14168884,24/02/2026,Kidderminster,Marine,2.53632,0.31242,2.17073,0.56953,79.502,5.372,15.126
14168923,10/03/2026,Kidderminster,Peterborough,2.95471,0.02842,4.70771,0.69037,97.928,0.385,1.687
14168933,14/03/2026,Kidderminster,Chester,1.85133,0.831,1.13899,0.59176,51.122,17.111,31.767
14168473,09/08/2025,King's Lynn,Telford,2.41787,0.38573,1.84219,0.50373,74.049,6.311,19.64
14168473,09/08/2025,King's Lynn,Telford,2.41787,0.38573,1.84219,0.50373,74.049,6.311,19.64
14168513,23/08/2025,King's Lynn,Darlington,2.78722,0.13357,2.71191,0.28571,90.267,1.812,7.921
14168473,09/08/2025,King's Lynn,Telford,2.41787,0.38573,1.84219,0.50373,74.049,6.311,19.64
14168513,23/08/2025,King's Lynn,Darlington,2.78722,0.13357,2.71191,0.28571,90.267,1.812,7.921
14168533,30/08/2025,King's Lynn,Merthyr,1.77709,1.00657,2.33326,1.72215,52.025,26.341,21.634
14168473,09/08/2025,King's Lynn,Telford,2.41787,0.38573,1.84219,0.50373,74.049,6.311,19.64
14168513,23/08/2025,King's Lynn,Darlington,2.78722,0.13357,2.71191,0.28571,90.267,1.812,7.921
14168533,30/08/2025,King's Lynn,Merthyr,1.77709,1.00657,2.33326,1.72215,52.025,26.341,21.634
14168544,02/09/2025,King's Lynn,Kidderminster,0.62467,2.09353,0.48661,1.22339,11.429,60.391,28.18
14168473,09/08/2025,King's Lynn,Telford,2.41787,0.38573,1.84219,0.50373,74.049,6.311,19.64
14168513,23/08/2025,King's Lynn,Darlington,2.78722,0.13357,2.71191,0.28571,90.267,1.812,7.921
14168533,30/08/2025,King's Lynn,Merthyr,1.77709,1.00657,2.33326,1.72215,52.025,26.341,21.634
14168544,02/09/2025,King's Lynn,Kidderminster,0.62467,2.09353,0.48661,1.22339,11.429,60.391,28.18
14168581,04/10/2025,King's Lynn,Scarborough,0.64888,2.1127,0.7302,1.69529,13.682,62.476,23.842
14168473,09/08/2025,King's Lynn,Telford,2.41787,0.38573,1.84219,0.50373,74.049,6.311,19.64
14168513,23/08/2025,King's Lynn,Darlington,2.78722,0.13357,2.71191,0.28571,90.267,1.812,7.921
14168533,30/08/2025,King's Lynn,Merthyr,1.77709,1.00657,2.33326,1.72215,52.025,26.341,21.634
14168544,02/09/2025,King's Lynn,Kidderminster,0.62467,2.09353,0.48661,1.22339,11.429,60.391,28.18
14168581,04/10/2025,King's Lynn,Scarborough,0.64888,2.1127,0.7302,1.69529,13.682,62.476,23.842
14168604,18/10/2025,King's Lynn,Fylde,0.74697,2.01456,0.9504,1.80488,16.95,59.203,23.847
14168473,09/08/2025,King's Lynn,Telford,2.41787,0.38573,1.84219,0.50373,74.049,6.311,19.64
14168513,23/08/2025,King's Lynn,Darlington,2.78722,0.13357,2.71191,0.28571,90.267,1.812,7.921
14168533,30/08/2025,King's Lynn,Merthyr,1.77709,1.00657,2.33326,1.72215,52.025,26.341,21.634
14168544,02/09/2025,King's Lynn,Kidderminster,0.62467,2.09353,0.48661,1.22339,11.429,60.391,28.18
14168581,04/10/2025,King's Lynn,Scarborough,0.64888,2.1127,0.7302,1.69529,13.682,62.476,23.842
14168604,18/10/2025,King's Lynn,Fylde,0.74697,2.01456,0.9504,1.80488,16.95,59.203,23.847
14168634,25/10/2025,King's Lynn,Radcliffe,1.51873,1.23667,2.01156,1.81872,42.471,33.069,24.46
14168473,09/08/2025,King's Lynn,Telford,2.41787,0.38573,1.84219,0.50373,74.049,6.311,19.64
14168513,23/08/2025,King's Lynn,Darlington,2.78722,0.13357,2.71191,0.28571,90.267,1.812,7.921
14168533,30/08/2025,King's Lynn,Merthyr,1.77709,1.00657,2.33326,1.72215,52.025,26.341,21.634
14168544,02/09/2025,King's Lynn,Kidderminster,0.62467,2.09353,0.48661,1.22339,11.429,60.391,28.18
14168581,04/10/2025,King's Lynn,Scarborough,0.64888,2.1127,0.7302,1.69529,13.682,62.476,23.842
14168604,18/10/2025,King's Lynn,Fylde,0.74697,2.01456,0.9504,1.80488,16.95,59.203,23.847
14168634,25/10/2025,King's Lynn,Radcliffe,1.51873,1.23667,2.01156,1.81872,42.471,33.069,24.46
14168661,04/11/2025,King's Lynn,Leamington,2.52242,0.302,1.79082,0.28531,78.228,4.214,17.558
14168473,09/08/2025,King's Lynn,Telford,2.41787,0.38573,1.84219,0.50373,74.049,6.311,19.64
14168513,23/08/2025,King's Lynn,Darlington,2.78722,0.13357,2.71191,0.28571,90.267,1.812,7.921
14168533,30/08/2025,King's Lynn,Merthyr,1.77709,1.00657,2.33326,1.72215,52.025,26.341,21.634
14168544,02/09/2025,King's Lynn,Kidderminster,0.62467,2.09353,0.48661,1.22339,11.429,60.391,28.18
14168581,04/10/2025,King's Lynn,Scarborough,0.64888,2.1127,0.7302,1.69529,13.682,62.476,23.842
14168604,18/10/2025,King's Lynn,Fylde,0.74697,2.01456,0.9504,1.80488,16.95,59.203,23.847
14168634,25/10/2025,King's Lynn,Radcliffe,1.51873,1.23667,2.01156,1.81872,42.471,33.069,24.46
14168661,04/11/2025,King's Lynn,Leamington,2.52242,0.302,1.79082,0.28531,78.228,4.214,17.558
14168691,25/11/2025,King's Lynn,Buxton,2.33139,0.46905,1.95482,0.6802,71.061,8.983,19.956
14168473,09/08/2025,King's Lynn,Telford,2.41787,0.38573,1.84219,0.50373,74.049,6.311,19.64
14168513,23/08/2025,King's Lynn,Darlington,2.78722,0.13357,2.71191,0.28571,90.267,1.812,7.921
14168533,30/08/2025,King's Lynn,Merthyr,1.77709,1.00657,2.33326,1.72215,52.025,26.341,21.634
14168544,02/09/2025,King's Lynn,Kidderminster,0.62467,2.09353,0.48661,1.22339,11.429,60.391,28.18
14168581,04/10/2025,King's Lynn,Scarborough,0.64888,2.1127,0.7302,1.69529,13.682,62.476,23.842
14168604,18/10/2025,King's Lynn,Fylde,0.74697,2.01456,0.9504,1.80488,16.95,59.203,23.847
14168634,25/10/2025,King's Lynn,Radcliffe,1.51873,1.23667,2.01156,1.81872,42.471,33.069,24.46
14168661,04/11/2025,King's Lynn,Leamington,2.52242,0.302,1.79082,0.28531,78.228,4.214,17.558
14168691,25/11/2025,King's Lynn,Buxton,2.33139,0.46905,1.95482,0.6802,71.061,8.983,19.956
14168714,06/12/2025,King's Lynn,Chester,1.63473,1.09275,1.48346,1.15455,45.407,27.341,27.252
14168473,09/08/2025,King's Lynn,Telford,2.41787,0.38573,1.84219,0.50373,74.049,6.311,19.64
14168513,23/08/2025,King's Lynn,Darlington,2.78722,0.13357,2.71191,0.28571,90.267,1.812,7.921
14168533,30/08/2025,King's Lynn,Merthyr,1.77709,1.00657,2.33326,1.72215,52.025,26.341,21.634
14168544,02/09/2025,King's Lynn,Kidderminster,0.62467,2.09353,0.48661,1.22339,11.429,60.391,28.18
14168581,04/10/2025,King's Lynn,Scarborough,0.64888,2.1127,0.7302,1.69529,13.682,62.476,23.842
14168604,18/10/2025,King's Lynn,Fylde,0.74697,2.01456,0.9504,1.80488,16.95,59.203,23.847
14168634,25/10/2025,King's Lynn,Radcliffe,1.51873,1.23667,2.01156,1.81872,42.471,33.069,24.46
14168661,04/11/2025,King's Lynn,Leamington,2.52242,0.302,1.79082,0.28531,78.228,4.214,17.558
14168691,25/11/2025,King's Lynn,Buxton,2.33139,0.46905,1.95482,0.6802,71.061,8.983,19.956
14168714,06/12/2025,King's Lynn,Chester,1.63473,1.09275,1.48346,1.15455,45.407,27.341,27.252
15168214,10/12/2025,King's Lynn,Macclesfield,1.06119,1.63182,0.8797,1.20234,25.14,44.161,30.699
14168473,09/08/2025,King's Lynn,Telford,2.41787,0.38573,1.84219,0.50373,74.049,6.311,19.64
14168513,23/08/2025,King's Lynn,Darlington,2.78722,0.13357,2.71191,0.28571,90.267,1.812,7.921
14168533,30/08/2025,King's Lynn,Merthyr,1.77709,1.00657,2.33326,1.72215,52.025,26.341,21.634
14168544,02/09/2025,King's Lynn,Kidderminster,0.62467,2.09353,0.48661,1.22339,11.429,60.391,28.18
14168581,04/10/2025,King's Lynn,Scarborough,0.64888,2.1127,0.7302,1.69529,13.682,62.476,23.842
14168604,18/10/2025,King's Lynn,Fylde,0.74697,2.01456,0.9504,1.80488,16.95,59.203,23.847
14168634,25/10/2025,King's Lynn,Radcliffe,1.51873,1.23667,2.01156,1.81872,42.471,33.069,24.46
14168661,04/11/2025,King's Lynn,Leamington,2.52242,0.302,1.79082,0.28531,78.228,4.214,17.558
14168691,25/11/2025,King's Lynn,Buxton,2.33139,0.46905,1.95482,0.6802,71.061,8.983,19.956
14168714,06/12/2025,King's Lynn,Chester,1.63473,1.09275,1.48346,1.15455,45.407,27.341,27.252
15168214,10/12/2025,King's Lynn,Macclesfield,1.06119,1.63182,0.8797,1.20234,25.14,44.161,30.699
14168738,26/12/2025,King's Lynn,Peterborough,2.06921,0.69752,2.2772,1.36125,61.198,15.475,23.327
14168473,09/08/2025,King's Lynn,Telford,2.41787,0.38573,1.84219,0.50373,74.049,6.311,19.64
14168513,23/08/2025,King's Lynn,Darlington,2.78722,0.13357,2.71191,0.28571,90.267,1.812,7.921
14168533,30/08/2025,King's Lynn,Merthyr,1.77709,1.00657,2.33326,1.72215,52.025,26.341,21.634
14168544,02/09/2025,King's Lynn,Kidderminster,0.62467,2.09353,0.48661,1.22339,11.429,60.391,28.18
14168581,04/10/2025,King's Lynn,Scarborough,0.64888,2.1127,0.7302,1.69529,13.682,62.476,23.842
14168604,18/10/2025,King's Lynn,Fylde,0.74697,2.01456,0.9504,1.80488,16.95,59.203,23.847
14168634,25/10/2025,King's Lynn,Radcliffe,1.51873,1.23667,2.01156,1.81872,42.471,33.069,24.46
14168661,04/11/2025,King's Lynn,Leamington,2.52242,0.302,1.79082,0.28531,78.228,4.214,17.558
14168691,25/11/2025,King's Lynn,Buxton,2.33139,0.46905,1.95482,0.6802,71.061,8.983,19.956
14168714,06/12/2025,King's Lynn,Chester,1.63473,1.09275,1.48346,1.15455,45.407,27.341,27.252
15168214,10/12/2025,King's Lynn,Macclesfield,1.06119,1.63182,0.8797,1.20234,25.14,44.161,30.699
14168738,26/12/2025,King's Lynn,Peterborough,2.06921,0.69752,2.2772,1.36125,61.198,15.475,23.327
14168794,17/01/2026,King's Lynn,Hereford,0.71908,1.98526,0.52134,1.24405,14.114,56.32,29.566
14168473,09/08/2025,King's Lynn,Telford,2.41787,0.38573,1.84219,0.50373,74.049,6.311,19.64
14168513,23/08/2025,King's Lynn,Darlington,2.78722,0.13357,2.71191,0.28571,90.267,1.812,7.921
14168533,30/08/2025,King's Lynn,Merthyr,1.77709,1.00657,2.33326,1.72215,52.025,26.341,21.634
14168544,02/09/2025,King's Lynn,Kidderminster,0.62467,2.09353,0.48661,1.22339,11.429,60.391,28.18
14168581,04/10/2025,King's Lynn,Scarborough,0.64888,2.1127,0.7302,1.69529,13.682,62.476,23.842
14168604,18/10/2025,King's Lynn,Fylde,0.74697,2.01456,0.9504,1.80488,16.95,59.203,23.847
14168634,25/10/2025,King's Lynn,Radcliffe,1.51873,1.23667,2.01156,1.81872,42.471,33.069,24.46
14168661,04/11/2025,King's Lynn,Leamington,2.52242,0.302,1.79082,0.28531,78.228,4.214,17.558
14168691,25/11/2025,King's Lynn,Buxton,2.33139,0.46905,1.95482,0.6802,71.061,8.983,19.956
14168714,06/12/2025,King's Lynn,Chester,1.63473,1.09275,1.48346,1.15455,45.407,27.341,27.252
15168214,10/12/2025,King's Lynn,Macclesfield,1.06119,1.63182,0.8797,1.20234,25.14,44.161,30.699
14168738,26/12/2025,King's Lynn,Peterborough,2.06921,0.69752,2.2772,1.36125,61.198,15.475,23.327
14168794,17/01/2026,King's Lynn,Hereford,0.71908,1.98526,0.52134,1.24405,14.114,56.32,29.566
15379770,31/10/2025,King's Lynn,Alfreton,2.21418,0.57204,1.88207,0.72802,66.68,11.942,21.378
14168473,09/08/2025,King's Lynn,Telford,2.41787,0.38573,1.84219,0.50373,74.049,6.311,19.64
14168513,23/08/2025,King's Lynn,Darlington,2.78722,0.13357,2.71191,0.28571,90.267,1.812,7.921
14168533,30/08/2025,King's Lynn,Merthyr,1.77709,1.00657,2.33326,1.72215,52.025,26.341,21.634
14168544,02/09/2025,King's Lynn,Kidderminster,0.62467,2.09353,0.48661,1.22339,11.429,60.391,28.18
14168581,04/10/2025,King's Lynn,Scarborough,0.64888,2.1127,0.7302,1.69529,13.682,62.476,23.842
14168604,18/10/2025,King's Lynn,Fylde,0.74697,2.01456,0.9504,1.80488,16.95,59.203,23.847
14168634,25/10/2025,King's Lynn,Radcliffe,1.51873,1.23667,2.01156,1.81872,42.471,33.069,24.46
14168661,04/11/2025,King's Lynn,Leamington,2.52242,0.302,1.79082,0.28531,78.228,4.214,17.558
14168691,25/11/2025,King's Lynn,Buxton,2.33139,0.46905,1.95482,0.6802,71.061,8.983,19.956
14168714,06/12/2025,King's Lynn,Chester,1.63473,1.09275,1.48346,1.15455,45.407,27.341,27.252
15168214,10/12/2025,King's Lynn,Macclesfield,1.06119,1.63182,0.8797,1.20234,25.14,44.161,30.699
14168738,26/12/2025,King's Lynn,Peterborough,2.06921,0.69752,2.2772,1.36125,61.198,15.475,23.327
14168794,17/01/2026,King's Lynn,Hereford,0.71908,1.98526,0.52134,1.24405,14.114,56.32,29.566
15379770,31/10/2025,King's Lynn,Alfreton,2.21418,0.57204,1.88207,0.72802,66.68,11.942,21.378
15399965,03/02/2026,King's Lynn,Southport,2.47296,0.3483,1.83349,0.40751,76.474,5.652,17.874
14168473,09/08/2025,King's Lynn,Telford,2.41787,0.38573,1.84219,0.50373,74.049,6.311,19.64
14168513,23/08/2025,King's Lynn,Darlington,2.78722,0.13357,2.71191,0.28571,90.267,1.812,7.921
14168533,30/08/2025,King's Lynn,Merthyr,1.77709,1.00657,2.33326,1.72215,52.025,26.341,21.634
14168544,02/09/2025,King's Lynn,Kidderminster,0.62467,2.09353,0.48661,1.22339,11.429,60.391,28.18
14168581,04/10/2025,King's Lynn,Scarborough,0.64888,2.1127,0.7302,1.69529,13.682,62.476,23.842
14168604,18/10/2025,King's Lynn,Fylde,0.74697,2.01456,0.9504,1.80488,16.95,59.203,23.847
14168634,25/10/2025,King's Lynn,Radcliffe,1.51873,1.23667,2.01156,1.81872,42.471,33.069,24.46
14168661,04/11/2025,King's Lynn,Leamington,2.52242,0.302,1.79082,0.28531,78.228,4.214,17.558
14168691,25/11/2025,King's Lynn,Buxton,2.33139,0.46905,1.95482,0.6802,71.061,8.983,19.956
14168714,06/12/2025,King's Lynn,Chester,1.63473,1.09275,1.48346,1.15455,45.407,27.341,27.252
15168214,10/12/2025,King's Lynn,Macclesfield,1.06119,1.63182,0.8797,1.20234,25.14,44.161,30.699
14168738,26/12/2025,King's Lynn,Peterborough,2.06921,0.69752,2.2772,1.36125,61.198,15.475,23.327
14168794,17/01/2026,King's Lynn,Hereford,0.71908,1.98526,0.52134,1.24405,14.114,56.32,29.566
15379770,31/10/2025,King's Lynn,Alfreton,2.21418,0.57204,1.88207,0.72802,66.68,11.942,21.378
15399965,03/02/2026,King's Lynn,Southport,2.47296,0.3483,1.83349,0.40751,76.474,5.652,17.874
14168894,28/02/2026,King's Lynn,Oxford,0.79346,1.82207,0.35579,0.83595,13.633,47.92,38.447
14168473,09/08/2025,King's Lynn,Telford,2.41787,0.38573,1.84219,0.50373,74.049,6.311,19.64
14168513,23/08/2025,King's Lynn,Darlington,2.78722,0.13357,2.71191,0.28571,90.267,1.812,7.921
14168533,30/08/2025,King's Lynn,Merthyr,1.77709,1.00657,2.33326,1.72215,52.025,26.341,21.634
14168544,02/09/2025,King's Lynn,Kidderminster,0.62467,2.09353,0.48661,1.22339,11.429,60.391,28.18
14168581,04/10/2025,King's Lynn,Scarborough,0.64888,2.1127,0.7302,1.69529,13.682,62.476,23.842
14168604,18/10/2025,King's Lynn,Fylde,0.74697,2.01456,0.9504,1.80488,16.95,59.203,23.847
14168634,25/10/2025,King's Lynn,Radcliffe,1.51873,1.23667,2.01156,1.81872,42.471,33.069,24.46
14168661,04/11/2025,King's Lynn,Leamington,2.52242,0.302,1.79082,0.28531,78.228,4.214,17.558
14168691,25/11/2025,King's Lynn,Buxton,2.33139,0.46905,1.95482,0.6802,71.061,8.983,19.956
14168714,06/12/2025,King's Lynn,Chester,1.63473,1.09275,1.48346,1.15455,45.407,27.341,27.252
15168214,10/12/2025,King's Lynn,Macclesfield,1.06119,1.63182,0.8797,1.20234,25.14,44.161,30.699
14168738,26/12/2025,King's Lynn,Peterborough,2.06921,0.69752,2.2772,1.36125,61.198,15.475,23.327
14168794,17/01/2026,King's Lynn,Hereford,0.71908,1.98526,0.52134,1.24405,14.114,56.32,29.566
15379770,31/10/2025,King's Lynn,Alfreton,2.21418,0.57204,1.88207,0.72802,66.68,11.942,21.378
15399965,03/02/2026,King's Lynn,Southport,2.47296,0.3483,1.83349,0.40751,76.474,5.652,17.874
14168894,28/02/2026,King's Lynn,Oxford,0.79346,1.82207,0.35579,0.83595,13.633,47.92,38.447
14168907,07/03/2026,King's Lynn,Marine,2.72102,0.15467,1.65628,0.12028,86.557,1.012,12.431
14168473,09/08/2025,King's Lynn,Telford,2.41787,0.38573,1.84219,0.50373,74.049,6.311,19.64
14168513,23/08/2025,King's Lynn,Darlington,2.78722,0.13357,2.71191,0.28571,90.267,1.812,7.921
14168533,30/08/2025,King's Lynn,Merthyr,1.77709,1.00657,2.33326,1.72215,52.025,26.341,21.634
14168544,02/09/2025,King's Lynn,Kidderminster,0.62467,2.09353,0.48661,1.22339,11.429,60.391,28.18
14168581,04/10/2025,King's Lynn,Scarborough,0.64888,2.1127,0.7302,1.69529,13.682,62.476,23.842
14168604,18/10/2025,King's Lynn,Fylde,0.74697,2.01456,0.9504,1.80488,16.95,59.203,23.847
14168634,25/10/2025,King's Lynn,Radcliffe,1.51873,1.23667,2.01156,1.81872,42.471,33.069,24.46
14168661,04/11/2025,King's Lynn,Leamington,2.52242,0.302,1.79082,0.28531,78.228,4.214,17.558
14168691,25/11/2025,King's Lynn,Buxton,2.33139,0.46905,1.95482,0.6802,71.061,8.983,19.956
14168714,06/12/2025,King's Lynn,Chester,1.63473,1.09275,1.48346,1.15455,45.407,27.341,27.252
15168214,10/12/2025,King's Lynn,Macclesfield,1.06119,1.63182,0.8797,1.20234,25.14,44.161,30.699
14168738,26/12/2025,King's Lynn,Peterborough,2.06921,0.69752,2.2772,1.36125,61.198,15.475,23.327
14168794,17/01/2026,King's Lynn,Hereford,0.71908,1.98526,0.52134,1.24405,14.114,56.32,29.566
15379770,31/10/2025,King's Lynn,Alfreton,2.21418,0.57204,1.88207,0.72802,66.68,11.942,21.378
15399965,03/02/2026,King's Lynn,Southport,2.47296,0.3483,1.83349,0.40751,76.474,5.652,17.874
14168894,28/02/2026,King's Lynn,Oxford,0.79346,1.82207,0.35579,0.83595,13.633,47.92,38.447
14168907,07/03/2026,King's Lynn,Marine,2.72102,0.15467,1.65628,0.12028,86.557,1.012,12.431
15578956,17/03/2026,King's Lynn,South Shields,1.39796,1.20986,0.73192,0.63027,33.526,27.256,39.218
14168473,09/08/2025,King's Lynn,Telford,2.41787,0.38573,1.84219,0.50373,74.049,6.311,19.64
14168513,23/08/2025,King's Lynn,Darlington,2.78722,0.13357,2.71191,0.28571,90.267,1.812,7.921
14168533,30/08/2025,King's Lynn,Merthyr,1.77709,1.00657,2.33326,1.72215,52.025,26.341,21.634
14168544,02/09/2025,King's Lynn,Kidderminster,0.62467,2.09353,0.48661,1.22339,11.429,60.391,28.18
14168581,04/10/2025,King's Lynn,Scarborough,0.64888,2.1127,0.7302,1.69529,13.682,62.476,23.842
14168604,18/10/2025,King's Lynn,Fylde,0.74697,2.01456,0.9504,1.80488,16.95,59.203,23.847
14168634,25/10/2025,King's Lynn,Radcliffe,1.51873,1.23667,2.01156,1.81872,42.471,33.069,24.46
14168661,04/11/2025,King's Lynn,Leamington,2.52242,0.302,1.79082,0.28531,78.228,4.214,17.558
14168691,25/11/2025,King's Lynn,Buxton,2.33139,0.46905,1.95482,0.6802,71.061,8.983,19.956
14168714,06/12/2025,King's Lynn,Chester,1.63473,1.09275,1.48346,1.15455,45.407,27.341,27.252
15168214,10/12/2025,King's Lynn,Macclesfield,1.06119,1.63182,0.8797,1.20234,25.14,44.161,30.699
14168738,26/12/2025,King's Lynn,Peterborough,2.06921,0.69752,2.2772,1.36125,61.198,15.475,23.327
14168794,17/01/2026,King's Lynn,Hereford,0.71908,1.98526,0.52134,1.24405,14.114,56.32,29.566
15379770,31/10/2025,King's Lynn,Alfreton,2.21418,0.57204,1.88207,0.72802,66.68,11.942,21.378
15399965,03/02/2026,King's Lynn,Southport,2.47296,0.3483,1.83349,0.40751,76.474,5.652,17.874
14168894,28/02/2026,King's Lynn,Oxford,0.79346,1.82207,0.35579,0.83595,13.633,47.92,38.447
14168907,07/03/2026,King's Lynn,Marine,2.72102,0.15467,1.65628,0.12028,86.557,1.012,12.431
15578956,17/03/2026,King's Lynn,South Shields,1.39796,1.20986,0.73192,0.63027,33.526,27.256,39.218
14168941,21/03/2026,King's Lynn,Curzon Ashton,2.63255,0.21563,1.66034,0.17434,82.691,2.127,15.182
14168497,16/08/2025,Leamington,South Shields,0.36966,2.47743,0.85498,2.41908,7.225,77.484,15.291
14168497,16/08/2025,Leamington,South Shields,0.36966,2.47743,0.85498,2.41908,7.225,77.484,15.291
14168512,23/08/2025,Leamington,Radcliffe,2.38811,0.45395,2.76976,1.18314,74.339,9.867,15.794
14168497,16/08/2025,Leamington,South Shields,0.36966,2.47743,0.85498,2.41908,7.225,77.484,15.291
14168512,23/08/2025,Leamington,Radcliffe,2.38811,0.45395,2.76976,1.18314,74.339,9.867,15.794
14168540,30/08/2025,Leamington,Chorley,1.61549,1.14077,1.85714,1.54905,45.725,29.901,24.374
14168497,16/08/2025,Leamington,South Shields,0.36966,2.47743,0.85498,2.41908,7.225,77.484,15.291
14168512,23/08/2025,Leamington,Radcliffe,2.38811,0.45395,2.76976,1.18314,74.339,9.867,15.794
14168540,30/08/2025,Leamington,Chorley,1.61549,1.14077,1.85714,1.54905,45.725,29.901,24.374
14168547,02/09/2025,Leamington,Southport,1.8747,0.79212,1.0402,0.47748,51.384,15.298,33.318
14168497,16/08/2025,Leamington,South Shields,0.36966,2.47743,0.85498,2.41908,7.225,77.484,15.291
14168512,23/08/2025,Leamington,Radcliffe,2.38811,0.45395,2.76976,1.18314,74.339,9.867,15.794
14168540,30/08/2025,Leamington,Chorley,1.61549,1.14077,1.85714,1.54905,45.725,29.901,24.374
14168547,02/09/2025,Leamington,Southport,1.8747,0.79212,1.0402,0.47748,51.384,15.298,33.318
14168582,04/10/2025,Leamington,Hereford,1.3561,1.36618,1.28484,1.31704,35.946,36.282,27.772
14168497,16/08/2025,Leamington,South Shields,0.36966,2.47743,0.85498,2.41908,7.225,77.484,15.291
14168512,23/08/2025,Leamington,Radcliffe,2.38811,0.45395,2.76976,1.18314,74.339,9.867,15.794
14168540,30/08/2025,Leamington,Chorley,1.61549,1.14077,1.85714,1.54905,45.725,29.901,24.374
14168547,02/09/2025,Leamington,Southport,1.8747,0.79212,1.0402,0.47748,51.384,15.298,33.318
14168582,04/10/2025,Leamington,Hereford,1.3561,1.36618,1.28484,1.31704,35.946,36.282,27.772
14168605,18/10/2025,Leamington,Darlington,0.65057,2.15819,1.25385,2.44128,15.311,65.565,19.124
14168497,16/08/2025,Leamington,South Shields,0.36966,2.47743,0.85498,2.41908,7.225,77.484,15.291
14168512,23/08/2025,Leamington,Radcliffe,2.38811,0.45395,2.76976,1.18314,74.339,9.867,15.794
14168540,30/08/2025,Leamington,Chorley,1.61549,1.14077,1.85714,1.54905,45.725,29.901,24.374
14168547,02/09/2025,Leamington,Southport,1.8747,0.79212,1.0402,0.47748,51.384,15.298,33.318
14168582,04/10/2025,Leamington,Hereford,1.3561,1.36618,1.28484,1.31704,35.946,36.282,27.772
14168605,18/10/2025,Leamington,Darlington,0.65057,2.15819,1.25385,2.44128,15.311,65.565,19.124
14168622,21/10/2025,Leamington,Macclesfield,0.01824,2.96508,0.03521,3.17067,0.052,98.28,1.668
14168497,16/08/2025,Leamington,South Shields,0.36966,2.47743,0.85498,2.41908,7.225,77.484,15.291
14168512,23/08/2025,Leamington,Radcliffe,2.38811,0.45395,2.76976,1.18314,74.339,9.867,15.794
14168540,30/08/2025,Leamington,Chorley,1.61549,1.14077,1.85714,1.54905,45.725,29.901,24.374
14168547,02/09/2025,Leamington,Southport,1.8747,0.79212,1.0402,0.47748,51.384,15.298,33.318
14168582,04/10/2025,Leamington,Hereford,1.3561,1.36618,1.28484,1.31704,35.946,36.282,27.772
14168605,18/10/2025,Leamington,Darlington,0.65057,2.15819,1.25385,2.44128,15.311,65.565,19.124
14168622,21/10/2025,Leamington,Macclesfield,0.01824,2.96508,0.03521,3.17067,0.052,98.28,1.668
14168668,08/11/2025,Leamington,Marine,0.55846,2.15764,0.36199,1.29943,9.152,62.458,28.39
14168497,16/08/2025,Leamington,South Shields,0.36966,2.47743,0.85498,2.41908,7.225,77.484,15.291
14168512,23/08/2025,Leamington,Radcliffe,2.38811,0.45395,2.76976,1.18314,74.339,9.867,15.794
14168540,30/08/2025,Leamington,Chorley,1.61549,1.14077,1.85714,1.54905,45.725,29.901,24.374
14168547,02/09/2025,Leamington,Southport,1.8747,0.79212,1.0402,0.47748,51.384,15.298,33.318
14168582,04/10/2025,Leamington,Hereford,1.3561,1.36618,1.28484,1.31704,35.946,36.282,27.772
14168605,18/10/2025,Leamington,Darlington,0.65057,2.15819,1.25385,2.44128,15.311,65.565,19.124
14168622,21/10/2025,Leamington,Macclesfield,0.01824,2.96508,0.03521,3.17067,0.052,98.28,1.668
14168668,08/11/2025,Leamington,Marine,0.55846,2.15764,0.36199,1.29943,9.152,62.458,28.39
14168703,29/11/2025,Leamington,Worksop,0.91176,1.8027,0.92594,1.44615,20.874,50.572,28.554
14168497,16/08/2025,Leamington,South Shields,0.36966,2.47743,0.85498,2.41908,7.225,77.484,15.291
14168512,23/08/2025,Leamington,Radcliffe,2.38811,0.45395,2.76976,1.18314,74.339,9.867,15.794
14168540,30/08/2025,Leamington,Chorley,1.61549,1.14077,1.85714,1.54905,45.725,29.901,24.374
14168547,02/09/2025,Leamington,Southport,1.8747,0.79212,1.0402,0.47748,51.384,15.298,33.318
14168582,04/10/2025,Leamington,Hereford,1.3561,1.36618,1.28484,1.31704,35.946,36.282,27.772
14168605,18/10/2025,Leamington,Darlington,0.65057,2.15819,1.25385,2.44128,15.311,65.565,19.124
14168622,21/10/2025,Leamington,Macclesfield,0.01824,2.96508,0.03521,3.17067,0.052,98.28,1.668
14168668,08/11/2025,Leamington,Marine,0.55846,2.15764,0.36199,1.29943,9.152,62.458,28.39
14168703,29/11/2025,Leamington,Worksop,0.91176,1.8027,0.92594,1.44615,20.874,50.572,28.554
14969964,09/12/2025,Leamington,Telford,0.24121,2.65213,0.7395,2.90456,4.485,84.849,10.666
14168497,16/08/2025,Leamington,South Shields,0.36966,2.47743,0.85498,2.41908,7.225,77.484,15.291
14168512,23/08/2025,Leamington,Radcliffe,2.38811,0.45395,2.76976,1.18314,74.339,9.867,15.794
14168540,30/08/2025,Leamington,Chorley,1.61549,1.14077,1.85714,1.54905,45.725,29.901,24.374
14168547,02/09/2025,Leamington,Southport,1.8747,0.79212,1.0402,0.47748,51.384,15.298,33.318
14168582,04/10/2025,Leamington,Hereford,1.3561,1.36618,1.28484,1.31704,35.946,36.282,27.772
14168605,18/10/2025,Leamington,Darlington,0.65057,2.15819,1.25385,2.44128,15.311,65.565,19.124
14168622,21/10/2025,Leamington,Macclesfield,0.01824,2.96508,0.03521,3.17067,0.052,98.28,1.668
14168668,08/11/2025,Leamington,Marine,0.55846,2.15764,0.36199,1.29943,9.152,62.458,28.39
14168703,29/11/2025,Leamington,Worksop,0.91176,1.8027,0.92594,1.44615,20.874,50.572,28.554
14969964,09/12/2025,Leamington,Telford,0.24121,2.65213,0.7395,2.90456,4.485,84.849,10.666
14168740,26/12/2025,Leamington,Bedford,0.49426,2.30773,0.79384,1.97547,9.875,70.324,19.801
14168497,16/08/2025,Leamington,South Shields,0.36966,2.47743,0.85498,2.41908,7.225,77.484,15.291
14168512,23/08/2025,Leamington,Radcliffe,2.38811,0.45395,2.76976,1.18314,74.339,9.867,15.794
14168540,30/08/2025,Leamington,Chorley,1.61549,1.14077,1.85714,1.54905,45.725,29.901,24.374
14168547,02/09/2025,Leamington,Southport,1.8747,0.79212,1.0402,0.47748,51.384,15.298,33.318
14168582,04/10/2025,Leamington,Hereford,1.3561,1.36618,1.28484,1.31704,35.946,36.282,27.772
14168605,18/10/2025,Leamington,Darlington,0.65057,2.15819,1.25385,2.44128,15.311,65.565,19.124
14168622,21/10/2025,Leamington,Macclesfield,0.01824,2.96508,0.03521,3.17067,0.052,98.28,1.668
14168668,08/11/2025,Leamington,Marine,0.55846,2.15764,0.36199,1.29943,9.152,62.458,28.39
14168703,29/11/2025,Leamington,Worksop,0.91176,1.8027,0.92594,1.44615,20.874,50.572,28.554
14969964,09/12/2025,Leamington,Telford,0.24121,2.65213,0.7395,2.90456,4.485,84.849,10.666
14168740,26/12/2025,Leamington,Bedford,0.49426,2.30773,0.79384,1.97547,9.875,70.324,19.801
14168802,24/01/2026,Leamington,Curzon Ashton,0.65357,2.14043,0.99047,2.04925,14.919,64.481,20.6
14168497,16/08/2025,Leamington,South Shields,0.36966,2.47743,0.85498,2.41908,7.225,77.484,15.291
14168512,23/08/2025,Leamington,Radcliffe,2.38811,0.45395,2.76976,1.18314,74.339,9.867,15.794
14168540,30/08/2025,Leamington,Chorley,1.61549,1.14077,1.85714,1.54905,45.725,29.901,24.374
14168547,02/09/2025,Leamington,Southport,1.8747,0.79212,1.0402,0.47748,51.384,15.298,33.318
14168582,04/10/2025,Leamington,Hereford,1.3561,1.36618,1.28484,1.31704,35.946,36.282,27.772
14168605,18/10/2025,Leamington,Darlington,0.65057,2.15819,1.25385,2.44128,15.311,65.565,19.124
14168622,21/10/2025,Leamington,Macclesfield,0.01824,2.96508,0.03521,3.17067,0.052,98.28,1.668
14168668,08/11/2025,Leamington,Marine,0.55846,2.15764,0.36199,1.29943,9.152,62.458,28.39
14168703,29/11/2025,Leamington,Worksop,0.91176,1.8027,0.92594,1.44615,20.874,50.572,28.554
14969964,09/12/2025,Leamington,Telford,0.24121,2.65213,0.7395,2.90456,4.485,84.849,10.666
14168740,26/12/2025,Leamington,Bedford,0.49426,2.30773,0.79384,1.97547,9.875,70.324,19.801
14168802,24/01/2026,Leamington,Curzon Ashton,0.65357,2.14043,0.99047,2.04925,14.919,64.481,20.6
14168833,07/02/2026,Leamington,Oxford,1.42397,1.05044,0.47024,0.29324,29.946,17.495,52.559
14168497,16/08/2025,Leamington,South Shields,0.36966,2.47743,0.85498,2.41908,7.225,77.484,15.291
14168512,23/08/2025,Leamington,Radcliffe,2.38811,0.45395,2.76976,1.18314,74.339,9.867,15.794
14168540,30/08/2025,Leamington,Chorley,1.61549,1.14077,1.85714,1.54905,45.725,29.901,24.374
14168547,02/09/2025,Leamington,Southport,1.8747,0.79212,1.0402,0.47748,51.384,15.298,33.318
14168582,04/10/2025,Leamington,Hereford,1.3561,1.36618,1.28484,1.31704,35.946,36.282,27.772
14168605,18/10/2025,Leamington,Darlington,0.65057,2.15819,1.25385,2.44128,15.311,65.565,19.124
14168622,21/10/2025,Leamington,Macclesfield,0.01824,2.96508,0.03521,3.17067,0.052,98.28,1.668
14168668,08/11/2025,Leamington,Marine,0.55846,2.15764,0.36199,1.29943,9.152,62.458,28.39
14168703,29/11/2025,Leamington,Worksop,0.91176,1.8027,0.92594,1.44615,20.874,50.572,28.554
14969964,09/12/2025,Leamington,Telford,0.24121,2.65213,0.7395,2.90456,4.485,84.849,10.666
14168740,26/12/2025,Leamington,Bedford,0.49426,2.30773,0.79384,1.97547,9.875,70.324,19.801
14168802,24/01/2026,Leamington,Curzon Ashton,0.65357,2.14043,0.99047,2.04925,14.919,64.481,20.6
14168833,07/02/2026,Leamington,Oxford,1.42397,1.05044,0.47024,0.29324,29.946,17.495,52.559
15399474,17/02/2026,Leamington,Spennymoor,2.00249,0.7397,1.52212,0.71549,58.156,16.063,25.781
14168497,16/08/2025,Leamington,South Shields,0.36966,2.47743,0.85498,2.41908,7.225,77.484,15.291
14168512,23/08/2025,Leamington,Radcliffe,2.38811,0.45395,2.76976,1.18314,74.339,9.867,15.794
14168540,30/08/2025,Leamington,Chorley,1.61549,1.14077,1.85714,1.54905,45.725,29.901,24.374
14168547,02/09/2025,Leamington,Southport,1.8747,0.79212,1.0402,0.47748,51.384,15.298,33.318
14168582,04/10/2025,Leamington,Hereford,1.3561,1.36618,1.28484,1.31704,35.946,36.282,27.772
14168605,18/10/2025,Leamington,Darlington,0.65057,2.15819,1.25385,2.44128,15.311,65.565,19.124
14168622,21/10/2025,Leamington,Macclesfield,0.01824,2.96508,0.03521,3.17067,0.052,98.28,1.668
14168668,08/11/2025,Leamington,Marine,0.55846,2.15764,0.36199,1.29943,9.152,62.458,28.39
14168703,29/11/2025,Leamington,Worksop,0.91176,1.8027,0.92594,1.44615,20.874,50.572,28.554
14969964,09/12/2025,Leamington,Telford,0.24121,2.65213,0.7395,2.90456,4.485,84.849,10.666
14168740,26/12/2025,Leamington,Bedford,0.49426,2.30773,0.79384,1.97547,9.875,70.324,19.801
14168802,24/01/2026,Leamington,Curzon Ashton,0.65357,2.14043,0.99047,2.04925,14.919,64.481,20.6
14168833,07/02/2026,Leamington,Oxford,1.42397,1.05044,0.47024,0.29324,29.946,17.495,52.559
15399474,17/02/2026,Leamington,Spennymoor,2.00249,0.7397,1.52212,0.71549,58.156,16.063,25.781
14168873,21/02/2026,Leamington,Chester,0.21114,2.65092,0.23019,1.95352,2.44,83.766,13.794
14168497,16/08/2025,Leamington,South Shields,0.36966,2.47743,0.85498,2.41908,7.225,77.484,15.291
14168512,23/08/2025,Leamington,Radcliffe,2.38811,0.45395,2.76976,1.18314,74.339,9.867,15.794
14168540,30/08/2025,Leamington,Chorley,1.61549,1.14077,1.85714,1.54905,45.725,29.901,24.374
14168547,02/09/2025,Leamington,Southport,1.8747,0.79212,1.0402,0.47748,51.384,15.298,33.318
14168582,04/10/2025,Leamington,Hereford,1.3561,1.36618,1.28484,1.31704,35.946,36.282,27.772
14168605,18/10/2025,Leamington,Darlington,0.65057,2.15819,1.25385,2.44128,15.311,65.565,19.124
14168622,21/10/2025,Leamington,Macclesfield,0.01824,2.96508,0.03521,3.17067,0.052,98.28,1.668
14168668,08/11/2025,Leamington,Marine,0.55846,2.15764,0.36199,1.29943,9.152,62.458,28.39
14168703,29/11/2025,Leamington,Worksop,0.91176,1.8027,0.92594,1.44615,20.874,50.572,28.554
14969964,09/12/2025,Leamington,Telford,0.24121,2.65213,0.7395,2.90456,4.485,84.849,10.666
14168740,26/12/2025,Leamington,Bedford,0.49426,2.30773,0.79384,1.97547,9.875,70.324,19.801
14168802,24/01/2026,Leamington,Curzon Ashton,0.65357,2.14043,0.99047,2.04925,14.919,64.481,20.6
14168833,07/02/2026,Leamington,Oxford,1.42397,1.05044,0.47024,0.29324,29.946,17.495,52.559
15399474,17/02/2026,Leamington,Spennymoor,2.00249,0.7397,1.52212,0.71549,58.156,16.063,25.781
14168873,21/02/2026,Leamington,Chester,0.21114,2.65092,0.23019,1.95352,2.44,83.766,13.794
14168886,24/02/2026,Leamington,Merthyr,1.95021,0.82575,2.08293,1.27986,57.539,20.057,22.404
14168497,16/08/2025,Leamington,South Shields,0.36966,2.47743,0.85498,2.41908,7.225,77.484,15.291
14168512,23/08/2025,Leamington,Radcliffe,2.38811,0.45395,2.76976,1.18314,74.339,9.867,15.794
14168540,30/08/2025,Leamington,Chorley,1.61549,1.14077,1.85714,1.54905,45.725,29.901,24.374
14168547,02/09/2025,Leamington,Southport,1.8747,0.79212,1.0402,0.47748,51.384,15.298,33.318
14168582,04/10/2025,Leamington,Hereford,1.3561,1.36618,1.28484,1.31704,35.946,36.282,27.772
14168605,18/10/2025,Leamington,Darlington,0.65057,2.15819,1.25385,2.44128,15.311,65.565,19.124
14168622,21/10/2025,Leamington,Macclesfield,0.01824,2.96508,0.03521,3.17067,0.052,98.28,1.668
14168668,08/11/2025,Leamington,Marine,0.55846,2.15764,0.36199,1.29943,9.152,62.458,28.39
14168703,29/11/2025,Leamington,Worksop,0.91176,1.8027,0.92594,1.44615,20.874,50.572,28.554
14969964,09/12/2025,Leamington,Telford,0.24121,2.65213,0.7395,2.90456,4.485,84.849,10.666
14168740,26/12/2025,Leamington,Bedford,0.49426,2.30773,0.79384,1.97547,9.875,70.324,19.801
14168802,24/01/2026,Leamington,Curzon Ashton,0.65357,2.14043,0.99047,2.04925,14.919,64.481,20.6
14168833,07/02/2026,Leamington,Oxford,1.42397,1.05044,0.47024,0.29324,29.946,17.495,52.559
15399474,17/02/2026,Leamington,Spennymoor,2.00249,0.7397,1.52212,0.71549,58.156,16.063,25.781
14168873,21/02/2026,Leamington,Chester,0.21114,2.65092,0.23019,1.95352,2.44,83.766,13.794
14168886,24/02/2026,Leamington,Merthyr,1.95021,0.82575,2.08293,1.27986,57.539,20.057,22.404
14168904,07/03/2026,Leamington,Fylde,2.07327,0.6918,2.11097,1.18113,61.278,15.229,23.493
14168497,16/08/2025,Leamington,South Shields,0.36966,2.47743,0.85498,2.41908,7.225,77.484,15.291
14168512,23/08/2025,Leamington,Radcliffe,2.38811,0.45395,2.76976,1.18314,74.339,9.867,15.794
14168540,30/08/2025,Leamington,Chorley,1.61549,1.14077,1.85714,1.54905,45.725,29.901,24.374
14168547,02/09/2025,Leamington,Southport,1.8747,0.79212,1.0402,0.47748,51.384,15.298,33.318
14168582,04/10/2025,Leamington,Hereford,1.3561,1.36618,1.28484,1.31704,35.946,36.282,27.772
14168605,18/10/2025,Leamington,Darlington,0.65057,2.15819,1.25385,2.44128,15.311,65.565,19.124
14168622,21/10/2025,Leamington,Macclesfield,0.01824,2.96508,0.03521,3.17067,0.052,98.28,1.668
14168668,08/11/2025,Leamington,Marine,0.55846,2.15764,0.36199,1.29943,9.152,62.458,28.39
14168703,29/11/2025,Leamington,Worksop,0.91176,1.8027,0.92594,1.44615,20.874,50.572,28.554
14969964,09/12/2025,Leamington,Telford,0.24121,2.65213,0.7395,2.90456,4.485,84.849,10.666
14168740,26/12/2025,Leamington,Bedford,0.49426,2.30773,0.79384,1.97547,9.875,70.324,19.801
14168802,24/01/2026,Leamington,Curzon Ashton,0.65357,2.14043,0.99047,2.04925,14.919,64.481,20.6
14168833,07/02/2026,Leamington,Oxford,1.42397,1.05044,0.47024,0.29324,29.946,17.495,52.559
15399474,17/02/2026,Leamington,Spennymoor,2.00249,0.7397,1.52212,0.71549,58.156,16.063,25.781
14168873,21/02/2026,Leamington,Chester,0.21114,2.65092,0.23019,1.95352,2.44,83.766,13.794
14168886,24/02/2026,Leamington,Merthyr,1.95021,0.82575,2.08293,1.27986,57.539,20.057,22.404
14168904,07/03/2026,Leamington,Fylde,2.07327,0.6918,2.11097,1.18113,61.278,15.229,23.493
14168942,21/03/2026,Leamington,Scarborough,0.24971,2.64434,0.6945,2.92551,4.792,84.613,10.595
14168497,16/08/2025,Leamington,South Shields,0.36966,2.47743,0.85498,2.41908,7.225,77.484,15.291
14168512,23/08/2025,Leamington,Radcliffe,2.38811,0.45395,2.76976,1.18314,74.339,9.867,15.794
14168540,30/08/2025,Leamington,Chorley,1.61549,1.14077,1.85714,1.54905,45.725,29.901,24.374
14168547,02/09/2025,Leamington,Southport,1.8747,0.79212,1.0402,0.47748,51.384,15.298,33.318
14168582,04/10/2025,Leamington,Hereford,1.3561,1.36618,1.28484,1.31704,35.946,36.282,27.772
14168605,18/10/2025,Leamington,Darlington,0.65057,2.15819,1.25385,2.44128,15.311,65.565,19.124
14168622,21/10/2025,Leamington,Macclesfield,0.01824,2.96508,0.03521,3.17067,0.052,98.28,1.668
14168668,08/11/2025,Leamington,Marine,0.55846,2.15764,0.36199,1.29943,9.152,62.458,28.39
14168703,29/11/2025,Leamington,Worksop,0.91176,1.8027,0.92594,1.44615,20.874,50.572,28.554
14969964,09/12/2025,Leamington,Telford,0.24121,2.65213,0.7395,2.90456,4.485,84.849,10.666
14168740,26/12/2025,Leamington,Bedford,0.49426,2.30773,0.79384,1.97547,9.875,70.324,19.801
14168802,24/01/2026,Leamington,Curzon Ashton,0.65357,2.14043,0.99047,2.04925,14.919,64.481,20.6
14168833,07/02/2026,Leamington,Oxford,1.42397,1.05044,0.47024,0.29324,29.946,17.495,52.559
15399474,17/02/2026,Leamington,Spennymoor,2.00249,0.7397,1.52212,0.71549,58.156,16.063,25.781
14168873,21/02/2026,Leamington,Chester,0.21114,2.65092,0.23019,1.95352,2.44,83.766,13.794
14168886,24/02/2026,Leamington,Merthyr,1.95021,0.82575,2.08293,1.27986,57.539,20.057,22.404
14168904,07/03/2026,Leamington,Fylde,2.07327,0.6918,2.11097,1.18113,61.278,15.229,23.493
14168942,21/03/2026,Leamington,Scarborough,0.24971,2.64434,0.6945,2.92551,4.792,84.613,10.595
15495110,24/03/2026,Leamington,King's Lynn,1.16508,1.53255,0.9453,1.18798,28.757,41.006,30.237
14168497,16/08/2025,Leamington,South Shields,0.36966,2.47743,0.85498,2.41908,7.225,77.484,15.291
14168512,23/08/2025,Leamington,Radcliffe,2.38811,0.45395,2.76976,1.18314,74.339,9.867,15.794
14168540,30/08/2025,Leamington,Chorley,1.61549,1.14077,1.85714,1.54905,45.725,29.901,24.374
14168547,02/09/2025,Leamington,Southport,1.8747,0.79212,1.0402,0.47748,51.384,15.298,33.318
14168582,04/10/2025,Leamington,Hereford,1.3561,1.36618,1.28484,1.31704,35.946,36.282,27.772
14168605,18/10/2025,Leamington,Darlington,0.65057,2.15819,1.25385,2.44128,15.311,65.565,19.124
14168622,21/10/2025,Leamington,Macclesfield,0.01824,2.96508,0.03521,3.17067,0.052,98.28,1.668
14168668,08/11/2025,Leamington,Marine,0.55846,2.15764,0.36199,1.29943,9.152,62.458,28.39
14168703,29/11/2025,Leamington,Worksop,0.91176,1.8027,0.92594,1.44615,20.874,50.572,28.554
14969964,09/12/2025,Leamington,Telford,0.24121,2.65213,0.7395,2.90456,4.485,84.849,10.666
14168740,26/12/2025,Leamington,Bedford,0.49426,2.30773,0.79384,1.97547,9.875,70.324,19.801
14168802,24/01/2026,Leamington,Curzon Ashton,0.65357,2.14043,0.99047,2.04925,14.919,64.481,20.6
14168833,07/02/2026,Leamington,Oxford,1.42397,1.05044,0.47024,0.29324,29.946,17.495,52.559
15399474,17/02/2026,Leamington,Spennymoor,2.00249,0.7397,1.52212,0.71549,58.156,16.063,25.781
14168873,21/02/2026,Leamington,Chester,0.21114,2.65092,0.23019,1.95352,2.44,83.766,13.794
14168886,24/02/2026,Leamington,Merthyr,1.95021,0.82575,2.08293,1.27986,57.539,20.057,22.404
14168904,07/03/2026,Leamington,Fylde,2.07327,0.6918,2.11097,1.18113,61.278,15.229,23.493
14168942,21/03/2026,Leamington,Scarborough,0.24971,2.64434,0.6945,2.92551,4.792,84.613,10.595
15495110,24/03/2026,Leamington,King's Lynn,1.16508,1.53255,0.9453,1.18798,28.757,41.006,30.237
14168958,28/03/2026,Leamington,Peterborough,2.48278,0.40459,4.07702,1.97629,79.005,9.732,11.263
14168487,09/08/2025,Macclesfield,Worksop,1.8679,0.92155,2.79407,2.03974,55.245,23.7,21.055
14168487,09/08/2025,Macclesfield,Worksop,1.8679,0.92155,2.79407,2.03974,55.245,23.7,21.055
14168509,23/08/2025,Macclesfield,Alfreton,0.36067,2.50252,0.94364,2.68904,7.462,78.857,13.681
14168487,09/08/2025,Macclesfield,Worksop,1.8679,0.92155,2.79407,2.03974,55.245,23.7,21.055
14168509,23/08/2025,Macclesfield,Alfreton,0.36067,2.50252,0.94364,2.68904,7.462,78.857,13.681
14168538,30/08/2025,Macclesfield,Darlington,1.20692,1.51298,1.23388,1.44078,30.894,41.096,28.01
14168487,09/08/2025,Macclesfield,Worksop,1.8679,0.92155,2.79407,2.03974,55.245,23.7,21.055
14168509,23/08/2025,Macclesfield,Alfreton,0.36067,2.50252,0.94364,2.68904,7.462,78.857,13.681
14168538,30/08/2025,Macclesfield,Darlington,1.20692,1.51298,1.23388,1.44078,30.894,41.096,28.01
14168548,02/09/2025,Macclesfield,Merthyr,0.38471,2.42864,0.50058,1.857,6.602,74.733,18.665
14168487,09/08/2025,Macclesfield,Worksop,1.8679,0.92155,2.79407,2.03974,55.245,23.7,21.055
14168509,23/08/2025,Macclesfield,Alfreton,0.36067,2.50252,0.94364,2.68904,7.462,78.857,13.681
14168538,30/08/2025,Macclesfield,Darlington,1.20692,1.51298,1.23388,1.44078,30.894,41.096,28.01
14168548,02/09/2025,Macclesfield,Merthyr,0.38471,2.42864,0.50058,1.857,6.602,74.733,18.665
14168583,04/10/2025,Macclesfield,Marine,1.14875,1.4351,0.53117,0.68099,24.42,33.965,41.615
14168487,09/08/2025,Macclesfield,Worksop,1.8679,0.92155,2.79407,2.03974,55.245,23.7,21.055
14168509,23/08/2025,Macclesfield,Alfreton,0.36067,2.50252,0.94364,2.68904,7.462,78.857,13.681
14168538,30/08/2025,Macclesfield,Darlington,1.20692,1.51298,1.23388,1.44078,30.894,41.096,28.01
14168548,02/09/2025,Macclesfield,Merthyr,0.38471,2.42864,0.50058,1.857,6.602,74.733,18.665
14168583,04/10/2025,Macclesfield,Marine,1.14875,1.4351,0.53117,0.68099,24.42,33.965,41.615
14168615,18/10/2025,Macclesfield,Curzon Ashton,1.14685,1.58551,1.18871,1.4724,29.307,43.929,26.764
14168487,09/08/2025,Macclesfield,Worksop,1.8679,0.92155,2.79407,2.03974,55.245,23.7,21.055
14168509,23/08/2025,Macclesfield,Alfreton,0.36067,2.50252,0.94364,2.68904,7.462,78.857,13.681
14168538,30/08/2025,Macclesfield,Darlington,1.20692,1.51298,1.23388,1.44078,30.894,41.096,28.01
14168548,02/09/2025,Macclesfield,Merthyr,0.38471,2.42864,0.50058,1.857,6.602,74.733,18.665
14168583,04/10/2025,Macclesfield,Marine,1.14875,1.4351,0.53117,0.68099,24.42,33.965,41.615
14168615,18/10/2025,Macclesfield,Curzon Ashton,1.14685,1.58551,1.18871,1.4724,29.307,43.929,26.764
14168635,25/10/2025,Macclesfield,South Shields,1.92917,0.73874,1.00055,0.43663,53.236,13.555,33.209
14168487,09/08/2025,Macclesfield,Worksop,1.8679,0.92155,2.79407,2.03974,55.245,23.7,21.055
14168509,23/08/2025,Macclesfield,Alfreton,0.36067,2.50252,0.94364,2.68904,7.462,78.857,13.681
14168538,30/08/2025,Macclesfield,Darlington,1.20692,1.51298,1.23388,1.44078,30.894,41.096,28.01
14168548,02/09/2025,Macclesfield,Merthyr,0.38471,2.42864,0.50058,1.857,6.602,74.733,18.665
14168583,04/10/2025,Macclesfield,Marine,1.14875,1.4351,0.53117,0.68099,24.42,33.965,41.615
14168615,18/10/2025,Macclesfield,Curzon Ashton,1.14685,1.58551,1.18871,1.4724,29.307,43.929,26.764
14168635,25/10/2025,Macclesfield,South Shields,1.92917,0.73874,1.00055,0.43663,53.236,13.555,33.209
14168665,04/11/2025,Macclesfield,Peterborough,2.08103,0.69716,1.90055,0.92166,61.974,15.845,22.181
14168487,09/08/2025,Macclesfield,Worksop,1.8679,0.92155,2.79407,2.03974,55.245,23.7,21.055
14168509,23/08/2025,Macclesfield,Alfreton,0.36067,2.50252,0.94364,2.68904,7.462,78.857,13.681
14168538,30/08/2025,Macclesfield,Darlington,1.20692,1.51298,1.23388,1.44078,30.894,41.096,28.01
14168548,02/09/2025,Macclesfield,Merthyr,0.38471,2.42864,0.50058,1.857,6.602,74.733,18.665
14168583,04/10/2025,Macclesfield,Marine,1.14875,1.4351,0.53117,0.68099,24.42,33.965,41.615
14168615,18/10/2025,Macclesfield,Curzon Ashton,1.14685,1.58551,1.18871,1.4724,29.307,43.929,26.764
14168635,25/10/2025,Macclesfield,South Shields,1.92917,0.73874,1.00055,0.43663,53.236,13.555,33.209
14168665,04/11/2025,Macclesfield,Peterborough,2.08103,0.69716,1.90055,0.92166,61.974,15.845,22.181
14168669,08/11/2025,Macclesfield,Telford,1.51787,1.12484,0.99421,0.77303,38.686,25.585,35.729
14168487,09/08/2025,Macclesfield,Worksop,1.8679,0.92155,2.79407,2.03974,55.245,23.7,21.055
14168509,23/08/2025,Macclesfield,Alfreton,0.36067,2.50252,0.94364,2.68904,7.462,78.857,13.681
14168538,30/08/2025,Macclesfield,Darlington,1.20692,1.51298,1.23388,1.44078,30.894,41.096,28.01
14168548,02/09/2025,Macclesfield,Merthyr,0.38471,2.42864,0.50058,1.857,6.602,74.733,18.665
14168583,04/10/2025,Macclesfield,Marine,1.14875,1.4351,0.53117,0.68099,24.42,33.965,41.615
14168615,18/10/2025,Macclesfield,Curzon Ashton,1.14685,1.58551,1.18871,1.4724,29.307,43.929,26.764
14168635,25/10/2025,Macclesfield,South Shields,1.92917,0.73874,1.00055,0.43663,53.236,13.555,33.209
14168665,04/11/2025,Macclesfield,Peterborough,2.08103,0.69716,1.90055,0.92166,61.974,15.845,22.181
14168669,08/11/2025,Macclesfield,Telford,1.51787,1.12484,0.99421,0.77303,38.686,25.585,35.729
14168708,29/11/2025,Macclesfield,Scarborough,0.9829,1.76362,1.17161,1.66267,24.314,50.338,25.348
14168487,09/08/2025,Macclesfield,Worksop,1.8679,0.92155,2.79407,2.03974,55.245,23.7,21.055
14168509,23/08/2025,Macclesfield,Alfreton,0.36067,2.50252,0.94364,2.68904,7.462,78.857,13.681
14168538,30/08/2025,Macclesfield,Darlington,1.20692,1.51298,1.23388,1.44078,30.894,41.096,28.01
14168548,02/09/2025,Macclesfield,Merthyr,0.38471,2.42864,0.50058,1.857,6.602,74.733,18.665
14168583,04/10/2025,Macclesfield,Marine,1.14875,1.4351,0.53117,0.68099,24.42,33.965,41.615
14168615,18/10/2025,Macclesfield,Curzon Ashton,1.14685,1.58551,1.18871,1.4724,29.307,43.929,26.764
14168635,25/10/2025,Macclesfield,South Shields,1.92917,0.73874,1.00055,0.43663,53.236,13.555,33.209
14168665,04/11/2025,Macclesfield,Peterborough,2.08103,0.69716,1.90055,0.92166,61.974,15.845,22.181
14168669,08/11/2025,Macclesfield,Telford,1.51787,1.12484,0.99421,0.77303,38.686,25.585,35.729
14168708,29/11/2025,Macclesfield,Scarborough,0.9829,1.76362,1.17161,1.66267,24.314,50.338,25.348
14168739,26/12/2025,Macclesfield,Buxton,1.32008,1.33943,0.88102,0.90551,32.653,33.298,34.049
14168487,09/08/2025,Macclesfield,Worksop,1.8679,0.92155,2.79407,2.03974,55.245,23.7,21.055
14168509,23/08/2025,Macclesfield,Alfreton,0.36067,2.50252,0.94364,2.68904,7.462,78.857,13.681
14168538,30/08/2025,Macclesfield,Darlington,1.20692,1.51298,1.23388,1.44078,30.894,41.096,28.01
14168548,02/09/2025,Macclesfield,Merthyr,0.38471,2.42864,0.50058,1.857,6.602,74.733,18.665
14168583,04/10/2025,Macclesfield,Marine,1.14875,1.4351,0.53117,0.68099,24.42,33.965,41.615
14168615,18/10/2025,Macclesfield,Curzon Ashton,1.14685,1.58551,1.18871,1.4724,29.307,43.929,26.764
14168635,25/10/2025,Macclesfield,South Shields,1.92917,0.73874,1.00055,0.43663,53.236,13.555,33.209
14168665,04/11/2025,Macclesfield,Peterborough,2.08103,0.69716,1.90055,0.92166,61.974,15.845,22.181
14168669,08/11/2025,Macclesfield,Telford,1.51787,1.12484,0.99421,0.77303,38.686,25.585,35.729
14168708,29/11/2025,Macclesfield,Scarborough,0.9829,1.76362,1.17161,1.66267,24.314,50.338,25.348
14168739,26/12/2025,Macclesfield,Buxton,1.32008,1.33943,0.88102,0.90551,32.653,33.298,34.049
15122242,06/01/2026,Macclesfield,Radcliffe,1.50598,1.23937,1.68837,1.48621,41.711,32.824,25.465
14168487,09/08/2025,Macclesfield,Worksop,1.8679,0.92155,2.79407,2.03974,55.245,23.7,21.055
14168509,23/08/2025,Macclesfield,Alfreton,0.36067,2.50252,0.94364,2.68904,7.462,78.857,13.681
14168538,30/08/2025,Macclesfield,Darlington,1.20692,1.51298,1.23388,1.44078,30.894,41.096,28.01
14168548,02/09/2025,Macclesfield,Merthyr,0.38471,2.42864,0.50058,1.857,6.602,74.733,18.665
14168583,04/10/2025,Macclesfield,Marine,1.14875,1.4351,0.53117,0.68099,24.42,33.965,41.615
14168615,18/10/2025,Macclesfield,Curzon Ashton,1.14685,1.58551,1.18871,1.4724,29.307,43.929,26.764
14168635,25/10/2025,Macclesfield,South Shields,1.92917,0.73874,1.00055,0.43663,53.236,13.555,33.209
14168665,04/11/2025,Macclesfield,Peterborough,2.08103,0.69716,1.90055,0.92166,61.974,15.845,22.181
14168669,08/11/2025,Macclesfield,Telford,1.51787,1.12484,0.99421,0.77303,38.686,25.585,35.729
14168708,29/11/2025,Macclesfield,Scarborough,0.9829,1.76362,1.17161,1.66267,24.314,50.338,25.348
14168739,26/12/2025,Macclesfield,Buxton,1.32008,1.33943,0.88102,0.90551,32.653,33.298,34.049
15122242,06/01/2026,Macclesfield,Radcliffe,1.50598,1.23937,1.68837,1.48621,41.711,32.824,25.465
14168793,17/01/2026,Macclesfield,Oxford,2.72145,0.17091,2.1802,0.28368,87.127,2.109,10.764
14168487,09/08/2025,Macclesfield,Worksop,1.8679,0.92155,2.79407,2.03974,55.245,23.7,21.055
14168509,23/08/2025,Macclesfield,Alfreton,0.36067,2.50252,0.94364,2.68904,7.462,78.857,13.681
14168538,30/08/2025,Macclesfield,Darlington,1.20692,1.51298,1.23388,1.44078,30.894,41.096,28.01
14168548,02/09/2025,Macclesfield,Merthyr,0.38471,2.42864,0.50058,1.857,6.602,74.733,18.665
14168583,04/10/2025,Macclesfield,Marine,1.14875,1.4351,0.53117,0.68099,24.42,33.965,41.615
14168615,18/10/2025,Macclesfield,Curzon Ashton,1.14685,1.58551,1.18871,1.4724,29.307,43.929,26.764
14168635,25/10/2025,Macclesfield,South Shields,1.92917,0.73874,1.00055,0.43663,53.236,13.555,33.209
14168665,04/11/2025,Macclesfield,Peterborough,2.08103,0.69716,1.90055,0.92166,61.974,15.845,22.181
14168669,08/11/2025,Macclesfield,Telford,1.51787,1.12484,0.99421,0.77303,38.686,25.585,35.729
14168708,29/11/2025,Macclesfield,Scarborough,0.9829,1.76362,1.17161,1.66267,24.314,50.338,25.348
14168739,26/12/2025,Macclesfield,Buxton,1.32008,1.33943,0.88102,0.90551,32.653,33.298,34.049
15122242,06/01/2026,Macclesfield,Radcliffe,1.50598,1.23937,1.68837,1.48621,41.711,32.824,25.465
14168793,17/01/2026,Macclesfield,Oxford,2.72145,0.17091,2.1802,0.28368,87.127,2.109,10.764
14168827,31/01/2026,Macclesfield,Bedford,1.37695,1.30876,1.25759,1.19298,35.422,33.149,31.429
14168487,09/08/2025,Macclesfield,Worksop,1.8679,0.92155,2.79407,2.03974,55.245,23.7,21.055
14168509,23/08/2025,Macclesfield,Alfreton,0.36067,2.50252,0.94364,2.68904,7.462,78.857,13.681
14168538,30/08/2025,Macclesfield,Darlington,1.20692,1.51298,1.23388,1.44078,30.894,41.096,28.01
14168548,02/09/2025,Macclesfield,Merthyr,0.38471,2.42864,0.50058,1.857,6.602,74.733,18.665
14168583,04/10/2025,Macclesfield,Marine,1.14875,1.4351,0.53117,0.68099,24.42,33.965,41.615
14168615,18/10/2025,Macclesfield,Curzon Ashton,1.14685,1.58551,1.18871,1.4724,29.307,43.929,26.764
14168635,25/10/2025,Macclesfield,South Shields,1.92917,0.73874,1.00055,0.43663,53.236,13.555,33.209
14168665,04/11/2025,Macclesfield,Peterborough,2.08103,0.69716,1.90055,0.92166,61.974,15.845,22.181
14168669,08/11/2025,Macclesfield,Telford,1.51787,1.12484,0.99421,0.77303,38.686,25.585,35.729
14168708,29/11/2025,Macclesfield,Scarborough,0.9829,1.76362,1.17161,1.66267,24.314,50.338,25.348
14168739,26/12/2025,Macclesfield,Buxton,1.32008,1.33943,0.88102,0.90551,32.653,33.298,34.049
15122242,06/01/2026,Macclesfield,Radcliffe,1.50598,1.23937,1.68837,1.48621,41.711,32.824,25.465
14168793,17/01/2026,Macclesfield,Oxford,2.72145,0.17091,2.1802,0.28368,87.127,2.109,10.764
14168827,31/01/2026,Macclesfield,Bedford,1.37695,1.30876,1.25759,1.19298,35.422,33.149,31.429
15227997,03/02/2026,Macclesfield,Kidderminster,2.5427,0.33287,3.61976,1.71003,80.609,6.948,12.443
14168487,09/08/2025,Macclesfield,Worksop,1.8679,0.92155,2.79407,2.03974,55.245,23.7,21.055
14168509,23/08/2025,Macclesfield,Alfreton,0.36067,2.50252,0.94364,2.68904,7.462,78.857,13.681
14168538,30/08/2025,Macclesfield,Darlington,1.20692,1.51298,1.23388,1.44078,30.894,41.096,28.01
14168548,02/09/2025,Macclesfield,Merthyr,0.38471,2.42864,0.50058,1.857,6.602,74.733,18.665
14168583,04/10/2025,Macclesfield,Marine,1.14875,1.4351,0.53117,0.68099,24.42,33.965,41.615
14168615,18/10/2025,Macclesfield,Curzon Ashton,1.14685,1.58551,1.18871,1.4724,29.307,43.929,26.764
14168635,25/10/2025,Macclesfield,South Shields,1.92917,0.73874,1.00055,0.43663,53.236,13.555,33.209
14168665,04/11/2025,Macclesfield,Peterborough,2.08103,0.69716,1.90055,0.92166,61.974,15.845,22.181
14168669,08/11/2025,Macclesfield,Telford,1.51787,1.12484,0.99421,0.77303,38.686,25.585,35.729
14168708,29/11/2025,Macclesfield,Scarborough,0.9829,1.76362,1.17161,1.66267,24.314,50.338,25.348
14168739,26/12/2025,Macclesfield,Buxton,1.32008,1.33943,0.88102,0.90551,32.653,33.298,34.049
15122242,06/01/2026,Macclesfield,Radcliffe,1.50598,1.23937,1.68837,1.48621,41.711,32.824,25.465
14168793,17/01/2026,Macclesfield,Oxford,2.72145,0.17091,2.1802,0.28368,87.127,2.109,10.764
14168827,31/01/2026,Macclesfield,Bedford,1.37695,1.30876,1.25759,1.19298,35.422,33.149,31.429
15227997,03/02/2026,Macclesfield,Kidderminster,2.5427,0.33287,3.61976,1.71003,80.609,6.948,12.443
14168852,10/02/2026,Macclesfield,Leamington,2.38081,0.39523,1.49857,0.28695,71.895,5.709,22.396
14168487,09/08/2025,Macclesfield,Worksop,1.8679,0.92155,2.79407,2.03974,55.245,23.7,21.055
14168509,23/08/2025,Macclesfield,Alfreton,0.36067,2.50252,0.94364,2.68904,7.462,78.857,13.681
14168538,30/08/2025,Macclesfield,Darlington,1.20692,1.51298,1.23388,1.44078,30.894,41.096,28.01
14168548,02/09/2025,Macclesfield,Merthyr,0.38471,2.42864,0.50058,1.857,6.602,74.733,18.665
14168583,04/10/2025,Macclesfield,Marine,1.14875,1.4351,0.53117,0.68099,24.42,33.965,41.615
14168615,18/10/2025,Macclesfield,Curzon Ashton,1.14685,1.58551,1.18871,1.4724,29.307,43.929,26.764
14168635,25/10/2025,Macclesfield,South Shields,1.92917,0.73874,1.00055,0.43663,53.236,13.555,33.209
14168665,04/11/2025,Macclesfield,Peterborough,2.08103,0.69716,1.90055,0.92166,61.974,15.845,22.181
14168669,08/11/2025,Macclesfield,Telford,1.51787,1.12484,0.99421,0.77303,38.686,25.585,35.729
14168708,29/11/2025,Macclesfield,Scarborough,0.9829,1.76362,1.17161,1.66267,24.314,50.338,25.348
14168739,26/12/2025,Macclesfield,Buxton,1.32008,1.33943,0.88102,0.90551,32.653,33.298,34.049
15122242,06/01/2026,Macclesfield,Radcliffe,1.50598,1.23937,1.68837,1.48621,41.711,32.824,25.465
14168793,17/01/2026,Macclesfield,Oxford,2.72145,0.17091,2.1802,0.28368,87.127,2.109,10.764
14168827,31/01/2026,Macclesfield,Bedford,1.37695,1.30876,1.25759,1.19298,35.422,33.149,31.429
15227997,03/02/2026,Macclesfield,Kidderminster,2.5427,0.33287,3.61976,1.71003,80.609,6.948,12.443
14168852,10/02/2026,Macclesfield,Leamington,2.38081,0.39523,1.49857,0.28695,71.895,5.709,22.396
14168872,21/02/2026,Macclesfield,King's Lynn,2.64579,0.23043,2.45032,0.52044,84.067,3.555,12.378
14168487,09/08/2025,Macclesfield,Worksop,1.8679,0.92155,2.79407,2.03974,55.245,23.7,21.055
14168509,23/08/2025,Macclesfield,Alfreton,0.36067,2.50252,0.94364,2.68904,7.462,78.857,13.681
14168538,30/08/2025,Macclesfield,Darlington,1.20692,1.51298,1.23388,1.44078,30.894,41.096,28.01
14168548,02/09/2025,Macclesfield,Merthyr,0.38471,2.42864,0.50058,1.857,6.602,74.733,18.665
14168583,04/10/2025,Macclesfield,Marine,1.14875,1.4351,0.53117,0.68099,24.42,33.965,41.615
14168615,18/10/2025,Macclesfield,Curzon Ashton,1.14685,1.58551,1.18871,1.4724,29.307,43.929,26.764
14168635,25/10/2025,Macclesfield,South Shields,1.92917,0.73874,1.00055,0.43663,53.236,13.555,33.209
14168665,04/11/2025,Macclesfield,Peterborough,2.08103,0.69716,1.90055,0.92166,61.974,15.845,22.181
14168669,08/11/2025,Macclesfield,Telford,1.51787,1.12484,0.99421,0.77303,38.686,25.585,35.729
14168708,29/11/2025,Macclesfield,Scarborough,0.9829,1.76362,1.17161,1.66267,24.314,50.338,25.348
14168739,26/12/2025,Macclesfield,Buxton,1.32008,1.33943,0.88102,0.90551,32.653,33.298,34.049
15122242,06/01/2026,Macclesfield,Radcliffe,1.50598,1.23937,1.68837,1.48621,41.711,32.824,25.465
14168793,17/01/2026,Macclesfield,Oxford,2.72145,0.17091,2.1802,0.28368,87.127,2.109,10.764
14168827,31/01/2026,Macclesfield,Bedford,1.37695,1.30876,1.25759,1.19298,35.422,33.149,31.429
15227997,03/02/2026,Macclesfield,Kidderminster,2.5427,0.33287,3.61976,1.71003,80.609,6.948,12.443
14168852,10/02/2026,Macclesfield,Leamington,2.38081,0.39523,1.49857,0.28695,71.895,5.709,22.396
14168872,21/02/2026,Macclesfield,King's Lynn,2.64579,0.23043,2.45032,0.52044,84.067,3.555,12.378
14168883,24/02/2026,Macclesfield,Fylde,0.76214,1.96169,0.6819,1.34738,16.199,56.184,27.617
14168487,09/08/2025,Macclesfield,Worksop,1.8679,0.92155,2.79407,2.03974,55.245,23.7,21.055
14168509,23/08/2025,Macclesfield,Alfreton,0.36067,2.50252,0.94364,2.68904,7.462,78.857,13.681
14168538,30/08/2025,Macclesfield,Darlington,1.20692,1.51298,1.23388,1.44078,30.894,41.096,28.01
14168548,02/09/2025,Macclesfield,Merthyr,0.38471,2.42864,0.50058,1.857,6.602,74.733,18.665
14168583,04/10/2025,Macclesfield,Marine,1.14875,1.4351,0.53117,0.68099,24.42,33.965,41.615
14168615,18/10/2025,Macclesfield,Curzon Ashton,1.14685,1.58551,1.18871,1.4724,29.307,43.929,26.764
14168635,25/10/2025,Macclesfield,South Shields,1.92917,0.73874,1.00055,0.43663,53.236,13.555,33.209
14168665,04/11/2025,Macclesfield,Peterborough,2.08103,0.69716,1.90055,0.92166,61.974,15.845,22.181
14168669,08/11/2025,Macclesfield,Telford,1.51787,1.12484,0.99421,0.77303,38.686,25.585,35.729
14168708,29/11/2025,Macclesfield,Scarborough,0.9829,1.76362,1.17161,1.66267,24.314,50.338,25.348
14168739,26/12/2025,Macclesfield,Buxton,1.32008,1.33943,0.88102,0.90551,32.653,33.298,34.049
15122242,06/01/2026,Macclesfield,Radcliffe,1.50598,1.23937,1.68837,1.48621,41.711,32.824,25.465
14168793,17/01/2026,Macclesfield,Oxford,2.72145,0.17091,2.1802,0.28368,87.127,2.109,10.764
14168827,31/01/2026,Macclesfield,Bedford,1.37695,1.30876,1.25759,1.19298,35.422,33.149,31.429
15227997,03/02/2026,Macclesfield,Kidderminster,2.5427,0.33287,3.61976,1.71003,80.609,6.948,12.443
14168852,10/02/2026,Macclesfield,Leamington,2.38081,0.39523,1.49857,0.28695,71.895,5.709,22.396
14168872,21/02/2026,Macclesfield,King's Lynn,2.64579,0.23043,2.45032,0.52044,84.067,3.555,12.378
14168883,24/02/2026,Macclesfield,Fylde,0.76214,1.96169,0.6819,1.34738,16.199,56.184,27.617
14168908,07/03/2026,Macclesfield,Chorley,1.47756,1.1748,1.24366,1.00453,37.664,27.572,34.764
14168487,09/08/2025,Macclesfield,Worksop,1.8679,0.92155,2.79407,2.03974,55.245,23.7,21.055
14168509,23/08/2025,Macclesfield,Alfreton,0.36067,2.50252,0.94364,2.68904,7.462,78.857,13.681
14168538,30/08/2025,Macclesfield,Darlington,1.20692,1.51298,1.23388,1.44078,30.894,41.096,28.01
14168548,02/09/2025,Macclesfield,Merthyr,0.38471,2.42864,0.50058,1.857,6.602,74.733,18.665
14168583,04/10/2025,Macclesfield,Marine,1.14875,1.4351,0.53117,0.68099,24.42,33.965,41.615
14168615,18/10/2025,Macclesfield,Curzon Ashton,1.14685,1.58551,1.18871,1.4724,29.307,43.929,26.764
14168635,25/10/2025,Macclesfield,South Shields,1.92917,0.73874,1.00055,0.43663,53.236,13.555,33.209
14168665,04/11/2025,Macclesfield,Peterborough,2.08103,0.69716,1.90055,0.92166,61.974,15.845,22.181
14168669,08/11/2025,Macclesfield,Telford,1.51787,1.12484,0.99421,0.77303,38.686,25.585,35.729
14168708,29/11/2025,Macclesfield,Scarborough,0.9829,1.76362,1.17161,1.66267,24.314,50.338,25.348
14168739,26/12/2025,Macclesfield,Buxton,1.32008,1.33943,0.88102,0.90551,32.653,33.298,34.049
15122242,06/01/2026,Macclesfield,Radcliffe,1.50598,1.23937,1.68837,1.48621,41.711,32.824,25.465
14168793,17/01/2026,Macclesfield,Oxford,2.72145,0.17091,2.1802,0.28368,87.127,2.109,10.764
14168827,31/01/2026,Macclesfield,Bedford,1.37695,1.30876,1.25759,1.19298,35.422,33.149,31.429
15227997,03/02/2026,Macclesfield,Kidderminster,2.5427,0.33287,3.61976,1.71003,80.609,6.948,12.443
14168852,10/02/2026,Macclesfield,Leamington,2.38081,0.39523,1.49857,0.28695,71.895,5.709,22.396
14168872,21/02/2026,Macclesfield,King's Lynn,2.64579,0.23043,2.45032,0.52044,84.067,3.555,12.378
14168883,24/02/2026,Macclesfield,Fylde,0.76214,1.96169,0.6819,1.34738,16.199,56.184,27.617
14168908,07/03/2026,Macclesfield,Chorley,1.47756,1.1748,1.24366,1.00453,37.664,27.572,34.764
14168943,21/03/2026,Macclesfield,Hereford,2.41578,0.42516,2.44374,0.92582,75.224,8.87,15.906
14168472,16/08/2025,Marine,Buxton,1.56551,1.13216,1.51104,1.25244,42.106,27.661,30.233
14168472,16/08/2025,Marine,Buxton,1.56551,1.13216,1.51104,1.25244,42.106,27.661,30.233
14168510,23/08/2025,Marine,Bedford,0.50201,2.27915,0.58849,1.66008,9.439,68.677,21.884
14168472,16/08/2025,Marine,Buxton,1.56551,1.13216,1.51104,1.25244,42.106,27.661,30.233
14168510,23/08/2025,Marine,Bedford,0.50201,2.27915,0.58849,1.66008,9.439,68.677,21.884
14168541,30/08/2025,Marine,Peterborough,1.03428,1.67772,0.94412,1.34276,24.876,46.324,28.8
14168472,16/08/2025,Marine,Buxton,1.56551,1.13216,1.51104,1.25244,42.106,27.661,30.233
14168510,23/08/2025,Marine,Bedford,0.50201,2.27915,0.58849,1.66008,9.439,68.677,21.884
14168541,30/08/2025,Marine,Peterborough,1.03428,1.67772,0.94412,1.34276,24.876,46.324,28.8
14168549,02/09/2025,Marine,Darlington,0.55014,2.25474,0.86034,2.07284,11.834,68.654,19.512
14168472,16/08/2025,Marine,Buxton,1.56551,1.13216,1.51104,1.25244,42.106,27.661,30.233
14168510,23/08/2025,Marine,Bedford,0.50201,2.27915,0.58849,1.66008,9.439,68.677,21.884
14168541,30/08/2025,Marine,Peterborough,1.03428,1.67772,0.94412,1.34276,24.876,46.324,28.8
14168549,02/09/2025,Marine,Darlington,0.55014,2.25474,0.86034,2.07284,11.834,68.654,19.512
14168577,20/09/2025,Marine,King's Lynn,0.42628,2.2612,0.12535,0.96893,3.792,64.956,31.252
14168472,16/08/2025,Marine,Buxton,1.56551,1.13216,1.51104,1.25244,42.106,27.661,30.233
14168510,23/08/2025,Marine,Bedford,0.50201,2.27915,0.58849,1.66008,9.439,68.677,21.884
14168541,30/08/2025,Marine,Peterborough,1.03428,1.67772,0.94412,1.34276,24.876,46.324,28.8
14168549,02/09/2025,Marine,Darlington,0.55014,2.25474,0.86034,2.07284,11.834,68.654,19.512
14168577,20/09/2025,Marine,King's Lynn,0.42628,2.2612,0.12535,0.96893,3.792,64.956,31.252
14168619,11/10/2025,Marine,Curzon Ashton,1.2297,1.51551,1.49586,1.71376,32.497,42.024,25.479
14168472,16/08/2025,Marine,Buxton,1.56551,1.13216,1.51104,1.25244,42.106,27.661,30.233
14168510,23/08/2025,Marine,Bedford,0.50201,2.27915,0.58849,1.66008,9.439,68.677,21.884
14168541,30/08/2025,Marine,Peterborough,1.03428,1.67772,0.94412,1.34276,24.876,46.324,28.8
14168549,02/09/2025,Marine,Darlington,0.55014,2.25474,0.86034,2.07284,11.834,68.654,19.512
14168577,20/09/2025,Marine,King's Lynn,0.42628,2.2612,0.12535,0.96893,3.792,64.956,31.252
14168619,11/10/2025,Marine,Curzon Ashton,1.2297,1.51551,1.49586,1.71376,32.497,42.024,25.479
14168642,01/11/2025,Marine,Fylde,0.98921,1.7288,0.97888,1.41177,23.574,48.227,28.199
14168472,16/08/2025,Marine,Buxton,1.56551,1.13216,1.51104,1.25244,42.106,27.661,30.233
14168510,23/08/2025,Marine,Bedford,0.50201,2.27915,0.58849,1.66008,9.439,68.677,21.884
14168541,30/08/2025,Marine,Peterborough,1.03428,1.67772,0.94412,1.34276,24.876,46.324,28.8
14168549,02/09/2025,Marine,Darlington,0.55014,2.25474,0.86034,2.07284,11.834,68.654,19.512
14168577,20/09/2025,Marine,King's Lynn,0.42628,2.2612,0.12535,0.96893,3.792,64.956,31.252
14168619,11/10/2025,Marine,Curzon Ashton,1.2297,1.51551,1.49586,1.71376,32.497,42.024,25.479
14168642,01/11/2025,Marine,Fylde,0.98921,1.7288,0.97888,1.41177,23.574,48.227,28.199
14837164,11/11/2025,Marine,Telford,1.73517,1.00368,1.5367,1.05481,49.134,24.751,26.115
14168472,16/08/2025,Marine,Buxton,1.56551,1.13216,1.51104,1.25244,42.106,27.661,30.233
14168510,23/08/2025,Marine,Bedford,0.50201,2.27915,0.58849,1.66008,9.439,68.677,21.884
14168541,30/08/2025,Marine,Peterborough,1.03428,1.67772,0.94412,1.34276,24.876,46.324,28.8
14168549,02/09/2025,Marine,Darlington,0.55014,2.25474,0.86034,2.07284,11.834,68.654,19.512
14168577,20/09/2025,Marine,King's Lynn,0.42628,2.2612,0.12535,0.96893,3.792,64.956,31.252
14168619,11/10/2025,Marine,Curzon Ashton,1.2297,1.51551,1.49586,1.71376,32.497,42.024,25.479
14168642,01/11/2025,Marine,Fylde,0.98921,1.7288,0.97888,1.41177,23.574,48.227,28.199
14837164,11/11/2025,Marine,Telford,1.73517,1.00368,1.5367,1.05481,49.134,24.751,26.115
14168680,22/11/2025,Marine,Oxford,2.82733,0.10498,2.64565,0.25984,91.988,1.243,6.769
14168472,16/08/2025,Marine,Buxton,1.56551,1.13216,1.51104,1.25244,42.106,27.661,30.233
14168510,23/08/2025,Marine,Bedford,0.50201,2.27915,0.58849,1.66008,9.439,68.677,21.884
14168541,30/08/2025,Marine,Peterborough,1.03428,1.67772,0.94412,1.34276,24.876,46.324,28.8
14168549,02/09/2025,Marine,Darlington,0.55014,2.25474,0.86034,2.07284,11.834,68.654,19.512
14168577,20/09/2025,Marine,King's Lynn,0.42628,2.2612,0.12535,0.96893,3.792,64.956,31.252
14168619,11/10/2025,Marine,Curzon Ashton,1.2297,1.51551,1.49586,1.71376,32.497,42.024,25.479
14168642,01/11/2025,Marine,Fylde,0.98921,1.7288,0.97888,1.41177,23.574,48.227,28.199
14837164,11/11/2025,Marine,Telford,1.73517,1.00368,1.5367,1.05481,49.134,24.751,26.115
14168680,22/11/2025,Marine,Oxford,2.82733,0.10498,2.64565,0.25984,91.988,1.243,6.769
14168692,25/11/2025,Marine,Kidderminster,1.66515,0.98541,0.94047,0.60261,43.857,21.199,34.944
14168472,16/08/2025,Marine,Buxton,1.56551,1.13216,1.51104,1.25244,42.106,27.661,30.233
14168510,23/08/2025,Marine,Bedford,0.50201,2.27915,0.58849,1.66008,9.439,68.677,21.884
14168541,30/08/2025,Marine,Peterborough,1.03428,1.67772,0.94412,1.34276,24.876,46.324,28.8
14168549,02/09/2025,Marine,Darlington,0.55014,2.25474,0.86034,2.07284,11.834,68.654,19.512
14168577,20/09/2025,Marine,King's Lynn,0.42628,2.2612,0.12535,0.96893,3.792,64.956,31.252
14168619,11/10/2025,Marine,Curzon Ashton,1.2297,1.51551,1.49586,1.71376,32.497,42.024,25.479
14168642,01/11/2025,Marine,Fylde,0.98921,1.7288,0.97888,1.41177,23.574,48.227,28.199
14837164,11/11/2025,Marine,Telford,1.73517,1.00368,1.5367,1.05481,49.134,24.751,26.115
14168680,22/11/2025,Marine,Oxford,2.82733,0.10498,2.64565,0.25984,91.988,1.243,6.769
14168692,25/11/2025,Marine,Kidderminster,1.66515,0.98541,0.94047,0.60261,43.857,21.199,34.944
14168717,06/12/2025,Marine,Spennymoor,0.4019,2.4044,0.45538,1.79474,6.94,73.69,19.37
14168472,16/08/2025,Marine,Buxton,1.56551,1.13216,1.51104,1.25244,42.106,27.661,30.233
14168510,23/08/2025,Marine,Bedford,0.50201,2.27915,0.58849,1.66008,9.439,68.677,21.884
14168541,30/08/2025,Marine,Peterborough,1.03428,1.67772,0.94412,1.34276,24.876,46.324,28.8
14168549,02/09/2025,Marine,Darlington,0.55014,2.25474,0.86034,2.07284,11.834,68.654,19.512
14168577,20/09/2025,Marine,King's Lynn,0.42628,2.2612,0.12535,0.96893,3.792,64.956,31.252
14168619,11/10/2025,Marine,Curzon Ashton,1.2297,1.51551,1.49586,1.71376,32.497,42.024,25.479
14168642,01/11/2025,Marine,Fylde,0.98921,1.7288,0.97888,1.41177,23.574,48.227,28.199
14837164,11/11/2025,Marine,Telford,1.73517,1.00368,1.5367,1.05481,49.134,24.751,26.115
14168680,22/11/2025,Marine,Oxford,2.82733,0.10498,2.64565,0.25984,91.988,1.243,6.769
14168692,25/11/2025,Marine,Kidderminster,1.66515,0.98541,0.94047,0.60261,43.857,21.199,34.944
14168717,06/12/2025,Marine,Spennymoor,0.4019,2.4044,0.45538,1.79474,6.94,73.69,19.37
14168741,26/12/2025,Marine,Southport,1.94844,0.64548,0.7923,0.19561,51.412,7.98,40.608
14168472,16/08/2025,Marine,Buxton,1.56551,1.13216,1.51104,1.25244,42.106,27.661,30.233
14168510,23/08/2025,Marine,Bedford,0.50201,2.27915,0.58849,1.66008,9.439,68.677,21.884
14168541,30/08/2025,Marine,Peterborough,1.03428,1.67772,0.94412,1.34276,24.876,46.324,28.8
14168549,02/09/2025,Marine,Darlington,0.55014,2.25474,0.86034,2.07284,11.834,68.654,19.512
14168577,20/09/2025,Marine,King's Lynn,0.42628,2.2612,0.12535,0.96893,3.792,64.956,31.252
14168619,11/10/2025,Marine,Curzon Ashton,1.2297,1.51551,1.49586,1.71376,32.497,42.024,25.479
14168642,01/11/2025,Marine,Fylde,0.98921,1.7288,0.97888,1.41177,23.574,48.227,28.199
14837164,11/11/2025,Marine,Telford,1.73517,1.00368,1.5367,1.05481,49.134,24.751,26.115
14168680,22/11/2025,Marine,Oxford,2.82733,0.10498,2.64565,0.25984,91.988,1.243,6.769
14168692,25/11/2025,Marine,Kidderminster,1.66515,0.98541,0.94047,0.60261,43.857,21.199,34.944
14168717,06/12/2025,Marine,Spennymoor,0.4019,2.4044,0.45538,1.79474,6.94,73.69,19.37
14168741,26/12/2025,Marine,Southport,1.94844,0.64548,0.7923,0.19561,51.412,7.98,40.608
15234057,20/01/2026,Marine,Radcliffe,2.80483,0.12064,2.68681,0.46775,91.01,1.537,7.453
14168472,16/08/2025,Marine,Buxton,1.56551,1.13216,1.51104,1.25244,42.106,27.661,30.233
14168510,23/08/2025,Marine,Bedford,0.50201,2.27915,0.58849,1.66008,9.439,68.677,21.884
14168541,30/08/2025,Marine,Peterborough,1.03428,1.67772,0.94412,1.34276,24.876,46.324,28.8
14168549,02/09/2025,Marine,Darlington,0.55014,2.25474,0.86034,2.07284,11.834,68.654,19.512
14168577,20/09/2025,Marine,King's Lynn,0.42628,2.2612,0.12535,0.96893,3.792,64.956,31.252
14168619,11/10/2025,Marine,Curzon Ashton,1.2297,1.51551,1.49586,1.71376,32.497,42.024,25.479
14168642,01/11/2025,Marine,Fylde,0.98921,1.7288,0.97888,1.41177,23.574,48.227,28.199
14837164,11/11/2025,Marine,Telford,1.73517,1.00368,1.5367,1.05481,49.134,24.751,26.115
14168680,22/11/2025,Marine,Oxford,2.82733,0.10498,2.64565,0.25984,91.988,1.243,6.769
14168692,25/11/2025,Marine,Kidderminster,1.66515,0.98541,0.94047,0.60261,43.857,21.199,34.944
14168717,06/12/2025,Marine,Spennymoor,0.4019,2.4044,0.45538,1.79474,6.94,73.69,19.37
14168741,26/12/2025,Marine,Southport,1.94844,0.64548,0.7923,0.19561,51.412,7.98,40.608
15234057,20/01/2026,Marine,Radcliffe,2.80483,0.12064,2.68681,0.46775,91.01,1.537,7.453
14168797,24/01/2026,Marine,South Shields,1.68842,0.96962,1.0171,0.67901,44.882,20.922,34.196
14168472,16/08/2025,Marine,Buxton,1.56551,1.13216,1.51104,1.25244,42.106,27.661,30.233
14168510,23/08/2025,Marine,Bedford,0.50201,2.27915,0.58849,1.66008,9.439,68.677,21.884
14168541,30/08/2025,Marine,Peterborough,1.03428,1.67772,0.94412,1.34276,24.876,46.324,28.8
14168549,02/09/2025,Marine,Darlington,0.55014,2.25474,0.86034,2.07284,11.834,68.654,19.512
14168577,20/09/2025,Marine,King's Lynn,0.42628,2.2612,0.12535,0.96893,3.792,64.956,31.252
14168619,11/10/2025,Marine,Curzon Ashton,1.2297,1.51551,1.49586,1.71376,32.497,42.024,25.479
14168642,01/11/2025,Marine,Fylde,0.98921,1.7288,0.97888,1.41177,23.574,48.227,28.199
14837164,11/11/2025,Marine,Telford,1.73517,1.00368,1.5367,1.05481,49.134,24.751,26.115
14168680,22/11/2025,Marine,Oxford,2.82733,0.10498,2.64565,0.25984,91.988,1.243,6.769
14168692,25/11/2025,Marine,Kidderminster,1.66515,0.98541,0.94047,0.60261,43.857,21.199,34.944
14168717,06/12/2025,Marine,Spennymoor,0.4019,2.4044,0.45538,1.79474,6.94,73.69,19.37
14168741,26/12/2025,Marine,Southport,1.94844,0.64548,0.7923,0.19561,51.412,7.98,40.608
15234057,20/01/2026,Marine,Radcliffe,2.80483,0.12064,2.68681,0.46775,91.01,1.537,7.453
14168797,24/01/2026,Marine,South Shields,1.68842,0.96962,1.0171,0.67901,44.882,20.922,34.196
14168810,27/01/2026,Marine,Chester,2.66087,0.20465,1.90449,0.22592,84.213,2.339,13.448
14168472,16/08/2025,Marine,Buxton,1.56551,1.13216,1.51104,1.25244,42.106,27.661,30.233
14168510,23/08/2025,Marine,Bedford,0.50201,2.27915,0.58849,1.66008,9.439,68.677,21.884
14168541,30/08/2025,Marine,Peterborough,1.03428,1.67772,0.94412,1.34276,24.876,46.324,28.8
14168549,02/09/2025,Marine,Darlington,0.55014,2.25474,0.86034,2.07284,11.834,68.654,19.512
14168577,20/09/2025,Marine,King's Lynn,0.42628,2.2612,0.12535,0.96893,3.792,64.956,31.252
14168619,11/10/2025,Marine,Curzon Ashton,1.2297,1.51551,1.49586,1.71376,32.497,42.024,25.479
14168642,01/11/2025,Marine,Fylde,0.98921,1.7288,0.97888,1.41177,23.574,48.227,28.199
14837164,11/11/2025,Marine,Telford,1.73517,1.00368,1.5367,1.05481,49.134,24.751,26.115
14168680,22/11/2025,Marine,Oxford,2.82733,0.10498,2.64565,0.25984,91.988,1.243,6.769
14168692,25/11/2025,Marine,Kidderminster,1.66515,0.98541,0.94047,0.60261,43.857,21.199,34.944
14168717,06/12/2025,Marine,Spennymoor,0.4019,2.4044,0.45538,1.79474,6.94,73.69,19.37
14168741,26/12/2025,Marine,Southport,1.94844,0.64548,0.7923,0.19561,51.412,7.98,40.608
15234057,20/01/2026,Marine,Radcliffe,2.80483,0.12064,2.68681,0.46775,91.01,1.537,7.453
14168797,24/01/2026,Marine,South Shields,1.68842,0.96962,1.0171,0.67901,44.882,20.922,34.196
14168810,27/01/2026,Marine,Chester,2.66087,0.20465,1.90449,0.22592,84.213,2.339,13.448
14168834,07/02/2026,Marine,Scarborough,0.80628,1.96437,1.23024,2.04275,19.231,57.834,22.935
14168472,16/08/2025,Marine,Buxton,1.56551,1.13216,1.51104,1.25244,42.106,27.661,30.233
14168510,23/08/2025,Marine,Bedford,0.50201,2.27915,0.58849,1.66008,9.439,68.677,21.884
14168541,30/08/2025,Marine,Peterborough,1.03428,1.67772,0.94412,1.34276,24.876,46.324,28.8
14168549,02/09/2025,Marine,Darlington,0.55014,2.25474,0.86034,2.07284,11.834,68.654,19.512
14168577,20/09/2025,Marine,King's Lynn,0.42628,2.2612,0.12535,0.96893,3.792,64.956,31.252
14168619,11/10/2025,Marine,Curzon Ashton,1.2297,1.51551,1.49586,1.71376,32.497,42.024,25.479
14168642,01/11/2025,Marine,Fylde,0.98921,1.7288,0.97888,1.41177,23.574,48.227,28.199
14837164,11/11/2025,Marine,Telford,1.73517,1.00368,1.5367,1.05481,49.134,24.751,26.115
14168680,22/11/2025,Marine,Oxford,2.82733,0.10498,2.64565,0.25984,91.988,1.243,6.769
14168692,25/11/2025,Marine,Kidderminster,1.66515,0.98541,0.94047,0.60261,43.857,21.199,34.944
14168717,06/12/2025,Marine,Spennymoor,0.4019,2.4044,0.45538,1.79474,6.94,73.69,19.37
14168741,26/12/2025,Marine,Southport,1.94844,0.64548,0.7923,0.19561,51.412,7.98,40.608
15234057,20/01/2026,Marine,Radcliffe,2.80483,0.12064,2.68681,0.46775,91.01,1.537,7.453
14168797,24/01/2026,Marine,South Shields,1.68842,0.96962,1.0171,0.67901,44.882,20.922,34.196
14168810,27/01/2026,Marine,Chester,2.66087,0.20465,1.90449,0.22592,84.213,2.339,13.448
14168834,07/02/2026,Marine,Scarborough,0.80628,1.96437,1.23024,2.04275,19.231,57.834,22.935
14168859,14/02/2026,Marine,Leamington,2.32061,0.50387,2.32917,1.00806,71.503,10.945,17.552
14168472,16/08/2025,Marine,Buxton,1.56551,1.13216,1.51104,1.25244,42.106,27.661,30.233
14168510,23/08/2025,Marine,Bedford,0.50201,2.27915,0.58849,1.66008,9.439,68.677,21.884
14168541,30/08/2025,Marine,Peterborough,1.03428,1.67772,0.94412,1.34276,24.876,46.324,28.8
14168549,02/09/2025,Marine,Darlington,0.55014,2.25474,0.86034,2.07284,11.834,68.654,19.512
14168577,20/09/2025,Marine,King's Lynn,0.42628,2.2612,0.12535,0.96893,3.792,64.956,31.252
14168619,11/10/2025,Marine,Curzon Ashton,1.2297,1.51551,1.49586,1.71376,32.497,42.024,25.479
14168642,01/11/2025,Marine,Fylde,0.98921,1.7288,0.97888,1.41177,23.574,48.227,28.199
14837164,11/11/2025,Marine,Telford,1.73517,1.00368,1.5367,1.05481,49.134,24.751,26.115
14168680,22/11/2025,Marine,Oxford,2.82733,0.10498,2.64565,0.25984,91.988,1.243,6.769
14168692,25/11/2025,Marine,Kidderminster,1.66515,0.98541,0.94047,0.60261,43.857,21.199,34.944
14168717,06/12/2025,Marine,Spennymoor,0.4019,2.4044,0.45538,1.79474,6.94,73.69,19.37
14168741,26/12/2025,Marine,Southport,1.94844,0.64548,0.7923,0.19561,51.412,7.98,40.608
15234057,20/01/2026,Marine,Radcliffe,2.80483,0.12064,2.68681,0.46775,91.01,1.537,7.453
14168797,24/01/2026,Marine,South Shields,1.68842,0.96962,1.0171,0.67901,44.882,20.922,34.196
14168810,27/01/2026,Marine,Chester,2.66087,0.20465,1.90449,0.22592,84.213,2.339,13.448
14168834,07/02/2026,Marine,Scarborough,0.80628,1.96437,1.23024,2.04275,19.231,57.834,22.935
14168859,14/02/2026,Marine,Leamington,2.32061,0.50387,2.32917,1.00806,71.503,10.945,17.552
14168921,10/03/2026,Marine,Macclesfield,0.26264,2.61032,0.8648,2.75946,4.52,82.776,12.704
14168472,16/08/2025,Marine,Buxton,1.56551,1.13216,1.51104,1.25244,42.106,27.661,30.233
14168510,23/08/2025,Marine,Bedford,0.50201,2.27915,0.58849,1.66008,9.439,68.677,21.884
14168541,30/08/2025,Marine,Peterborough,1.03428,1.67772,0.94412,1.34276,24.876,46.324,28.8
14168549,02/09/2025,Marine,Darlington,0.55014,2.25474,0.86034,2.07284,11.834,68.654,19.512
14168577,20/09/2025,Marine,King's Lynn,0.42628,2.2612,0.12535,0.96893,3.792,64.956,31.252
14168619,11/10/2025,Marine,Curzon Ashton,1.2297,1.51551,1.49586,1.71376,32.497,42.024,25.479
14168642,01/11/2025,Marine,Fylde,0.98921,1.7288,0.97888,1.41177,23.574,48.227,28.199
14837164,11/11/2025,Marine,Telford,1.73517,1.00368,1.5367,1.05481,49.134,24.751,26.115
14168680,22/11/2025,Marine,Oxford,2.82733,0.10498,2.64565,0.25984,91.988,1.243,6.769
14168692,25/11/2025,Marine,Kidderminster,1.66515,0.98541,0.94047,0.60261,43.857,21.199,34.944
14168717,06/12/2025,Marine,Spennymoor,0.4019,2.4044,0.45538,1.79474,6.94,73.69,19.37
14168741,26/12/2025,Marine,Southport,1.94844,0.64548,0.7923,0.19561,51.412,7.98,40.608
15234057,20/01/2026,Marine,Radcliffe,2.80483,0.12064,2.68681,0.46775,91.01,1.537,7.453
14168797,24/01/2026,Marine,South Shields,1.68842,0.96962,1.0171,0.67901,44.882,20.922,34.196
14168810,27/01/2026,Marine,Chester,2.66087,0.20465,1.90449,0.22592,84.213,2.339,13.448
14168834,07/02/2026,Marine,Scarborough,0.80628,1.96437,1.23024,2.04275,19.231,57.834,22.935
14168859,14/02/2026,Marine,Leamington,2.32061,0.50387,2.32917,1.00806,71.503,10.945,17.552
14168921,10/03/2026,Marine,Macclesfield,0.26264,2.61032,0.8648,2.75946,4.52,82.776,12.704
14168937,14/03/2026,Marine,Worksop,1.18012,1.55266,1.44011,1.67024,30.43,42.848,26.722
14168489,09/08/2025,Merthyr,Southport,0.41507,2.41748,0.70006,2.23036,8.254,75.001,16.745
14168489,09/08/2025,Merthyr,Southport,0.41507,2.41748,0.70006,2.23036,8.254,75.001,16.745
14168501,19/08/2025,Merthyr,Marine,0.05751,2.91297,0.78868,4.40345,0.933,96.115,2.952
14168489,09/08/2025,Merthyr,Southport,0.41507,2.41748,0.70006,2.23036,8.254,75.001,16.745
14168501,19/08/2025,Merthyr,Marine,0.05751,2.91297,0.78868,4.40345,0.933,96.115,2.952
14168525,25/08/2025,Merthyr,Scarborough,1.20576,1.54764,1.65171,1.88645,31.972,43.368,24.66
14168489,09/08/2025,Merthyr,Southport,0.41507,2.41748,0.70006,2.23036,8.254,75.001,16.745
14168501,19/08/2025,Merthyr,Marine,0.05751,2.91297,0.78868,4.40345,0.933,96.115,2.952
14168525,25/08/2025,Merthyr,Scarborough,1.20576,1.54764,1.65171,1.88645,31.972,43.368,24.66
14168560,06/09/2025,Merthyr,Worksop,1.93567,0.84748,2.27929,1.48296,57.294,21.021,21.685
14168489,09/08/2025,Merthyr,Southport,0.41507,2.41748,0.70006,2.23036,8.254,75.001,16.745
14168501,19/08/2025,Merthyr,Marine,0.05751,2.91297,0.78868,4.40345,0.933,96.115,2.952
14168525,25/08/2025,Merthyr,Scarborough,1.20576,1.54764,1.65171,1.88645,31.972,43.368,24.66
14168560,06/09/2025,Merthyr,Worksop,1.93567,0.84748,2.27929,1.48296,57.294,21.021,21.685
14168574,20/09/2025,Merthyr,Radcliffe,0.01775,2.96939,0.3012,4.12891,0.163,98.551,1.286
14168489,09/08/2025,Merthyr,Southport,0.41507,2.41748,0.70006,2.23036,8.254,75.001,16.745
14168501,19/08/2025,Merthyr,Marine,0.05751,2.91297,0.78868,4.40345,0.933,96.115,2.952
14168525,25/08/2025,Merthyr,Scarborough,1.20576,1.54764,1.65171,1.88645,31.972,43.368,24.66
14168560,06/09/2025,Merthyr,Worksop,1.93567,0.84748,2.27929,1.48296,57.294,21.021,21.685
14168574,20/09/2025,Merthyr,Radcliffe,0.01775,2.96939,0.3012,4.12891,0.163,98.551,1.286
14168620,21/10/2025,Merthyr,Kidderminster,0.79802,1.85072,0.42203,0.96805,14.892,49.982,35.126
14168489,09/08/2025,Merthyr,Southport,0.41507,2.41748,0.70006,2.23036,8.254,75.001,16.745
14168501,19/08/2025,Merthyr,Marine,0.05751,2.91297,0.78868,4.40345,0.933,96.115,2.952
14168525,25/08/2025,Merthyr,Scarborough,1.20576,1.54764,1.65171,1.88645,31.972,43.368,24.66
14168560,06/09/2025,Merthyr,Worksop,1.93567,0.84748,2.27929,1.48296,57.294,21.021,21.685
14168574,20/09/2025,Merthyr,Radcliffe,0.01775,2.96939,0.3012,4.12891,0.163,98.551,1.286
14168620,21/10/2025,Merthyr,Kidderminster,0.79802,1.85072,0.42203,0.96805,14.892,49.982,35.126
14168640,01/11/2025,Merthyr,Darlington,1.6597,1.05997,1.42433,1.04624,45.979,25.988,28.033
14168489,09/08/2025,Merthyr,Southport,0.41507,2.41748,0.70006,2.23036,8.254,75.001,16.745
14168501,19/08/2025,Merthyr,Marine,0.05751,2.91297,0.78868,4.40345,0.933,96.115,2.952
14168525,25/08/2025,Merthyr,Scarborough,1.20576,1.54764,1.65171,1.88645,31.972,43.368,24.66
14168560,06/09/2025,Merthyr,Worksop,1.93567,0.84748,2.27929,1.48296,57.294,21.021,21.685
14168574,20/09/2025,Merthyr,Radcliffe,0.01775,2.96939,0.3012,4.12891,0.163,98.551,1.286
14168620,21/10/2025,Merthyr,Kidderminster,0.79802,1.85072,0.42203,0.96805,14.892,49.982,35.126
14168640,01/11/2025,Merthyr,Darlington,1.6597,1.05997,1.42433,1.04624,45.979,25.988,28.033
14837162,11/11/2025,Merthyr,South Shields,2.09474,0.65186,1.52917,0.70225,61.378,13.282,25.34
14168489,09/08/2025,Merthyr,Southport,0.41507,2.41748,0.70006,2.23036,8.254,75.001,16.745
14168501,19/08/2025,Merthyr,Marine,0.05751,2.91297,0.78868,4.40345,0.933,96.115,2.952
14168525,25/08/2025,Merthyr,Scarborough,1.20576,1.54764,1.65171,1.88645,31.972,43.368,24.66
14168560,06/09/2025,Merthyr,Worksop,1.93567,0.84748,2.27929,1.48296,57.294,21.021,21.685
14168574,20/09/2025,Merthyr,Radcliffe,0.01775,2.96939,0.3012,4.12891,0.163,98.551,1.286
14168620,21/10/2025,Merthyr,Kidderminster,0.79802,1.85072,0.42203,0.96805,14.892,49.982,35.126
14168640,01/11/2025,Merthyr,Darlington,1.6597,1.05997,1.42433,1.04624,45.979,25.988,28.033
14837162,11/11/2025,Merthyr,South Shields,2.09474,0.65186,1.52917,0.70225,61.378,13.282,25.34
14168681,22/11/2025,Merthyr,Alfreton,2.51913,0.35097,2.96073,1.03053,79.641,7.369,12.99
14168489,09/08/2025,Merthyr,Southport,0.41507,2.41748,0.70006,2.23036,8.254,75.001,16.745
14168501,19/08/2025,Merthyr,Marine,0.05751,2.91297,0.78868,4.40345,0.933,96.115,2.952
14168525,25/08/2025,Merthyr,Scarborough,1.20576,1.54764,1.65171,1.88645,31.972,43.368,24.66
14168560,06/09/2025,Merthyr,Worksop,1.93567,0.84748,2.27929,1.48296,57.294,21.021,21.685
14168574,20/09/2025,Merthyr,Radcliffe,0.01775,2.96939,0.3012,4.12891,0.163,98.551,1.286
14168620,21/10/2025,Merthyr,Kidderminster,0.79802,1.85072,0.42203,0.96805,14.892,49.982,35.126
14168640,01/11/2025,Merthyr,Darlington,1.6597,1.05997,1.42433,1.04624,45.979,25.988,28.033
14837162,11/11/2025,Merthyr,South Shields,2.09474,0.65186,1.52917,0.70225,61.378,13.282,25.34
14168681,22/11/2025,Merthyr,Alfreton,2.51913,0.35097,2.96073,1.03053,79.641,7.369,12.99
14168693,25/11/2025,Merthyr,Leamington,2.5934,0.29963,3.58499,1.34913,82.881,6.422,10.697
14168489,09/08/2025,Merthyr,Southport,0.41507,2.41748,0.70006,2.23036,8.254,75.001,16.745
14168501,19/08/2025,Merthyr,Marine,0.05751,2.91297,0.78868,4.40345,0.933,96.115,2.952
14168525,25/08/2025,Merthyr,Scarborough,1.20576,1.54764,1.65171,1.88645,31.972,43.368,24.66
14168560,06/09/2025,Merthyr,Worksop,1.93567,0.84748,2.27929,1.48296,57.294,21.021,21.685
14168574,20/09/2025,Merthyr,Radcliffe,0.01775,2.96939,0.3012,4.12891,0.163,98.551,1.286
14168620,21/10/2025,Merthyr,Kidderminster,0.79802,1.85072,0.42203,0.96805,14.892,49.982,35.126
14168640,01/11/2025,Merthyr,Darlington,1.6597,1.05997,1.42433,1.04624,45.979,25.988,28.033
14837162,11/11/2025,Merthyr,South Shields,2.09474,0.65186,1.52917,0.70225,61.378,13.282,25.34
14168681,22/11/2025,Merthyr,Alfreton,2.51913,0.35097,2.96073,1.03053,79.641,7.369,12.99
14168693,25/11/2025,Merthyr,Leamington,2.5934,0.29963,3.58499,1.34913,82.881,6.422,10.697
14168729,20/12/2025,Merthyr,Curzon Ashton,2.0201,0.73832,1.74233,0.8661,59.284,16.558,24.158
14168489,09/08/2025,Merthyr,Southport,0.41507,2.41748,0.70006,2.23036,8.254,75.001,16.745
14168501,19/08/2025,Merthyr,Marine,0.05751,2.91297,0.78868,4.40345,0.933,96.115,2.952
14168525,25/08/2025,Merthyr,Scarborough,1.20576,1.54764,1.65171,1.88645,31.972,43.368,24.66
14168560,06/09/2025,Merthyr,Worksop,1.93567,0.84748,2.27929,1.48296,57.294,21.021,21.685
14168574,20/09/2025,Merthyr,Radcliffe,0.01775,2.96939,0.3012,4.12891,0.163,98.551,1.286
14168620,21/10/2025,Merthyr,Kidderminster,0.79802,1.85072,0.42203,0.96805,14.892,49.982,35.126
14168640,01/11/2025,Merthyr,Darlington,1.6597,1.05997,1.42433,1.04624,45.979,25.988,28.033
14837162,11/11/2025,Merthyr,South Shields,2.09474,0.65186,1.52917,0.70225,61.378,13.282,25.34
14168681,22/11/2025,Merthyr,Alfreton,2.51913,0.35097,2.96073,1.03053,79.641,7.369,12.99
14168693,25/11/2025,Merthyr,Leamington,2.5934,0.29963,3.58499,1.34913,82.881,6.422,10.697
14168729,20/12/2025,Merthyr,Curzon Ashton,2.0201,0.73832,1.74233,0.8661,59.284,16.558,24.158
14168754,30/12/2025,Merthyr,Hereford,1.38638,1.38374,1.90943,1.8992,38.55,38.462,22.988
14168489,09/08/2025,Merthyr,Southport,0.41507,2.41748,0.70006,2.23036,8.254,75.001,16.745
14168501,19/08/2025,Merthyr,Marine,0.05751,2.91297,0.78868,4.40345,0.933,96.115,2.952
14168525,25/08/2025,Merthyr,Scarborough,1.20576,1.54764,1.65171,1.88645,31.972,43.368,24.66
14168560,06/09/2025,Merthyr,Worksop,1.93567,0.84748,2.27929,1.48296,57.294,21.021,21.685
14168574,20/09/2025,Merthyr,Radcliffe,0.01775,2.96939,0.3012,4.12891,0.163,98.551,1.286
14168620,21/10/2025,Merthyr,Kidderminster,0.79802,1.85072,0.42203,0.96805,14.892,49.982,35.126
14168640,01/11/2025,Merthyr,Darlington,1.6597,1.05997,1.42433,1.04624,45.979,25.988,28.033
14837162,11/11/2025,Merthyr,South Shields,2.09474,0.65186,1.52917,0.70225,61.378,13.282,25.34
14168681,22/11/2025,Merthyr,Alfreton,2.51913,0.35097,2.96073,1.03053,79.641,7.369,12.99
14168693,25/11/2025,Merthyr,Leamington,2.5934,0.29963,3.58499,1.34913,82.881,6.422,10.697
14168729,20/12/2025,Merthyr,Curzon Ashton,2.0201,0.73832,1.74233,0.8661,59.284,16.558,24.158
14168754,30/12/2025,Merthyr,Hereford,1.38638,1.38374,1.90943,1.8992,38.55,38.462,22.988
14168765,03/01/2026,Merthyr,King's Lynn,2.04531,0.66573,1.27154,0.4716,58.545,12.559,28.896
14168489,09/08/2025,Merthyr,Southport,0.41507,2.41748,0.70006,2.23036,8.254,75.001,16.745
14168501,19/08/2025,Merthyr,Marine,0.05751,2.91297,0.78868,4.40345,0.933,96.115,2.952
14168525,25/08/2025,Merthyr,Scarborough,1.20576,1.54764,1.65171,1.88645,31.972,43.368,24.66
14168560,06/09/2025,Merthyr,Worksop,1.93567,0.84748,2.27929,1.48296,57.294,21.021,21.685
14168574,20/09/2025,Merthyr,Radcliffe,0.01775,2.96939,0.3012,4.12891,0.163,98.551,1.286
14168620,21/10/2025,Merthyr,Kidderminster,0.79802,1.85072,0.42203,0.96805,14.892,49.982,35.126
14168640,01/11/2025,Merthyr,Darlington,1.6597,1.05997,1.42433,1.04624,45.979,25.988,28.033
14837162,11/11/2025,Merthyr,South Shields,2.09474,0.65186,1.52917,0.70225,61.378,13.282,25.34
14168681,22/11/2025,Merthyr,Alfreton,2.51913,0.35097,2.96073,1.03053,79.641,7.369,12.99
14168693,25/11/2025,Merthyr,Leamington,2.5934,0.29963,3.58499,1.34913,82.881,6.422,10.697
14168729,20/12/2025,Merthyr,Curzon Ashton,2.0201,0.73832,1.74233,0.8661,59.284,16.558,24.158
14168754,30/12/2025,Merthyr,Hereford,1.38638,1.38374,1.90943,1.8992,38.55,38.462,22.988
14168765,03/01/2026,Merthyr,King's Lynn,2.04531,0.66573,1.27154,0.4716,58.545,12.559,28.896
14168789,17/01/2026,Merthyr,Peterborough,1.64403,1.04616,1.17889,0.88049,44.474,24.545,30.981
14168489,09/08/2025,Merthyr,Southport,0.41507,2.41748,0.70006,2.23036,8.254,75.001,16.745
14168501,19/08/2025,Merthyr,Marine,0.05751,2.91297,0.78868,4.40345,0.933,96.115,2.952
14168525,25/08/2025,Merthyr,Scarborough,1.20576,1.54764,1.65171,1.88645,31.972,43.368,24.66
14168560,06/09/2025,Merthyr,Worksop,1.93567,0.84748,2.27929,1.48296,57.294,21.021,21.685
14168574,20/09/2025,Merthyr,Radcliffe,0.01775,2.96939,0.3012,4.12891,0.163,98.551,1.286
14168620,21/10/2025,Merthyr,Kidderminster,0.79802,1.85072,0.42203,0.96805,14.892,49.982,35.126
14168640,01/11/2025,Merthyr,Darlington,1.6597,1.05997,1.42433,1.04624,45.979,25.988,28.033
14837162,11/11/2025,Merthyr,South Shields,2.09474,0.65186,1.52917,0.70225,61.378,13.282,25.34
14168681,22/11/2025,Merthyr,Alfreton,2.51913,0.35097,2.96073,1.03053,79.641,7.369,12.99
14168693,25/11/2025,Merthyr,Leamington,2.5934,0.29963,3.58499,1.34913,82.881,6.422,10.697
14168729,20/12/2025,Merthyr,Curzon Ashton,2.0201,0.73832,1.74233,0.8661,59.284,16.558,24.158
14168754,30/12/2025,Merthyr,Hereford,1.38638,1.38374,1.90943,1.8992,38.55,38.462,22.988
14168765,03/01/2026,Merthyr,King's Lynn,2.04531,0.66573,1.27154,0.4716,58.545,12.559,28.896
14168789,17/01/2026,Merthyr,Peterborough,1.64403,1.04616,1.17889,0.88049,44.474,24.545,30.981
14168811,27/01/2026,Merthyr,Telford,1.16734,1.56337,1.30855,1.58689,29.935,43.136,26.929
14168489,09/08/2025,Merthyr,Southport,0.41507,2.41748,0.70006,2.23036,8.254,75.001,16.745
14168501,19/08/2025,Merthyr,Marine,0.05751,2.91297,0.78868,4.40345,0.933,96.115,2.952
14168525,25/08/2025,Merthyr,Scarborough,1.20576,1.54764,1.65171,1.88645,31.972,43.368,24.66
14168560,06/09/2025,Merthyr,Worksop,1.93567,0.84748,2.27929,1.48296,57.294,21.021,21.685
14168574,20/09/2025,Merthyr,Radcliffe,0.01775,2.96939,0.3012,4.12891,0.163,98.551,1.286
14168620,21/10/2025,Merthyr,Kidderminster,0.79802,1.85072,0.42203,0.96805,14.892,49.982,35.126
14168640,01/11/2025,Merthyr,Darlington,1.6597,1.05997,1.42433,1.04624,45.979,25.988,28.033
14837162,11/11/2025,Merthyr,South Shields,2.09474,0.65186,1.52917,0.70225,61.378,13.282,25.34
14168681,22/11/2025,Merthyr,Alfreton,2.51913,0.35097,2.96073,1.03053,79.641,7.369,12.99
14168693,25/11/2025,Merthyr,Leamington,2.5934,0.29963,3.58499,1.34913,82.881,6.422,10.697
14168729,20/12/2025,Merthyr,Curzon Ashton,2.0201,0.73832,1.74233,0.8661,59.284,16.558,24.158
14168754,30/12/2025,Merthyr,Hereford,1.38638,1.38374,1.90943,1.8992,38.55,38.462,22.988
14168765,03/01/2026,Merthyr,King's Lynn,2.04531,0.66573,1.27154,0.4716,58.545,12.559,28.896
14168789,17/01/2026,Merthyr,Peterborough,1.64403,1.04616,1.17889,0.88049,44.474,24.545,30.981
14168811,27/01/2026,Merthyr,Telford,1.16734,1.56337,1.30855,1.58689,29.935,43.136,26.929
14168836,07/02/2026,Merthyr,Chorley,0.28202,2.61416,1.396,3.74216,5.94,83.678,10.382
14168489,09/08/2025,Merthyr,Southport,0.41507,2.41748,0.70006,2.23036,8.254,75.001,16.745
14168501,19/08/2025,Merthyr,Marine,0.05751,2.91297,0.78868,4.40345,0.933,96.115,2.952
14168525,25/08/2025,Merthyr,Scarborough,1.20576,1.54764,1.65171,1.88645,31.972,43.368,24.66
14168560,06/09/2025,Merthyr,Worksop,1.93567,0.84748,2.27929,1.48296,57.294,21.021,21.685
14168574,20/09/2025,Merthyr,Radcliffe,0.01775,2.96939,0.3012,4.12891,0.163,98.551,1.286
14168620,21/10/2025,Merthyr,Kidderminster,0.79802,1.85072,0.42203,0.96805,14.892,49.982,35.126
14168640,01/11/2025,Merthyr,Darlington,1.6597,1.05997,1.42433,1.04624,45.979,25.988,28.033
14837162,11/11/2025,Merthyr,South Shields,2.09474,0.65186,1.52917,0.70225,61.378,13.282,25.34
14168681,22/11/2025,Merthyr,Alfreton,2.51913,0.35097,2.96073,1.03053,79.641,7.369,12.99
14168693,25/11/2025,Merthyr,Leamington,2.5934,0.29963,3.58499,1.34913,82.881,6.422,10.697
14168729,20/12/2025,Merthyr,Curzon Ashton,2.0201,0.73832,1.74233,0.8661,59.284,16.558,24.158
14168754,30/12/2025,Merthyr,Hereford,1.38638,1.38374,1.90943,1.8992,38.55,38.462,22.988
14168765,03/01/2026,Merthyr,King's Lynn,2.04531,0.66573,1.27154,0.4716,58.545,12.559,28.896
14168789,17/01/2026,Merthyr,Peterborough,1.64403,1.04616,1.17889,0.88049,44.474,24.545,30.981
14168811,27/01/2026,Merthyr,Telford,1.16734,1.56337,1.30855,1.58689,29.935,43.136,26.929
14168836,07/02/2026,Merthyr,Chorley,0.28202,2.61416,1.396,3.74216,5.94,83.678,10.382
14168861,14/02/2026,Merthyr,Bedford,2.97772,0.01402,5.10096,0.61916,98.982,0.192,0.826
14168489,09/08/2025,Merthyr,Southport,0.41507,2.41748,0.70006,2.23036,8.254,75.001,16.745
14168501,19/08/2025,Merthyr,Marine,0.05751,2.91297,0.78868,4.40345,0.933,96.115,2.952
14168525,25/08/2025,Merthyr,Scarborough,1.20576,1.54764,1.65171,1.88645,31.972,43.368,24.66
14168560,06/09/2025,Merthyr,Worksop,1.93567,0.84748,2.27929,1.48296,57.294,21.021,21.685
14168574,20/09/2025,Merthyr,Radcliffe,0.01775,2.96939,0.3012,4.12891,0.163,98.551,1.286
14168620,21/10/2025,Merthyr,Kidderminster,0.79802,1.85072,0.42203,0.96805,14.892,49.982,35.126
14168640,01/11/2025,Merthyr,Darlington,1.6597,1.05997,1.42433,1.04624,45.979,25.988,28.033
14837162,11/11/2025,Merthyr,South Shields,2.09474,0.65186,1.52917,0.70225,61.378,13.282,25.34
14168681,22/11/2025,Merthyr,Alfreton,2.51913,0.35097,2.96073,1.03053,79.641,7.369,12.99
14168693,25/11/2025,Merthyr,Leamington,2.5934,0.29963,3.58499,1.34913,82.881,6.422,10.697
14168729,20/12/2025,Merthyr,Curzon Ashton,2.0201,0.73832,1.74233,0.8661,59.284,16.558,24.158
14168754,30/12/2025,Merthyr,Hereford,1.38638,1.38374,1.90943,1.8992,38.55,38.462,22.988
14168765,03/01/2026,Merthyr,King's Lynn,2.04531,0.66573,1.27154,0.4716,58.545,12.559,28.896
14168789,17/01/2026,Merthyr,Peterborough,1.64403,1.04616,1.17889,0.88049,44.474,24.545,30.981
14168811,27/01/2026,Merthyr,Telford,1.16734,1.56337,1.30855,1.58689,29.935,43.136,26.929
14168836,07/02/2026,Merthyr,Chorley,0.28202,2.61416,1.396,3.74216,5.94,83.678,10.382
14168861,14/02/2026,Merthyr,Bedford,2.97772,0.01402,5.10096,0.61916,98.982,0.192,0.826
14168897,28/02/2026,Merthyr,Buxton,0.51496,2.34079,1.46991,3.14364,12.357,73.218,14.425
14168489,09/08/2025,Merthyr,Southport,0.41507,2.41748,0.70006,2.23036,8.254,75.001,16.745
14168501,19/08/2025,Merthyr,Marine,0.05751,2.91297,0.78868,4.40345,0.933,96.115,2.952
14168525,25/08/2025,Merthyr,Scarborough,1.20576,1.54764,1.65171,1.88645,31.972,43.368,24.66
14168560,06/09/2025,Merthyr,Worksop,1.93567,0.84748,2.27929,1.48296,57.294,21.021,21.685
14168574,20/09/2025,Merthyr,Radcliffe,0.01775,2.96939,0.3012,4.12891,0.163,98.551,1.286
14168620,21/10/2025,Merthyr,Kidderminster,0.79802,1.85072,0.42203,0.96805,14.892,49.982,35.126
14168640,01/11/2025,Merthyr,Darlington,1.6597,1.05997,1.42433,1.04624,45.979,25.988,28.033
14837162,11/11/2025,Merthyr,South Shields,2.09474,0.65186,1.52917,0.70225,61.378,13.282,25.34
14168681,22/11/2025,Merthyr,Alfreton,2.51913,0.35097,2.96073,1.03053,79.641,7.369,12.99
14168693,25/11/2025,Merthyr,Leamington,2.5934,0.29963,3.58499,1.34913,82.881,6.422,10.697
14168729,20/12/2025,Merthyr,Curzon Ashton,2.0201,0.73832,1.74233,0.8661,59.284,16.558,24.158
14168754,30/12/2025,Merthyr,Hereford,1.38638,1.38374,1.90943,1.8992,38.55,38.462,22.988
14168765,03/01/2026,Merthyr,King's Lynn,2.04531,0.66573,1.27154,0.4716,58.545,12.559,28.896
14168789,17/01/2026,Merthyr,Peterborough,1.64403,1.04616,1.17889,0.88049,44.474,24.545,30.981
14168811,27/01/2026,Merthyr,Telford,1.16734,1.56337,1.30855,1.58689,29.935,43.136,26.929
14168836,07/02/2026,Merthyr,Chorley,0.28202,2.61416,1.396,3.74216,5.94,83.678,10.382
14168861,14/02/2026,Merthyr,Bedford,2.97772,0.01402,5.10096,0.61916,98.982,0.192,0.826
14168897,28/02/2026,Merthyr,Buxton,0.51496,2.34079,1.46991,3.14364,12.357,73.218,14.425
14168934,14/03/2026,Merthyr,Spennymoor,1.03538,1.7672,2.11436,2.74539,27.932,52.326,19.742
14168471,16/08/2025,Oxford,Macclesfield,1.06782,1.66497,1.21217,1.61203,26.687,46.592,26.721
14168471,16/08/2025,Oxford,Macclesfield,1.06782,1.66497,1.21217,1.61203,26.687,46.592,26.721
14168516,23/08/2025,Oxford,Spennymoor,0.57559,2.20522,0.72838,1.79907,11.88,66.201,21.919
14168471,16/08/2025,Oxford,Macclesfield,1.06782,1.66497,1.21217,1.61203,26.687,46.592,26.721
14168516,23/08/2025,Oxford,Spennymoor,0.57559,2.20522,0.72838,1.79907,11.88,66.201,21.919
14168535,30/08/2025,Oxford,Radcliffe,0.79218,1.94832,0.9658,1.74404,17.756,56.294,25.95
14168471,16/08/2025,Oxford,Macclesfield,1.06782,1.66497,1.21217,1.61203,26.687,46.592,26.721
14168516,23/08/2025,Oxford,Spennymoor,0.57559,2.20522,0.72838,1.79907,11.88,66.201,21.919
14168535,30/08/2025,Oxford,Radcliffe,0.79218,1.94832,0.9658,1.74404,17.756,56.294,25.95
14168550,02/09/2025,Oxford,Alfreton,1.45942,1.25098,1.27969,1.136,38.994,32.046,28.96
14168471,16/08/2025,Oxford,Macclesfield,1.06782,1.66497,1.21217,1.61203,26.687,46.592,26.721
14168516,23/08/2025,Oxford,Spennymoor,0.57559,2.20522,0.72838,1.79907,11.88,66.201,21.919
14168535,30/08/2025,Oxford,Radcliffe,0.79218,1.94832,0.9658,1.74404,17.756,56.294,25.95
14168550,02/09/2025,Oxford,Alfreton,1.45942,1.25098,1.27969,1.136,38.994,32.046,28.96
14168584,04/10/2025,Oxford,Curzon Ashton,1.02613,1.74469,1.64524,2.17684,26.565,50.517,22.918
14168471,16/08/2025,Oxford,Macclesfield,1.06782,1.66497,1.21217,1.61203,26.687,46.592,26.721
14168516,23/08/2025,Oxford,Spennymoor,0.57559,2.20522,0.72838,1.79907,11.88,66.201,21.919
14168535,30/08/2025,Oxford,Radcliffe,0.79218,1.94832,0.9658,1.74404,17.756,56.294,25.95
14168550,02/09/2025,Oxford,Alfreton,1.45942,1.25098,1.27969,1.136,38.994,32.046,28.96
14168584,04/10/2025,Oxford,Curzon Ashton,1.02613,1.74469,1.64524,2.17684,26.565,50.517,22.918
14168606,18/10/2025,Oxford,Southport,1.6802,1.01258,1.19291,0.81572,45.766,23.512,30.722
14168471,16/08/2025,Oxford,Macclesfield,1.06782,1.66497,1.21217,1.61203,26.687,46.592,26.721
14168516,23/08/2025,Oxford,Spennymoor,0.57559,2.20522,0.72838,1.79907,11.88,66.201,21.919
14168535,30/08/2025,Oxford,Radcliffe,0.79218,1.94832,0.9658,1.74404,17.756,56.294,25.95
14168550,02/09/2025,Oxford,Alfreton,1.45942,1.25098,1.27969,1.136,38.994,32.046,28.96
14168584,04/10/2025,Oxford,Curzon Ashton,1.02613,1.74469,1.64524,2.17684,26.565,50.517,22.918
14168606,18/10/2025,Oxford,Southport,1.6802,1.01258,1.19291,0.81572,45.766,23.512,30.722
14168636,25/10/2025,Oxford,Leamington,2.72362,0.1819,2.86423,0.59039,87.638,2.914,9.448
14168471,16/08/2025,Oxford,Macclesfield,1.06782,1.66497,1.21217,1.61203,26.687,46.592,26.721
14168516,23/08/2025,Oxford,Spennymoor,0.57559,2.20522,0.72838,1.79907,11.88,66.201,21.919
14168535,30/08/2025,Oxford,Radcliffe,0.79218,1.94832,0.9658,1.74404,17.756,56.294,25.95
14168550,02/09/2025,Oxford,Alfreton,1.45942,1.25098,1.27969,1.136,38.994,32.046,28.96
14168584,04/10/2025,Oxford,Curzon Ashton,1.02613,1.74469,1.64524,2.17684,26.565,50.517,22.918
14168606,18/10/2025,Oxford,Southport,1.6802,1.01258,1.19291,0.81572,45.766,23.512,30.722
14168636,25/10/2025,Oxford,Leamington,2.72362,0.1819,2.86423,0.59039,87.638,2.914,9.448
14168846,01/11/2025,Oxford,Bedford,1.36918,1.26559,0.78478,0.74128,33.465,30.012,36.523
14168471,16/08/2025,Oxford,Macclesfield,1.06782,1.66497,1.21217,1.61203,26.687,46.592,26.721
14168516,23/08/2025,Oxford,Spennymoor,0.57559,2.20522,0.72838,1.79907,11.88,66.201,21.919
14168535,30/08/2025,Oxford,Radcliffe,0.79218,1.94832,0.9658,1.74404,17.756,56.294,25.95
14168550,02/09/2025,Oxford,Alfreton,1.45942,1.25098,1.27969,1.136,38.994,32.046,28.96
14168584,04/10/2025,Oxford,Curzon Ashton,1.02613,1.74469,1.64524,2.17684,26.565,50.517,22.918
14168606,18/10/2025,Oxford,Southport,1.6802,1.01258,1.19291,0.81572,45.766,23.512,30.722
14168636,25/10/2025,Oxford,Leamington,2.72362,0.1819,2.86423,0.59039,87.638,2.914,9.448
14168846,01/11/2025,Oxford,Bedford,1.36918,1.26559,0.78478,0.74128,33.465,30.012,36.523
14168659,04/11/2025,Oxford,Hereford,1.9689,0.83577,2.64863,1.7467,59.119,21.348,19.533
14168471,16/08/2025,Oxford,Macclesfield,1.06782,1.66497,1.21217,1.61203,26.687,46.592,26.721
14168516,23/08/2025,Oxford,Spennymoor,0.57559,2.20522,0.72838,1.79907,11.88,66.201,21.919
14168535,30/08/2025,Oxford,Radcliffe,0.79218,1.94832,0.9658,1.74404,17.756,56.294,25.95
14168550,02/09/2025,Oxford,Alfreton,1.45942,1.25098,1.27969,1.136,38.994,32.046,28.96
14168584,04/10/2025,Oxford,Curzon Ashton,1.02613,1.74469,1.64524,2.17684,26.565,50.517,22.918
14168606,18/10/2025,Oxford,Southport,1.6802,1.01258,1.19291,0.81572,45.766,23.512,30.722
14168636,25/10/2025,Oxford,Leamington,2.72362,0.1819,2.86423,0.59039,87.638,2.914,9.448
14168846,01/11/2025,Oxford,Bedford,1.36918,1.26559,0.78478,0.74128,33.465,30.012,36.523
14168659,04/11/2025,Oxford,Hereford,1.9689,0.83577,2.64863,1.7467,59.119,21.348,19.533
14168671,08/11/2025,Oxford,Worksop,1.99087,0.7234,1.29156,0.65905,56.838,14.589,28.573
14168471,16/08/2025,Oxford,Macclesfield,1.06782,1.66497,1.21217,1.61203,26.687,46.592,26.721
14168516,23/08/2025,Oxford,Spennymoor,0.57559,2.20522,0.72838,1.79907,11.88,66.201,21.919
14168535,30/08/2025,Oxford,Radcliffe,0.79218,1.94832,0.9658,1.74404,17.756,56.294,25.95
14168550,02/09/2025,Oxford,Alfreton,1.45942,1.25098,1.27969,1.136,38.994,32.046,28.96
14168584,04/10/2025,Oxford,Curzon Ashton,1.02613,1.74469,1.64524,2.17684,26.565,50.517,22.918
14168606,18/10/2025,Oxford,Southport,1.6802,1.01258,1.19291,0.81572,45.766,23.512,30.722
14168636,25/10/2025,Oxford,Leamington,2.72362,0.1819,2.86423,0.59039,87.638,2.914,9.448
14168846,01/11/2025,Oxford,Bedford,1.36918,1.26559,0.78478,0.74128,33.465,30.012,36.523
14168659,04/11/2025,Oxford,Hereford,1.9689,0.83577,2.64863,1.7467,59.119,21.348,19.533
14168671,08/11/2025,Oxford,Worksop,1.99087,0.7234,1.29156,0.65905,56.838,14.589,28.573
14168705,29/11/2025,Oxford,King's Lynn,0.24041,2.64365,0.91032,2.76717,4.149,84.257,11.594
14168471,16/08/2025,Oxford,Macclesfield,1.06782,1.66497,1.21217,1.61203,26.687,46.592,26.721
14168516,23/08/2025,Oxford,Spennymoor,0.57559,2.20522,0.72838,1.79907,11.88,66.201,21.919
14168535,30/08/2025,Oxford,Radcliffe,0.79218,1.94832,0.9658,1.74404,17.756,56.294,25.95
14168550,02/09/2025,Oxford,Alfreton,1.45942,1.25098,1.27969,1.136,38.994,32.046,28.96
14168584,04/10/2025,Oxford,Curzon Ashton,1.02613,1.74469,1.64524,2.17684,26.565,50.517,22.918
14168606,18/10/2025,Oxford,Southport,1.6802,1.01258,1.19291,0.81572,45.766,23.512,30.722
14168636,25/10/2025,Oxford,Leamington,2.72362,0.1819,2.86423,0.59039,87.638,2.914,9.448
14168846,01/11/2025,Oxford,Bedford,1.36918,1.26559,0.78478,0.74128,33.465,30.012,36.523
14168659,04/11/2025,Oxford,Hereford,1.9689,0.83577,2.64863,1.7467,59.119,21.348,19.533
14168671,08/11/2025,Oxford,Worksop,1.99087,0.7234,1.29156,0.65905,56.838,14.589,28.573
14168705,29/11/2025,Oxford,King's Lynn,0.24041,2.64365,0.91032,2.76717,4.149,84.257,11.594
14168725,06/12/2025,Oxford,Darlington,2.78471,0.13523,2.50401,0.36127,90.155,1.839,8.006
14168471,16/08/2025,Oxford,Macclesfield,1.06782,1.66497,1.21217,1.61203,26.687,46.592,26.721
14168516,23/08/2025,Oxford,Spennymoor,0.57559,2.20522,0.72838,1.79907,11.88,66.201,21.919
14168535,30/08/2025,Oxford,Radcliffe,0.79218,1.94832,0.9658,1.74404,17.756,56.294,25.95
14168550,02/09/2025,Oxford,Alfreton,1.45942,1.25098,1.27969,1.136,38.994,32.046,28.96
14168584,04/10/2025,Oxford,Curzon Ashton,1.02613,1.74469,1.64524,2.17684,26.565,50.517,22.918
14168606,18/10/2025,Oxford,Southport,1.6802,1.01258,1.19291,0.81572,45.766,23.512,30.722
14168636,25/10/2025,Oxford,Leamington,2.72362,0.1819,2.86423,0.59039,87.638,2.914,9.448
14168846,01/11/2025,Oxford,Bedford,1.36918,1.26559,0.78478,0.74128,33.465,30.012,36.523
14168659,04/11/2025,Oxford,Hereford,1.9689,0.83577,2.64863,1.7467,59.119,21.348,19.533
14168671,08/11/2025,Oxford,Worksop,1.99087,0.7234,1.29156,0.65905,56.838,14.589,28.573
14168705,29/11/2025,Oxford,King's Lynn,0.24041,2.64365,0.91032,2.76717,4.149,84.257,11.594
14168725,06/12/2025,Oxford,Darlington,2.78471,0.13523,2.50401,0.36127,90.155,1.839,8.006
14168777,10/01/2026,Oxford,Buxton,1.56137,1.18922,1.7403,1.50799,43.732,31.327,24.941
14168471,16/08/2025,Oxford,Macclesfield,1.06782,1.66497,1.21217,1.61203,26.687,46.592,26.721
14168516,23/08/2025,Oxford,Spennymoor,0.57559,2.20522,0.72838,1.79907,11.88,66.201,21.919
14168535,30/08/2025,Oxford,Radcliffe,0.79218,1.94832,0.9658,1.74404,17.756,56.294,25.95
14168550,02/09/2025,Oxford,Alfreton,1.45942,1.25098,1.27969,1.136,38.994,32.046,28.96
14168584,04/10/2025,Oxford,Curzon Ashton,1.02613,1.74469,1.64524,2.17684,26.565,50.517,22.918
14168606,18/10/2025,Oxford,Southport,1.6802,1.01258,1.19291,0.81572,45.766,23.512,30.722
14168636,25/10/2025,Oxford,Leamington,2.72362,0.1819,2.86423,0.59039,87.638,2.914,9.448
14168846,01/11/2025,Oxford,Bedford,1.36918,1.26559,0.78478,0.74128,33.465,30.012,36.523
14168659,04/11/2025,Oxford,Hereford,1.9689,0.83577,2.64863,1.7467,59.119,21.348,19.533
14168671,08/11/2025,Oxford,Worksop,1.99087,0.7234,1.29156,0.65905,56.838,14.589,28.573
14168705,29/11/2025,Oxford,King's Lynn,0.24041,2.64365,0.91032,2.76717,4.149,84.257,11.594
14168725,06/12/2025,Oxford,Darlington,2.78471,0.13523,2.50401,0.36127,90.155,1.839,8.006
14168777,10/01/2026,Oxford,Buxton,1.56137,1.18922,1.7403,1.50799,43.732,31.327,24.941
14168803,24/01/2026,Oxford,Fylde,0.94884,1.69395,0.53857,0.93223,19.721,44.558,35.721
14168471,16/08/2025,Oxford,Macclesfield,1.06782,1.66497,1.21217,1.61203,26.687,46.592,26.721
14168516,23/08/2025,Oxford,Spennymoor,0.57559,2.20522,0.72838,1.79907,11.88,66.201,21.919
14168535,30/08/2025,Oxford,Radcliffe,0.79218,1.94832,0.9658,1.74404,17.756,56.294,25.95
14168550,02/09/2025,Oxford,Alfreton,1.45942,1.25098,1.27969,1.136,38.994,32.046,28.96
14168584,04/10/2025,Oxford,Curzon Ashton,1.02613,1.74469,1.64524,2.17684,26.565,50.517,22.918
14168606,18/10/2025,Oxford,Southport,1.6802,1.01258,1.19291,0.81572,45.766,23.512,30.722
14168636,25/10/2025,Oxford,Leamington,2.72362,0.1819,2.86423,0.59039,87.638,2.914,9.448
14168846,01/11/2025,Oxford,Bedford,1.36918,1.26559,0.78478,0.74128,33.465,30.012,36.523
14168659,04/11/2025,Oxford,Hereford,1.9689,0.83577,2.64863,1.7467,59.119,21.348,19.533
14168671,08/11/2025,Oxford,Worksop,1.99087,0.7234,1.29156,0.65905,56.838,14.589,28.573
14168705,29/11/2025,Oxford,King's Lynn,0.24041,2.64365,0.91032,2.76717,4.149,84.257,11.594
14168725,06/12/2025,Oxford,Darlington,2.78471,0.13523,2.50401,0.36127,90.155,1.839,8.006
14168777,10/01/2026,Oxford,Buxton,1.56137,1.18922,1.7403,1.50799,43.732,31.327,24.941
14168803,24/01/2026,Oxford,Fylde,0.94884,1.69395,0.53857,0.93223,19.721,44.558,35.721
14168830,31/10/2025,Oxford,South Shields,1.20561,1.46619,1.1441,1.25475,29.247,37.933,32.82
14168471,16/08/2025,Oxford,Macclesfield,1.06782,1.66497,1.21217,1.61203,26.687,46.592,26.721
14168516,23/08/2025,Oxford,Spennymoor,0.57559,2.20522,0.72838,1.79907,11.88,66.201,21.919
14168535,30/08/2025,Oxford,Radcliffe,0.79218,1.94832,0.9658,1.74404,17.756,56.294,25.95
14168550,02/09/2025,Oxford,Alfreton,1.45942,1.25098,1.27969,1.136,38.994,32.046,28.96
14168584,04/10/2025,Oxford,Curzon Ashton,1.02613,1.74469,1.64524,2.17684,26.565,50.517,22.918
14168606,18/10/2025,Oxford,Southport,1.6802,1.01258,1.19291,0.81572,45.766,23.512,30.722
14168636,25/10/2025,Oxford,Leamington,2.72362,0.1819,2.86423,0.59039,87.638,2.914,9.448
14168846,01/11/2025,Oxford,Bedford,1.36918,1.26559,0.78478,0.74128,33.465,30.012,36.523
14168659,04/11/2025,Oxford,Hereford,1.9689,0.83577,2.64863,1.7467,59.119,21.348,19.533
14168671,08/11/2025,Oxford,Worksop,1.99087,0.7234,1.29156,0.65905,56.838,14.589,28.573
14168705,29/11/2025,Oxford,King's Lynn,0.24041,2.64365,0.91032,2.76717,4.149,84.257,11.594
14168725,06/12/2025,Oxford,Darlington,2.78471,0.13523,2.50401,0.36127,90.155,1.839,8.006
14168777,10/01/2026,Oxford,Buxton,1.56137,1.18922,1.7403,1.50799,43.732,31.327,24.941
14168803,24/01/2026,Oxford,Fylde,0.94884,1.69395,0.53857,0.93223,19.721,44.558,35.721
14168830,31/10/2025,Oxford,South Shields,1.20561,1.46619,1.1441,1.25475,29.247,37.933,32.82
14168875,21/02/2026,Oxford,Marine,1.34056,1.37575,1.37414,1.37025,35.229,36.402,28.369
14168471,16/08/2025,Oxford,Macclesfield,1.06782,1.66497,1.21217,1.61203,26.687,46.592,26.721
14168516,23/08/2025,Oxford,Spennymoor,0.57559,2.20522,0.72838,1.79907,11.88,66.201,21.919
14168535,30/08/2025,Oxford,Radcliffe,0.79218,1.94832,0.9658,1.74404,17.756,56.294,25.95
14168550,02/09/2025,Oxford,Alfreton,1.45942,1.25098,1.27969,1.136,38.994,32.046,28.96
14168584,04/10/2025,Oxford,Curzon Ashton,1.02613,1.74469,1.64524,2.17684,26.565,50.517,22.918
14168606,18/10/2025,Oxford,Southport,1.6802,1.01258,1.19291,0.81572,45.766,23.512,30.722
14168636,25/10/2025,Oxford,Leamington,2.72362,0.1819,2.86423,0.59039,87.638,2.914,9.448
14168846,01/11/2025,Oxford,Bedford,1.36918,1.26559,0.78478,0.74128,33.465,30.012,36.523
14168659,04/11/2025,Oxford,Hereford,1.9689,0.83577,2.64863,1.7467,59.119,21.348,19.533
14168671,08/11/2025,Oxford,Worksop,1.99087,0.7234,1.29156,0.65905,56.838,14.589,28.573
14168705,29/11/2025,Oxford,King's Lynn,0.24041,2.64365,0.91032,2.76717,4.149,84.257,11.594
14168725,06/12/2025,Oxford,Darlington,2.78471,0.13523,2.50401,0.36127,90.155,1.839,8.006
14168777,10/01/2026,Oxford,Buxton,1.56137,1.18922,1.7403,1.50799,43.732,31.327,24.941
14168803,24/01/2026,Oxford,Fylde,0.94884,1.69395,0.53857,0.93223,19.721,44.558,35.721
14168830,31/10/2025,Oxford,South Shields,1.20561,1.46619,1.1441,1.25475,29.247,37.933,32.82
14168875,21/02/2026,Oxford,Marine,1.34056,1.37575,1.37414,1.37025,35.229,36.402,28.369
14168909,07/03/2026,Oxford,Scarborough,0.38024,2.47028,0.90796,2.6061,7.692,77.36,14.948
14168471,16/08/2025,Oxford,Macclesfield,1.06782,1.66497,1.21217,1.61203,26.687,46.592,26.721
14168516,23/08/2025,Oxford,Spennymoor,0.57559,2.20522,0.72838,1.79907,11.88,66.201,21.919
14168535,30/08/2025,Oxford,Radcliffe,0.79218,1.94832,0.9658,1.74404,17.756,56.294,25.95
14168550,02/09/2025,Oxford,Alfreton,1.45942,1.25098,1.27969,1.136,38.994,32.046,28.96
14168584,04/10/2025,Oxford,Curzon Ashton,1.02613,1.74469,1.64524,2.17684,26.565,50.517,22.918
14168606,18/10/2025,Oxford,Southport,1.6802,1.01258,1.19291,0.81572,45.766,23.512,30.722
14168636,25/10/2025,Oxford,Leamington,2.72362,0.1819,2.86423,0.59039,87.638,2.914,9.448
14168846,01/11/2025,Oxford,Bedford,1.36918,1.26559,0.78478,0.74128,33.465,30.012,36.523
14168659,04/11/2025,Oxford,Hereford,1.9689,0.83577,2.64863,1.7467,59.119,21.348,19.533
14168671,08/11/2025,Oxford,Worksop,1.99087,0.7234,1.29156,0.65905,56.838,14.589,28.573
14168705,29/11/2025,Oxford,King's Lynn,0.24041,2.64365,0.91032,2.76717,4.149,84.257,11.594
14168725,06/12/2025,Oxford,Darlington,2.78471,0.13523,2.50401,0.36127,90.155,1.839,8.006
14168777,10/01/2026,Oxford,Buxton,1.56137,1.18922,1.7403,1.50799,43.732,31.327,24.941
14168803,24/01/2026,Oxford,Fylde,0.94884,1.69395,0.53857,0.93223,19.721,44.558,35.721
14168830,31/10/2025,Oxford,South Shields,1.20561,1.46619,1.1441,1.25475,29.247,37.933,32.82
14168875,21/02/2026,Oxford,Marine,1.34056,1.37575,1.37414,1.37025,35.229,36.402,28.369
14168909,07/03/2026,Oxford,Scarborough,0.38024,2.47028,0.90796,2.6061,7.692,77.36,14.948
14168944,21/03/2026,Oxford,Chorley,0.97676,1.70612,0.73657,1.1611,21.988,46.3,31.712
14168471,16/08/2025,Oxford,Macclesfield,1.06782,1.66497,1.21217,1.61203,26.687,46.592,26.721
14168516,23/08/2025,Oxford,Spennymoor,0.57559,2.20522,0.72838,1.79907,11.88,66.201,21.919
14168535,30/08/2025,Oxford,Radcliffe,0.79218,1.94832,0.9658,1.74404,17.756,56.294,25.95
14168550,02/09/2025,Oxford,Alfreton,1.45942,1.25098,1.27969,1.136,38.994,32.046,28.96
14168584,04/10/2025,Oxford,Curzon Ashton,1.02613,1.74469,1.64524,2.17684,26.565,50.517,22.918
14168606,18/10/2025,Oxford,Southport,1.6802,1.01258,1.19291,0.81572,45.766,23.512,30.722
14168636,25/10/2025,Oxford,Leamington,2.72362,0.1819,2.86423,0.59039,87.638,2.914,9.448
14168846,01/11/2025,Oxford,Bedford,1.36918,1.26559,0.78478,0.74128,33.465,30.012,36.523
14168659,04/11/2025,Oxford,Hereford,1.9689,0.83577,2.64863,1.7467,59.119,21.348,19.533
14168671,08/11/2025,Oxford,Worksop,1.99087,0.7234,1.29156,0.65905,56.838,14.589,28.573
14168705,29/11/2025,Oxford,King's Lynn,0.24041,2.64365,0.91032,2.76717,4.149,84.257,11.594
14168725,06/12/2025,Oxford,Darlington,2.78471,0.13523,2.50401,0.36127,90.155,1.839,8.006
14168777,10/01/2026,Oxford,Buxton,1.56137,1.18922,1.7403,1.50799,43.732,31.327,24.941
14168803,24/01/2026,Oxford,Fylde,0.94884,1.69395,0.53857,0.93223,19.721,44.558,35.721
14168830,31/10/2025,Oxford,South Shields,1.20561,1.46619,1.1441,1.25475,29.247,37.933,32.82
14168875,21/02/2026,Oxford,Marine,1.34056,1.37575,1.37414,1.37025,35.229,36.402,28.369
14168909,07/03/2026,Oxford,Scarborough,0.38024,2.47028,0.90796,2.6061,7.692,77.36,14.948
14168944,21/03/2026,Oxford,Chorley,0.97676,1.70612,0.73657,1.1611,21.988,46.3,31.712
14168957,28/03/2026,Oxford,Kidderminster,0.76036,1.95091,0.61616,1.26222,15.721,55.406,28.873
14168490,16/08/2025,Peterborough,Merthyr,0.84471,1.90035,0.91909,1.63265,19.659,54.847,25.494
14168490,16/08/2025,Peterborough,Merthyr,0.84471,1.90035,0.91909,1.63265,19.659,54.847,25.494
14168502,19/08/2025,Peterborough,Leamington,1.93261,0.70162,0.90694,0.30826,52.228,11.195,36.577
14168490,16/08/2025,Peterborough,Merthyr,0.84471,1.90035,0.91909,1.63265,19.659,54.847,25.494
14168502,19/08/2025,Peterborough,Leamington,1.93261,0.70162,0.90694,0.30826,52.228,11.195,36.577
14168526,25/08/2025,Peterborough,Worksop,1.16506,1.54324,1.23632,1.49581,29.112,41.718,29.17
14168490,16/08/2025,Peterborough,Merthyr,0.84471,1.90035,0.91909,1.63265,19.659,54.847,25.494
14168502,19/08/2025,Peterborough,Leamington,1.93261,0.70162,0.90694,0.30826,52.228,11.195,36.577
14168526,25/08/2025,Peterborough,Worksop,1.16506,1.54324,1.23632,1.49581,29.112,41.718,29.17
14168559,06/09/2025,Peterborough,Fylde,0.34286,2.45357,0.26134,1.60393,4.643,75.0,20.357
14168490,16/08/2025,Peterborough,Merthyr,0.84471,1.90035,0.91909,1.63265,19.659,54.847,25.494
14168502,19/08/2025,Peterborough,Leamington,1.93261,0.70162,0.90694,0.30826,52.228,11.195,36.577
14168526,25/08/2025,Peterborough,Worksop,1.16506,1.54324,1.23632,1.49581,29.112,41.718,29.17
14168559,06/09/2025,Peterborough,Fylde,0.34286,2.45357,0.26134,1.60393,4.643,75.0,20.357
14168585,04/10/2025,Peterborough,Kidderminster,1.94383,0.82183,2.00436,1.21484,56.983,19.583,23.434
14168490,16/08/2025,Peterborough,Merthyr,0.84471,1.90035,0.91909,1.63265,19.659,54.847,25.494
14168502,19/08/2025,Peterborough,Leamington,1.93261,0.70162,0.90694,0.30826,52.228,11.195,36.577
14168526,25/08/2025,Peterborough,Worksop,1.16506,1.54324,1.23632,1.49581,29.112,41.718,29.17
14168559,06/09/2025,Peterborough,Fylde,0.34286,2.45357,0.26134,1.60393,4.643,75.0,20.357
14168585,04/10/2025,Peterborough,Kidderminster,1.94383,0.82183,2.00436,1.21484,56.983,19.583,23.434
14168609,18/10/2025,Peterborough,Alfreton,1.48311,1.18593,0.98892,0.81594,38.405,28.499,33.096
14168490,16/08/2025,Peterborough,Merthyr,0.84471,1.90035,0.91909,1.63265,19.659,54.847,25.494
14168502,19/08/2025,Peterborough,Leamington,1.93261,0.70162,0.90694,0.30826,52.228,11.195,36.577
14168526,25/08/2025,Peterborough,Worksop,1.16506,1.54324,1.23632,1.49581,29.112,41.718,29.17
14168559,06/09/2025,Peterborough,Fylde,0.34286,2.45357,0.26134,1.60393,4.643,75.0,20.357
14168585,04/10/2025,Peterborough,Kidderminster,1.94383,0.82183,2.00436,1.21484,56.983,19.583,23.434
14168609,18/10/2025,Peterborough,Alfreton,1.48311,1.18593,0.98892,0.81594,38.405,28.499,33.096
14168616,21/10/2025,Peterborough,Buxton,0.66989,2.0984,1.07848,2.02134,14.606,62.223,23.171
14168490,16/08/2025,Peterborough,Merthyr,0.84471,1.90035,0.91909,1.63265,19.659,54.847,25.494
14168502,19/08/2025,Peterborough,Leamington,1.93261,0.70162,0.90694,0.30826,52.228,11.195,36.577
14168526,25/08/2025,Peterborough,Worksop,1.16506,1.54324,1.23632,1.49581,29.112,41.718,29.17
14168559,06/09/2025,Peterborough,Fylde,0.34286,2.45357,0.26134,1.60393,4.643,75.0,20.357
14168585,04/10/2025,Peterborough,Kidderminster,1.94383,0.82183,2.00436,1.21484,56.983,19.583,23.434
14168609,18/10/2025,Peterborough,Alfreton,1.48311,1.18593,0.98892,0.81594,38.405,28.499,33.096
14168616,21/10/2025,Peterborough,Buxton,0.66989,2.0984,1.07848,2.02134,14.606,62.223,23.171
14168645,01/11/2025,Peterborough,Chorley,1.7928,0.91776,1.34894,0.85719,50.112,20.944,28.944
14168490,16/08/2025,Peterborough,Merthyr,0.84471,1.90035,0.91909,1.63265,19.659,54.847,25.494
14168502,19/08/2025,Peterborough,Leamington,1.93261,0.70162,0.90694,0.30826,52.228,11.195,36.577
14168526,25/08/2025,Peterborough,Worksop,1.16506,1.54324,1.23632,1.49581,29.112,41.718,29.17
14168559,06/09/2025,Peterborough,Fylde,0.34286,2.45357,0.26134,1.60393,4.643,75.0,20.357
14168585,04/10/2025,Peterborough,Kidderminster,1.94383,0.82183,2.00436,1.21484,56.983,19.583,23.434
14168609,18/10/2025,Peterborough,Alfreton,1.48311,1.18593,0.98892,0.81594,38.405,28.499,33.096
14168616,21/10/2025,Peterborough,Buxton,0.66989,2.0984,1.07848,2.02134,14.606,62.223,23.171
14168645,01/11/2025,Peterborough,Chorley,1.7928,0.91776,1.34894,0.85719,50.112,20.944,28.944
14168682,22/11/2025,Peterborough,Radcliffe,2.5232,0.3392,3.0609,1.33381,79.52,6.72,13.76
14168490,16/08/2025,Peterborough,Merthyr,0.84471,1.90035,0.91909,1.63265,19.659,54.847,25.494
14168502,19/08/2025,Peterborough,Leamington,1.93261,0.70162,0.90694,0.30826,52.228,11.195,36.577
14168526,25/08/2025,Peterborough,Worksop,1.16506,1.54324,1.23632,1.49581,29.112,41.718,29.17
14168559,06/09/2025,Peterborough,Fylde,0.34286,2.45357,0.26134,1.60393,4.643,75.0,20.357
14168585,04/10/2025,Peterborough,Kidderminster,1.94383,0.82183,2.00436,1.21484,56.983,19.583,23.434
14168609,18/10/2025,Peterborough,Alfreton,1.48311,1.18593,0.98892,0.81594,38.405,28.499,33.096
14168616,21/10/2025,Peterborough,Buxton,0.66989,2.0984,1.07848,2.02134,14.606,62.223,23.171
14168645,01/11/2025,Peterborough,Chorley,1.7928,0.91776,1.34894,0.85719,50.112,20.944,28.944
14168682,22/11/2025,Peterborough,Radcliffe,2.5232,0.3392,3.0609,1.33381,79.52,6.72,13.76
14168694,25/11/2025,Peterborough,Bedford,2.45753,0.37142,2.05371,0.55152,76.216,6.679,17.105
14168490,16/08/2025,Peterborough,Merthyr,0.84471,1.90035,0.91909,1.63265,19.659,54.847,25.494
14168502,19/08/2025,Peterborough,Leamington,1.93261,0.70162,0.90694,0.30826,52.228,11.195,36.577
14168526,25/08/2025,Peterborough,Worksop,1.16506,1.54324,1.23632,1.49581,29.112,41.718,29.17
14168559,06/09/2025,Peterborough,Fylde,0.34286,2.45357,0.26134,1.60393,4.643,75.0,20.357
14168585,04/10/2025,Peterborough,Kidderminster,1.94383,0.82183,2.00436,1.21484,56.983,19.583,23.434
14168609,18/10/2025,Peterborough,Alfreton,1.48311,1.18593,0.98892,0.81594,38.405,28.499,33.096
14168616,21/10/2025,Peterborough,Buxton,0.66989,2.0984,1.07848,2.02134,14.606,62.223,23.171
14168645,01/11/2025,Peterborough,Chorley,1.7928,0.91776,1.34894,0.85719,50.112,20.944,28.944
14168682,22/11/2025,Peterborough,Radcliffe,2.5232,0.3392,3.0609,1.33381,79.52,6.72,13.76
14168694,25/11/2025,Peterborough,Bedford,2.45753,0.37142,2.05371,0.55152,76.216,6.679,17.105
14168730,20/12/2025,Peterborough,Scarborough,0.74677,2.0113,0.93794,1.78252,16.828,58.979,24.193
14168490,16/08/2025,Peterborough,Merthyr,0.84471,1.90035,0.91909,1.63265,19.659,54.847,25.494
14168502,19/08/2025,Peterborough,Leamington,1.93261,0.70162,0.90694,0.30826,52.228,11.195,36.577
14168526,25/08/2025,Peterborough,Worksop,1.16506,1.54324,1.23632,1.49581,29.112,41.718,29.17
14168559,06/09/2025,Peterborough,Fylde,0.34286,2.45357,0.26134,1.60393,4.643,75.0,20.357
14168585,04/10/2025,Peterborough,Kidderminster,1.94383,0.82183,2.00436,1.21484,56.983,19.583,23.434
14168609,18/10/2025,Peterborough,Alfreton,1.48311,1.18593,0.98892,0.81594,38.405,28.499,33.096
14168616,21/10/2025,Peterborough,Buxton,0.66989,2.0984,1.07848,2.02134,14.606,62.223,23.171
14168645,01/11/2025,Peterborough,Chorley,1.7928,0.91776,1.34894,0.85719,50.112,20.944,28.944
14168682,22/11/2025,Peterborough,Radcliffe,2.5232,0.3392,3.0609,1.33381,79.52,6.72,13.76
14168694,25/11/2025,Peterborough,Bedford,2.45753,0.37142,2.05371,0.55152,76.216,6.679,17.105
14168730,20/12/2025,Peterborough,Scarborough,0.74677,2.0113,0.93794,1.78252,16.828,58.979,24.193
14168753,30/12/2025,Peterborough,Oxford,2.14791,0.59163,1.4254,0.46887,62.915,11.039,26.046
14168490,16/08/2025,Peterborough,Merthyr,0.84471,1.90035,0.91909,1.63265,19.659,54.847,25.494
14168502,19/08/2025,Peterborough,Leamington,1.93261,0.70162,0.90694,0.30826,52.228,11.195,36.577
14168526,25/08/2025,Peterborough,Worksop,1.16506,1.54324,1.23632,1.49581,29.112,41.718,29.17
14168559,06/09/2025,Peterborough,Fylde,0.34286,2.45357,0.26134,1.60393,4.643,75.0,20.357
14168585,04/10/2025,Peterborough,Kidderminster,1.94383,0.82183,2.00436,1.21484,56.983,19.583,23.434
14168609,18/10/2025,Peterborough,Alfreton,1.48311,1.18593,0.98892,0.81594,38.405,28.499,33.096
14168616,21/10/2025,Peterborough,Buxton,0.66989,2.0984,1.07848,2.02134,14.606,62.223,23.171
14168645,01/11/2025,Peterborough,Chorley,1.7928,0.91776,1.34894,0.85719,50.112,20.944,28.944
14168682,22/11/2025,Peterborough,Radcliffe,2.5232,0.3392,3.0609,1.33381,79.52,6.72,13.76
14168694,25/11/2025,Peterborough,Bedford,2.45753,0.37142,2.05371,0.55152,76.216,6.679,17.105
14168730,20/12/2025,Peterborough,Scarborough,0.74677,2.0113,0.93794,1.78252,16.828,58.979,24.193
14168753,30/12/2025,Peterborough,Oxford,2.14791,0.59163,1.4254,0.46887,62.915,11.039,26.046
14168801,24/01/2026,Peterborough,Chester,2.67718,0.18382,1.80075,0.11883,84.606,1.494,13.9
14168490,16/08/2025,Peterborough,Merthyr,0.84471,1.90035,0.91909,1.63265,19.659,54.847,25.494
14168502,19/08/2025,Peterborough,Leamington,1.93261,0.70162,0.90694,0.30826,52.228,11.195,36.577
14168526,25/08/2025,Peterborough,Worksop,1.16506,1.54324,1.23632,1.49581,29.112,41.718,29.17
14168559,06/09/2025,Peterborough,Fylde,0.34286,2.45357,0.26134,1.60393,4.643,75.0,20.357
14168585,04/10/2025,Peterborough,Kidderminster,1.94383,0.82183,2.00436,1.21484,56.983,19.583,23.434
14168609,18/10/2025,Peterborough,Alfreton,1.48311,1.18593,0.98892,0.81594,38.405,28.499,33.096
14168616,21/10/2025,Peterborough,Buxton,0.66989,2.0984,1.07848,2.02134,14.606,62.223,23.171
14168645,01/11/2025,Peterborough,Chorley,1.7928,0.91776,1.34894,0.85719,50.112,20.944,28.944
14168682,22/11/2025,Peterborough,Radcliffe,2.5232,0.3392,3.0609,1.33381,79.52,6.72,13.76
14168694,25/11/2025,Peterborough,Bedford,2.45753,0.37142,2.05371,0.55152,76.216,6.679,17.105
14168730,20/12/2025,Peterborough,Scarborough,0.74677,2.0113,0.93794,1.78252,16.828,58.979,24.193
14168753,30/12/2025,Peterborough,Oxford,2.14791,0.59163,1.4254,0.46887,62.915,11.039,26.046
14168801,24/01/2026,Peterborough,Chester,2.67718,0.18382,1.80075,0.11883,84.606,1.494,13.9
14168812,27/01/2026,Peterborough,Macclesfield,2.31938,0.44249,1.45933,0.32238,69.375,6.812,23.813
14168490,16/08/2025,Peterborough,Merthyr,0.84471,1.90035,0.91909,1.63265,19.659,54.847,25.494
14168502,19/08/2025,Peterborough,Leamington,1.93261,0.70162,0.90694,0.30826,52.228,11.195,36.577
14168526,25/08/2025,Peterborough,Worksop,1.16506,1.54324,1.23632,1.49581,29.112,41.718,29.17
14168559,06/09/2025,Peterborough,Fylde,0.34286,2.45357,0.26134,1.60393,4.643,75.0,20.357
14168585,04/10/2025,Peterborough,Kidderminster,1.94383,0.82183,2.00436,1.21484,56.983,19.583,23.434
14168609,18/10/2025,Peterborough,Alfreton,1.48311,1.18593,0.98892,0.81594,38.405,28.499,33.096
14168616,21/10/2025,Peterborough,Buxton,0.66989,2.0984,1.07848,2.02134,14.606,62.223,23.171
14168645,01/11/2025,Peterborough,Chorley,1.7928,0.91776,1.34894,0.85719,50.112,20.944,28.944
14168682,22/11/2025,Peterborough,Radcliffe,2.5232,0.3392,3.0609,1.33381,79.52,6.72,13.76
14168694,25/11/2025,Peterborough,Bedford,2.45753,0.37142,2.05371,0.55152,76.216,6.679,17.105
14168730,20/12/2025,Peterborough,Scarborough,0.74677,2.0113,0.93794,1.78252,16.828,58.979,24.193
14168753,30/12/2025,Peterborough,Oxford,2.14791,0.59163,1.4254,0.46887,62.915,11.039,26.046
14168801,24/01/2026,Peterborough,Chester,2.67718,0.18382,1.80075,0.11883,84.606,1.494,13.9
14168812,27/01/2026,Peterborough,Macclesfield,2.31938,0.44249,1.45933,0.32238,69.375,6.812,23.813
14168837,07/02/2026,Peterborough,Curzon Ashton,2.30567,0.50282,2.03599,0.77183,70.472,10.377,19.151
14168490,16/08/2025,Peterborough,Merthyr,0.84471,1.90035,0.91909,1.63265,19.659,54.847,25.494
14168502,19/08/2025,Peterborough,Leamington,1.93261,0.70162,0.90694,0.30826,52.228,11.195,36.577
14168526,25/08/2025,Peterborough,Worksop,1.16506,1.54324,1.23632,1.49581,29.112,41.718,29.17
14168559,06/09/2025,Peterborough,Fylde,0.34286,2.45357,0.26134,1.60393,4.643,75.0,20.357
14168585,04/10/2025,Peterborough,Kidderminster,1.94383,0.82183,2.00436,1.21484,56.983,19.583,23.434
14168609,18/10/2025,Peterborough,Alfreton,1.48311,1.18593,0.98892,0.81594,38.405,28.499,33.096
14168616,21/10/2025,Peterborough,Buxton,0.66989,2.0984,1.07848,2.02134,14.606,62.223,23.171
14168645,01/11/2025,Peterborough,Chorley,1.7928,0.91776,1.34894,0.85719,50.112,20.944,28.944
14168682,22/11/2025,Peterborough,Radcliffe,2.5232,0.3392,3.0609,1.33381,79.52,6.72,13.76
14168694,25/11/2025,Peterborough,Bedford,2.45753,0.37142,2.05371,0.55152,76.216,6.679,17.105
14168730,20/12/2025,Peterborough,Scarborough,0.74677,2.0113,0.93794,1.78252,16.828,58.979,24.193
14168753,30/12/2025,Peterborough,Oxford,2.14791,0.59163,1.4254,0.46887,62.915,11.039,26.046
14168801,24/01/2026,Peterborough,Chester,2.67718,0.18382,1.80075,0.11883,84.606,1.494,13.9
14168812,27/01/2026,Peterborough,Macclesfield,2.31938,0.44249,1.45933,0.32238,69.375,6.812,23.813
14168837,07/02/2026,Peterborough,Curzon Ashton,2.30567,0.50282,2.03599,0.77183,70.472,10.377,19.151
14168862,14/02/2026,Peterborough,Spennymoor,1.7042,1.03385,1.70472,1.26041,48.075,25.73,26.195
14168490,16/08/2025,Peterborough,Merthyr,0.84471,1.90035,0.91909,1.63265,19.659,54.847,25.494
14168502,19/08/2025,Peterborough,Leamington,1.93261,0.70162,0.90694,0.30826,52.228,11.195,36.577
14168526,25/08/2025,Peterborough,Worksop,1.16506,1.54324,1.23632,1.49581,29.112,41.718,29.17
14168559,06/09/2025,Peterborough,Fylde,0.34286,2.45357,0.26134,1.60393,4.643,75.0,20.357
14168585,04/10/2025,Peterborough,Kidderminster,1.94383,0.82183,2.00436,1.21484,56.983,19.583,23.434
14168609,18/10/2025,Peterborough,Alfreton,1.48311,1.18593,0.98892,0.81594,38.405,28.499,33.096
14168616,21/10/2025,Peterborough,Buxton,0.66989,2.0984,1.07848,2.02134,14.606,62.223,23.171
14168645,01/11/2025,Peterborough,Chorley,1.7928,0.91776,1.34894,0.85719,50.112,20.944,28.944
14168682,22/11/2025,Peterborough,Radcliffe,2.5232,0.3392,3.0609,1.33381,79.52,6.72,13.76
14168694,25/11/2025,Peterborough,Bedford,2.45753,0.37142,2.05371,0.55152,76.216,6.679,17.105
14168730,20/12/2025,Peterborough,Scarborough,0.74677,2.0113,0.93794,1.78252,16.828,58.979,24.193
14168753,30/12/2025,Peterborough,Oxford,2.14791,0.59163,1.4254,0.46887,62.915,11.039,26.046
14168801,24/01/2026,Peterborough,Chester,2.67718,0.18382,1.80075,0.11883,84.606,1.494,13.9
14168812,27/01/2026,Peterborough,Macclesfield,2.31938,0.44249,1.45933,0.32238,69.375,6.812,23.813
14168837,07/02/2026,Peterborough,Curzon Ashton,2.30567,0.50282,2.03599,0.77183,70.472,10.377,19.151
14168862,14/02/2026,Peterborough,Spennymoor,1.7042,1.03385,1.70472,1.26041,48.075,25.73,26.195
14168900,28/02/2026,Peterborough,South Shields,0.13507,2.79223,0.61817,3.07825,2.079,90.651,7.27
14168490,16/08/2025,Peterborough,Merthyr,0.84471,1.90035,0.91909,1.63265,19.659,54.847,25.494
14168502,19/08/2025,Peterborough,Leamington,1.93261,0.70162,0.90694,0.30826,52.228,11.195,36.577
14168526,25/08/2025,Peterborough,Worksop,1.16506,1.54324,1.23632,1.49581,29.112,41.718,29.17
14168559,06/09/2025,Peterborough,Fylde,0.34286,2.45357,0.26134,1.60393,4.643,75.0,20.357
14168585,04/10/2025,Peterborough,Kidderminster,1.94383,0.82183,2.00436,1.21484,56.983,19.583,23.434
14168609,18/10/2025,Peterborough,Alfreton,1.48311,1.18593,0.98892,0.81594,38.405,28.499,33.096
14168616,21/10/2025,Peterborough,Buxton,0.66989,2.0984,1.07848,2.02134,14.606,62.223,23.171
14168645,01/11/2025,Peterborough,Chorley,1.7928,0.91776,1.34894,0.85719,50.112,20.944,28.944
14168682,22/11/2025,Peterborough,Radcliffe,2.5232,0.3392,3.0609,1.33381,79.52,6.72,13.76
14168694,25/11/2025,Peterborough,Bedford,2.45753,0.37142,2.05371,0.55152,76.216,6.679,17.105
14168730,20/12/2025,Peterborough,Scarborough,0.74677,2.0113,0.93794,1.78252,16.828,58.979,24.193
14168753,30/12/2025,Peterborough,Oxford,2.14791,0.59163,1.4254,0.46887,62.915,11.039,26.046
14168801,24/01/2026,Peterborough,Chester,2.67718,0.18382,1.80075,0.11883,84.606,1.494,13.9
14168812,27/01/2026,Peterborough,Macclesfield,2.31938,0.44249,1.45933,0.32238,69.375,6.812,23.813
14168837,07/02/2026,Peterborough,Curzon Ashton,2.30567,0.50282,2.03599,0.77183,70.472,10.377,19.151
14168862,14/02/2026,Peterborough,Spennymoor,1.7042,1.03385,1.70472,1.26041,48.075,25.73,26.195
14168900,28/02/2026,Peterborough,South Shields,0.13507,2.79223,0.61817,3.07825,2.079,90.651,7.27
14168910,07/03/2026,Peterborough,Southport,2.06775,0.6234,1.1352,0.36527,58.63,10.485,30.885
14168490,16/08/2025,Peterborough,Merthyr,0.84471,1.90035,0.91909,1.63265,19.659,54.847,25.494
14168502,19/08/2025,Peterborough,Leamington,1.93261,0.70162,0.90694,0.30826,52.228,11.195,36.577
14168526,25/08/2025,Peterborough,Worksop,1.16506,1.54324,1.23632,1.49581,29.112,41.718,29.17
14168559,06/09/2025,Peterborough,Fylde,0.34286,2.45357,0.26134,1.60393,4.643,75.0,20.357
14168585,04/10/2025,Peterborough,Kidderminster,1.94383,0.82183,2.00436,1.21484,56.983,19.583,23.434
14168609,18/10/2025,Peterborough,Alfreton,1.48311,1.18593,0.98892,0.81594,38.405,28.499,33.096
14168616,21/10/2025,Peterborough,Buxton,0.66989,2.0984,1.07848,2.02134,14.606,62.223,23.171
14168645,01/11/2025,Peterborough,Chorley,1.7928,0.91776,1.34894,0.85719,50.112,20.944,28.944
14168682,22/11/2025,Peterborough,Radcliffe,2.5232,0.3392,3.0609,1.33381,79.52,6.72,13.76
14168694,25/11/2025,Peterborough,Bedford,2.45753,0.37142,2.05371,0.55152,76.216,6.679,17.105
14168730,20/12/2025,Peterborough,Scarborough,0.74677,2.0113,0.93794,1.78252,16.828,58.979,24.193
14168753,30/12/2025,Peterborough,Oxford,2.14791,0.59163,1.4254,0.46887,62.915,11.039,26.046
14168801,24/01/2026,Peterborough,Chester,2.67718,0.18382,1.80075,0.11883,84.606,1.494,13.9
14168812,27/01/2026,Peterborough,Macclesfield,2.31938,0.44249,1.45933,0.32238,69.375,6.812,23.813
14168837,07/02/2026,Peterborough,Curzon Ashton,2.30567,0.50282,2.03599,0.77183,70.472,10.377,19.151
14168862,14/02/2026,Peterborough,Spennymoor,1.7042,1.03385,1.70472,1.26041,48.075,25.73,26.195
14168900,28/02/2026,Peterborough,South Shields,0.13507,2.79223,0.61817,3.07825,2.079,90.651,7.27
14168910,07/03/2026,Peterborough,Southport,2.06775,0.6234,1.1352,0.36527,58.63,10.485,30.885
14169015,06/12/2025,Peterborough,Hereford,1.16233,1.46449,0.64637,0.81237,26.305,36.377,37.318
14168490,16/08/2025,Peterborough,Merthyr,0.84471,1.90035,0.91909,1.63265,19.659,54.847,25.494
14168502,19/08/2025,Peterborough,Leamington,1.93261,0.70162,0.90694,0.30826,52.228,11.195,36.577
14168526,25/08/2025,Peterborough,Worksop,1.16506,1.54324,1.23632,1.49581,29.112,41.718,29.17
14168559,06/09/2025,Peterborough,Fylde,0.34286,2.45357,0.26134,1.60393,4.643,75.0,20.357
14168585,04/10/2025,Peterborough,Kidderminster,1.94383,0.82183,2.00436,1.21484,56.983,19.583,23.434
14168609,18/10/2025,Peterborough,Alfreton,1.48311,1.18593,0.98892,0.81594,38.405,28.499,33.096
14168616,21/10/2025,Peterborough,Buxton,0.66989,2.0984,1.07848,2.02134,14.606,62.223,23.171
14168645,01/11/2025,Peterborough,Chorley,1.7928,0.91776,1.34894,0.85719,50.112,20.944,28.944
14168682,22/11/2025,Peterborough,Radcliffe,2.5232,0.3392,3.0609,1.33381,79.52,6.72,13.76
14168694,25/11/2025,Peterborough,Bedford,2.45753,0.37142,2.05371,0.55152,76.216,6.679,17.105
14168730,20/12/2025,Peterborough,Scarborough,0.74677,2.0113,0.93794,1.78252,16.828,58.979,24.193
14168753,30/12/2025,Peterborough,Oxford,2.14791,0.59163,1.4254,0.46887,62.915,11.039,26.046
14168801,24/01/2026,Peterborough,Chester,2.67718,0.18382,1.80075,0.11883,84.606,1.494,13.9
14168812,27/01/2026,Peterborough,Macclesfield,2.31938,0.44249,1.45933,0.32238,69.375,6.812,23.813
14168837,07/02/2026,Peterborough,Curzon Ashton,2.30567,0.50282,2.03599,0.77183,70.472,10.377,19.151
14168862,14/02/2026,Peterborough,Spennymoor,1.7042,1.03385,1.70472,1.26041,48.075,25.73,26.195
14168900,28/02/2026,Peterborough,South Shields,0.13507,2.79223,0.61817,3.07825,2.079,90.651,7.27
14168910,07/03/2026,Peterborough,Southport,2.06775,0.6234,1.1352,0.36527,58.63,10.485,30.885
14169015,06/12/2025,Peterborough,Hereford,1.16233,1.46449,0.64637,0.81237,26.305,36.377,37.318
15366761,17/03/2026,Peterborough,Marine,1.05805,1.33207,0.22077,0.33528,14.939,24.073,60.988
14168477,16/08/2025,Radcliffe,Spennymoor,2.93684,0.03974,4.10871,0.55507,97.114,0.544,2.342
14168477,16/08/2025,Radcliffe,Spennymoor,2.93684,0.03974,4.10871,0.55507,97.114,0.544,2.342
14168504,19/08/2025,Radcliffe,Worksop,2.68391,0.2156,2.7659,0.69347,86.114,3.837,10.049
14168477,16/08/2025,Radcliffe,Spennymoor,2.93684,0.03974,4.10871,0.55507,97.114,0.544,2.342
14168504,19/08/2025,Radcliffe,Worksop,2.68391,0.2156,2.7659,0.69347,86.114,3.837,10.049
14168523,25/08/2025,Radcliffe,Hereford,2.8545,0.08394,2.34841,0.1619,93.098,0.746,6.156
14168477,16/08/2025,Radcliffe,Spennymoor,2.93684,0.03974,4.10871,0.55507,97.114,0.544,2.342
14168504,19/08/2025,Radcliffe,Worksop,2.68391,0.2156,2.7659,0.69347,86.114,3.837,10.049
14168523,25/08/2025,Radcliffe,Hereford,2.8545,0.08394,2.34841,0.1619,93.098,0.746,6.156
14168562,06/09/2025,Radcliffe,Marine,1.26408,1.46109,1.35365,1.48716,32.975,39.542,27.483
14168477,16/08/2025,Radcliffe,Spennymoor,2.93684,0.03974,4.10871,0.55507,97.114,0.544,2.342
14168504,19/08/2025,Radcliffe,Worksop,2.68391,0.2156,2.7659,0.69347,86.114,3.837,10.049
14168523,25/08/2025,Radcliffe,Hereford,2.8545,0.08394,2.34841,0.1619,93.098,0.746,6.156
14168562,06/09/2025,Radcliffe,Marine,1.26408,1.46109,1.35365,1.48716,32.975,39.542,27.483
14168586,04/10/2025,Radcliffe,Alfreton,2.15664,0.61818,1.78596,0.74878,64.382,13.1,22.518
14168477,16/08/2025,Radcliffe,Spennymoor,2.93684,0.03974,4.10871,0.55507,97.114,0.544,2.342
14168504,19/08/2025,Radcliffe,Worksop,2.68391,0.2156,2.7659,0.69347,86.114,3.837,10.049
14168523,25/08/2025,Radcliffe,Hereford,2.8545,0.08394,2.34841,0.1619,93.098,0.746,6.156
14168562,06/09/2025,Radcliffe,Marine,1.26408,1.46109,1.35365,1.48716,32.975,39.542,27.483
14168586,04/10/2025,Radcliffe,Alfreton,2.15664,0.61818,1.78596,0.74878,64.382,13.1,22.518
14168608,18/10/2025,Radcliffe,Bedford,2.15895,0.60267,2.06619,1.07092,64.019,12.143,23.838
14168477,16/08/2025,Radcliffe,Spennymoor,2.93684,0.03974,4.10871,0.55507,97.114,0.544,2.342
14168504,19/08/2025,Radcliffe,Worksop,2.68391,0.2156,2.7659,0.69347,86.114,3.837,10.049
14168523,25/08/2025,Radcliffe,Hereford,2.8545,0.08394,2.34841,0.1619,93.098,0.746,6.156
14168562,06/09/2025,Radcliffe,Marine,1.26408,1.46109,1.35365,1.48716,32.975,39.542,27.483
14168586,04/10/2025,Radcliffe,Alfreton,2.15664,0.61818,1.78596,0.74878,64.382,13.1,22.518
14168608,18/10/2025,Radcliffe,Bedford,2.15895,0.60267,2.06619,1.07092,64.019,12.143,23.838
14168618,21/10/2025,Radcliffe,Darlington,2.44246,0.42184,3.08474,1.2827,76.892,9.538,13.57
14168477,16/08/2025,Radcliffe,Spennymoor,2.93684,0.03974,4.10871,0.55507,97.114,0.544,2.342
14168504,19/08/2025,Radcliffe,Worksop,2.68391,0.2156,2.7659,0.69347,86.114,3.837,10.049
14168523,25/08/2025,Radcliffe,Hereford,2.8545,0.08394,2.34841,0.1619,93.098,0.746,6.156
14168562,06/09/2025,Radcliffe,Marine,1.26408,1.46109,1.35365,1.48716,32.975,39.542,27.483
14168586,04/10/2025,Radcliffe,Alfreton,2.15664,0.61818,1.78596,0.74878,64.382,13.1,22.518
14168608,18/10/2025,Radcliffe,Bedford,2.15895,0.60267,2.06619,1.07092,64.019,12.143,23.838
14168618,21/10/2025,Radcliffe,Darlington,2.44246,0.42184,3.08474,1.2827,76.892,9.538,13.57
14168674,08/11/2025,Radcliffe,Chorley,1.21723,1.45402,0.91213,1.07134,29.616,37.509,32.875
14168477,16/08/2025,Radcliffe,Spennymoor,2.93684,0.03974,4.10871,0.55507,97.114,0.544,2.342
14168504,19/08/2025,Radcliffe,Worksop,2.68391,0.2156,2.7659,0.69347,86.114,3.837,10.049
14168523,25/08/2025,Radcliffe,Hereford,2.8545,0.08394,2.34841,0.1619,93.098,0.746,6.156
14168562,06/09/2025,Radcliffe,Marine,1.26408,1.46109,1.35365,1.48716,32.975,39.542,27.483
14168586,04/10/2025,Radcliffe,Alfreton,2.15664,0.61818,1.78596,0.74878,64.382,13.1,22.518
14168608,18/10/2025,Radcliffe,Bedford,2.15895,0.60267,2.06619,1.07092,64.019,12.143,23.838
14168618,21/10/2025,Radcliffe,Darlington,2.44246,0.42184,3.08474,1.2827,76.892,9.538,13.57
14168674,08/11/2025,Radcliffe,Chorley,1.21723,1.45402,0.91213,1.07134,29.616,37.509,32.875
14168711,29/11/2025,Radcliffe,Telford,1.53312,1.20351,1.59667,1.35566,42.325,31.338,26.337
14168477,16/08/2025,Radcliffe,Spennymoor,2.93684,0.03974,4.10871,0.55507,97.114,0.544,2.342
14168504,19/08/2025,Radcliffe,Worksop,2.68391,0.2156,2.7659,0.69347,86.114,3.837,10.049
14168523,25/08/2025,Radcliffe,Hereford,2.8545,0.08394,2.34841,0.1619,93.098,0.746,6.156
14168562,06/09/2025,Radcliffe,Marine,1.26408,1.46109,1.35365,1.48716,32.975,39.542,27.483
14168586,04/10/2025,Radcliffe,Alfreton,2.15664,0.61818,1.78596,0.74878,64.382,13.1,22.518
14168608,18/10/2025,Radcliffe,Bedford,2.15895,0.60267,2.06619,1.07092,64.019,12.143,23.838
14168618,21/10/2025,Radcliffe,Darlington,2.44246,0.42184,3.08474,1.2827,76.892,9.538,13.57
14168674,08/11/2025,Radcliffe,Chorley,1.21723,1.45402,0.91213,1.07134,29.616,37.509,32.875
14168711,29/11/2025,Radcliffe,Telford,1.53312,1.20351,1.59667,1.35566,42.325,31.338,26.337
14972548,02/12/2025,Radcliffe,Chester,1.31989,1.36126,0.95124,0.98132,33.368,34.747,31.885
14168477,16/08/2025,Radcliffe,Spennymoor,2.93684,0.03974,4.10871,0.55507,97.114,0.544,2.342
14168504,19/08/2025,Radcliffe,Worksop,2.68391,0.2156,2.7659,0.69347,86.114,3.837,10.049
14168523,25/08/2025,Radcliffe,Hereford,2.8545,0.08394,2.34841,0.1619,93.098,0.746,6.156
14168562,06/09/2025,Radcliffe,Marine,1.26408,1.46109,1.35365,1.48716,32.975,39.542,27.483
14168586,04/10/2025,Radcliffe,Alfreton,2.15664,0.61818,1.78596,0.74878,64.382,13.1,22.518
14168608,18/10/2025,Radcliffe,Bedford,2.15895,0.60267,2.06619,1.07092,64.019,12.143,23.838
14168618,21/10/2025,Radcliffe,Darlington,2.44246,0.42184,3.08474,1.2827,76.892,9.538,13.57
14168674,08/11/2025,Radcliffe,Chorley,1.21723,1.45402,0.91213,1.07134,29.616,37.509,32.875
14168711,29/11/2025,Radcliffe,Telford,1.53312,1.20351,1.59667,1.35566,42.325,31.338,26.337
14972548,02/12/2025,Radcliffe,Chester,1.31989,1.36126,0.95124,0.98132,33.368,34.747,31.885
14168731,20/12/2025,Radcliffe,Leamington,2.32388,0.44786,1.53239,0.41653,69.854,7.32,22.826
14168477,16/08/2025,Radcliffe,Spennymoor,2.93684,0.03974,4.10871,0.55507,97.114,0.544,2.342
14168504,19/08/2025,Radcliffe,Worksop,2.68391,0.2156,2.7659,0.69347,86.114,3.837,10.049
14168523,25/08/2025,Radcliffe,Hereford,2.8545,0.08394,2.34841,0.1619,93.098,0.746,6.156
14168562,06/09/2025,Radcliffe,Marine,1.26408,1.46109,1.35365,1.48716,32.975,39.542,27.483
14168586,04/10/2025,Radcliffe,Alfreton,2.15664,0.61818,1.78596,0.74878,64.382,13.1,22.518
14168608,18/10/2025,Radcliffe,Bedford,2.15895,0.60267,2.06619,1.07092,64.019,12.143,23.838
14168618,21/10/2025,Radcliffe,Darlington,2.44246,0.42184,3.08474,1.2827,76.892,9.538,13.57
14168674,08/11/2025,Radcliffe,Chorley,1.21723,1.45402,0.91213,1.07134,29.616,37.509,32.875
14168711,29/11/2025,Radcliffe,Telford,1.53312,1.20351,1.59667,1.35566,42.325,31.338,26.337
14972548,02/12/2025,Radcliffe,Chester,1.31989,1.36126,0.95124,0.98132,33.368,34.747,31.885
14168731,20/12/2025,Radcliffe,Leamington,2.32388,0.44786,1.53239,0.41653,69.854,7.32,22.826
14168762,30/12/2025,Radcliffe,Fylde,2.15913,0.61104,1.69412,0.75465,64.31,12.707,22.983
14168477,16/08/2025,Radcliffe,Spennymoor,2.93684,0.03974,4.10871,0.55507,97.114,0.544,2.342
14168504,19/08/2025,Radcliffe,Worksop,2.68391,0.2156,2.7659,0.69347,86.114,3.837,10.049
14168523,25/08/2025,Radcliffe,Hereford,2.8545,0.08394,2.34841,0.1619,93.098,0.746,6.156
14168562,06/09/2025,Radcliffe,Marine,1.26408,1.46109,1.35365,1.48716,32.975,39.542,27.483
14168586,04/10/2025,Radcliffe,Alfreton,2.15664,0.61818,1.78596,0.74878,64.382,13.1,22.518
14168608,18/10/2025,Radcliffe,Bedford,2.15895,0.60267,2.06619,1.07092,64.019,12.143,23.838
14168618,21/10/2025,Radcliffe,Darlington,2.44246,0.42184,3.08474,1.2827,76.892,9.538,13.57
14168674,08/11/2025,Radcliffe,Chorley,1.21723,1.45402,0.91213,1.07134,29.616,37.509,32.875
14168711,29/11/2025,Radcliffe,Telford,1.53312,1.20351,1.59667,1.35566,42.325,31.338,26.337
14972548,02/12/2025,Radcliffe,Chester,1.31989,1.36126,0.95124,0.98132,33.368,34.747,31.885
14168731,20/12/2025,Radcliffe,Leamington,2.32388,0.44786,1.53239,0.41653,69.854,7.32,22.826
14168762,30/12/2025,Radcliffe,Fylde,2.15913,0.61104,1.69412,0.75465,64.31,12.707,22.983
14168798,24/01/2026,Radcliffe,Buxton,1.97959,0.84466,3.25943,2.28333,60.128,22.297,17.575
14168477,16/08/2025,Radcliffe,Spennymoor,2.93684,0.03974,4.10871,0.55507,97.114,0.544,2.342
14168504,19/08/2025,Radcliffe,Worksop,2.68391,0.2156,2.7659,0.69347,86.114,3.837,10.049
14168523,25/08/2025,Radcliffe,Hereford,2.8545,0.08394,2.34841,0.1619,93.098,0.746,6.156
14168562,06/09/2025,Radcliffe,Marine,1.26408,1.46109,1.35365,1.48716,32.975,39.542,27.483
14168586,04/10/2025,Radcliffe,Alfreton,2.15664,0.61818,1.78596,0.74878,64.382,13.1,22.518
14168608,18/10/2025,Radcliffe,Bedford,2.15895,0.60267,2.06619,1.07092,64.019,12.143,23.838
14168618,21/10/2025,Radcliffe,Darlington,2.44246,0.42184,3.08474,1.2827,76.892,9.538,13.57
14168674,08/11/2025,Radcliffe,Chorley,1.21723,1.45402,0.91213,1.07134,29.616,37.509,32.875
14168711,29/11/2025,Radcliffe,Telford,1.53312,1.20351,1.59667,1.35566,42.325,31.338,26.337
14972548,02/12/2025,Radcliffe,Chester,1.31989,1.36126,0.95124,0.98132,33.368,34.747,31.885
14168731,20/12/2025,Radcliffe,Leamington,2.32388,0.44786,1.53239,0.41653,69.854,7.32,22.826
14168762,30/12/2025,Radcliffe,Fylde,2.15913,0.61104,1.69412,0.75465,64.31,12.707,22.983
14168798,24/01/2026,Radcliffe,Buxton,1.97959,0.84466,3.25943,2.28333,60.128,22.297,17.575
14168814,27/01/2026,Radcliffe,Scarborough,0.99227,1.72499,1.03161,1.42091,23.651,48.075,28.274
14168477,16/08/2025,Radcliffe,Spennymoor,2.93684,0.03974,4.10871,0.55507,97.114,0.544,2.342
14168504,19/08/2025,Radcliffe,Worksop,2.68391,0.2156,2.7659,0.69347,86.114,3.837,10.049
14168523,25/08/2025,Radcliffe,Hereford,2.8545,0.08394,2.34841,0.1619,93.098,0.746,6.156
14168562,06/09/2025,Radcliffe,Marine,1.26408,1.46109,1.35365,1.48716,32.975,39.542,27.483
14168586,04/10/2025,Radcliffe,Alfreton,2.15664,0.61818,1.78596,0.74878,64.382,13.1,22.518
14168608,18/10/2025,Radcliffe,Bedford,2.15895,0.60267,2.06619,1.07092,64.019,12.143,23.838
14168618,21/10/2025,Radcliffe,Darlington,2.44246,0.42184,3.08474,1.2827,76.892,9.538,13.57
14168674,08/11/2025,Radcliffe,Chorley,1.21723,1.45402,0.91213,1.07134,29.616,37.509,32.875
14168711,29/11/2025,Radcliffe,Telford,1.53312,1.20351,1.59667,1.35566,42.325,31.338,26.337
14972548,02/12/2025,Radcliffe,Chester,1.31989,1.36126,0.95124,0.98132,33.368,34.747,31.885
14168731,20/12/2025,Radcliffe,Leamington,2.32388,0.44786,1.53239,0.41653,69.854,7.32,22.826
14168762,30/12/2025,Radcliffe,Fylde,2.15913,0.61104,1.69412,0.75465,64.31,12.707,22.983
14168798,24/01/2026,Radcliffe,Buxton,1.97959,0.84466,3.25943,2.28333,60.128,22.297,17.575
14168814,27/01/2026,Radcliffe,Scarborough,0.99227,1.72499,1.03161,1.42091,23.651,48.075,28.274
15326170,03/02/2026,Radcliffe,Oxford,1.66257,1.00473,1.14379,0.7705,44.329,22.401,33.27
14168477,16/08/2025,Radcliffe,Spennymoor,2.93684,0.03974,4.10871,0.55507,97.114,0.544,2.342
14168504,19/08/2025,Radcliffe,Worksop,2.68391,0.2156,2.7659,0.69347,86.114,3.837,10.049
14168523,25/08/2025,Radcliffe,Hereford,2.8545,0.08394,2.34841,0.1619,93.098,0.746,6.156
14168562,06/09/2025,Radcliffe,Marine,1.26408,1.46109,1.35365,1.48716,32.975,39.542,27.483
14168586,04/10/2025,Radcliffe,Alfreton,2.15664,0.61818,1.78596,0.74878,64.382,13.1,22.518
14168608,18/10/2025,Radcliffe,Bedford,2.15895,0.60267,2.06619,1.07092,64.019,12.143,23.838
14168618,21/10/2025,Radcliffe,Darlington,2.44246,0.42184,3.08474,1.2827,76.892,9.538,13.57
14168674,08/11/2025,Radcliffe,Chorley,1.21723,1.45402,0.91213,1.07134,29.616,37.509,32.875
14168711,29/11/2025,Radcliffe,Telford,1.53312,1.20351,1.59667,1.35566,42.325,31.338,26.337
14972548,02/12/2025,Radcliffe,Chester,1.31989,1.36126,0.95124,0.98132,33.368,34.747,31.885
14168731,20/12/2025,Radcliffe,Leamington,2.32388,0.44786,1.53239,0.41653,69.854,7.32,22.826
14168762,30/12/2025,Radcliffe,Fylde,2.15913,0.61104,1.69412,0.75465,64.31,12.707,22.983
14168798,24/01/2026,Radcliffe,Buxton,1.97959,0.84466,3.25943,2.28333,60.128,22.297,17.575
14168814,27/01/2026,Radcliffe,Scarborough,0.99227,1.72499,1.03161,1.42091,23.651,48.075,28.274
15326170,03/02/2026,Radcliffe,Oxford,1.66257,1.00473,1.14379,0.7705,44.329,22.401,33.27
14168835,07/02/2026,Radcliffe,King's Lynn,0.95105,1.7021,0.57482,0.98545,20.14,45.175,34.685
14168477,16/08/2025,Radcliffe,Spennymoor,2.93684,0.03974,4.10871,0.55507,97.114,0.544,2.342
14168504,19/08/2025,Radcliffe,Worksop,2.68391,0.2156,2.7659,0.69347,86.114,3.837,10.049
14168523,25/08/2025,Radcliffe,Hereford,2.8545,0.08394,2.34841,0.1619,93.098,0.746,6.156
14168562,06/09/2025,Radcliffe,Marine,1.26408,1.46109,1.35365,1.48716,32.975,39.542,27.483
14168586,04/10/2025,Radcliffe,Alfreton,2.15664,0.61818,1.78596,0.74878,64.382,13.1,22.518
14168608,18/10/2025,Radcliffe,Bedford,2.15895,0.60267,2.06619,1.07092,64.019,12.143,23.838
14168618,21/10/2025,Radcliffe,Darlington,2.44246,0.42184,3.08474,1.2827,76.892,9.538,13.57
14168674,08/11/2025,Radcliffe,Chorley,1.21723,1.45402,0.91213,1.07134,29.616,37.509,32.875
14168711,29/11/2025,Radcliffe,Telford,1.53312,1.20351,1.59667,1.35566,42.325,31.338,26.337
14972548,02/12/2025,Radcliffe,Chester,1.31989,1.36126,0.95124,0.98132,33.368,34.747,31.885
14168731,20/12/2025,Radcliffe,Leamington,2.32388,0.44786,1.53239,0.41653,69.854,7.32,22.826
14168762,30/12/2025,Radcliffe,Fylde,2.15913,0.61104,1.69412,0.75465,64.31,12.707,22.983
14168798,24/01/2026,Radcliffe,Buxton,1.97959,0.84466,3.25943,2.28333,60.128,22.297,17.575
14168814,27/01/2026,Radcliffe,Scarborough,0.99227,1.72499,1.03161,1.42091,23.651,48.075,28.274
15326170,03/02/2026,Radcliffe,Oxford,1.66257,1.00473,1.14379,0.7705,44.329,22.401,33.27
14168835,07/02/2026,Radcliffe,King's Lynn,0.95105,1.7021,0.57482,0.98545,20.14,45.175,34.685
14168874,21/02/2026,Radcliffe,Peterborough,0.54679,2.2795,1.18742,2.55289,12.436,70.193,17.371
14168477,16/08/2025,Radcliffe,Spennymoor,2.93684,0.03974,4.10871,0.55507,97.114,0.544,2.342
14168504,19/08/2025,Radcliffe,Worksop,2.68391,0.2156,2.7659,0.69347,86.114,3.837,10.049
14168523,25/08/2025,Radcliffe,Hereford,2.8545,0.08394,2.34841,0.1619,93.098,0.746,6.156
14168562,06/09/2025,Radcliffe,Marine,1.26408,1.46109,1.35365,1.48716,32.975,39.542,27.483
14168586,04/10/2025,Radcliffe,Alfreton,2.15664,0.61818,1.78596,0.74878,64.382,13.1,22.518
14168608,18/10/2025,Radcliffe,Bedford,2.15895,0.60267,2.06619,1.07092,64.019,12.143,23.838
14168618,21/10/2025,Radcliffe,Darlington,2.44246,0.42184,3.08474,1.2827,76.892,9.538,13.57
14168674,08/11/2025,Radcliffe,Chorley,1.21723,1.45402,0.91213,1.07134,29.616,37.509,32.875
14168711,29/11/2025,Radcliffe,Telford,1.53312,1.20351,1.59667,1.35566,42.325,31.338,26.337
14972548,02/12/2025,Radcliffe,Chester,1.31989,1.36126,0.95124,0.98132,33.368,34.747,31.885
14168731,20/12/2025,Radcliffe,Leamington,2.32388,0.44786,1.53239,0.41653,69.854,7.32,22.826
14168762,30/12/2025,Radcliffe,Fylde,2.15913,0.61104,1.69412,0.75465,64.31,12.707,22.983
14168798,24/01/2026,Radcliffe,Buxton,1.97959,0.84466,3.25943,2.28333,60.128,22.297,17.575
14168814,27/01/2026,Radcliffe,Scarborough,0.99227,1.72499,1.03161,1.42091,23.651,48.075,28.274
15326170,03/02/2026,Radcliffe,Oxford,1.66257,1.00473,1.14379,0.7705,44.329,22.401,33.27
14168835,07/02/2026,Radcliffe,King's Lynn,0.95105,1.7021,0.57482,0.98545,20.14,45.175,34.685
14168874,21/02/2026,Radcliffe,Peterborough,0.54679,2.2795,1.18742,2.55289,12.436,70.193,17.371
14168888,24/02/2026,Radcliffe,Southport,2.29694,0.49496,1.80835,0.55456,69.628,9.562,20.81
14168477,16/08/2025,Radcliffe,Spennymoor,2.93684,0.03974,4.10871,0.55507,97.114,0.544,2.342
14168504,19/08/2025,Radcliffe,Worksop,2.68391,0.2156,2.7659,0.69347,86.114,3.837,10.049
14168523,25/08/2025,Radcliffe,Hereford,2.8545,0.08394,2.34841,0.1619,93.098,0.746,6.156
14168562,06/09/2025,Radcliffe,Marine,1.26408,1.46109,1.35365,1.48716,32.975,39.542,27.483
14168586,04/10/2025,Radcliffe,Alfreton,2.15664,0.61818,1.78596,0.74878,64.382,13.1,22.518
14168608,18/10/2025,Radcliffe,Bedford,2.15895,0.60267,2.06619,1.07092,64.019,12.143,23.838
14168618,21/10/2025,Radcliffe,Darlington,2.44246,0.42184,3.08474,1.2827,76.892,9.538,13.57
14168674,08/11/2025,Radcliffe,Chorley,1.21723,1.45402,0.91213,1.07134,29.616,37.509,32.875
14168711,29/11/2025,Radcliffe,Telford,1.53312,1.20351,1.59667,1.35566,42.325,31.338,26.337
14972548,02/12/2025,Radcliffe,Chester,1.31989,1.36126,0.95124,0.98132,33.368,34.747,31.885
14168731,20/12/2025,Radcliffe,Leamington,2.32388,0.44786,1.53239,0.41653,69.854,7.32,22.826
14168762,30/12/2025,Radcliffe,Fylde,2.15913,0.61104,1.69412,0.75465,64.31,12.707,22.983
14168798,24/01/2026,Radcliffe,Buxton,1.97959,0.84466,3.25943,2.28333,60.128,22.297,17.575
14168814,27/01/2026,Radcliffe,Scarborough,0.99227,1.72499,1.03161,1.42091,23.651,48.075,28.274
15326170,03/02/2026,Radcliffe,Oxford,1.66257,1.00473,1.14379,0.7705,44.329,22.401,33.27
14168835,07/02/2026,Radcliffe,King's Lynn,0.95105,1.7021,0.57482,0.98545,20.14,45.175,34.685
14168874,21/02/2026,Radcliffe,Peterborough,0.54679,2.2795,1.18742,2.55289,12.436,70.193,17.371
14168888,24/02/2026,Radcliffe,Southport,2.29694,0.49496,1.80835,0.55456,69.628,9.562,20.81
14168906,07/03/2026,Radcliffe,Merthyr,0.40559,2.45405,1.48544,3.22192,8.841,77.123,14.036
14168607,16/08/2025,Scarborough,Fylde,1.86821,0.88424,1.95993,1.337,54.022,21.223,24.755
14168607,16/08/2025,Scarborough,Fylde,1.86821,0.88424,1.95993,1.337,54.022,21.223,24.755
14168515,23/08/2025,Scarborough,Peterborough,2.05825,0.72226,2.29071,1.35996,61.292,16.759,21.949
14168607,16/08/2025,Scarborough,Fylde,1.86821,0.88424,1.95993,1.337,54.022,21.223,24.755
14168515,23/08/2025,Scarborough,Peterborough,2.05825,0.72226,2.29071,1.35996,61.292,16.759,21.949
14168534,30/08/2025,Scarborough,Southport,0.68063,2.01482,0.50613,1.15917,12.536,57.009,30.455
14168607,16/08/2025,Scarborough,Fylde,1.86821,0.88424,1.95993,1.337,54.022,21.223,24.755
14168515,23/08/2025,Scarborough,Peterborough,2.05825,0.72226,2.29071,1.35996,61.292,16.759,21.949
14168534,30/08/2025,Scarborough,Southport,0.68063,2.01482,0.50613,1.15917,12.536,57.009,30.455
14168552,02/09/2025,Scarborough,Buxton,1.70748,0.9636,1.18039,0.75844,45.952,21.156,32.892
14168607,16/08/2025,Scarborough,Fylde,1.86821,0.88424,1.95993,1.337,54.022,21.223,24.755
14168515,23/08/2025,Scarborough,Peterborough,2.05825,0.72226,2.29071,1.35996,61.292,16.759,21.949
14168534,30/08/2025,Scarborough,Southport,0.68063,2.01482,0.50613,1.15917,12.536,57.009,30.455
14168552,02/09/2025,Scarborough,Buxton,1.70748,0.9636,1.18039,0.75844,45.952,21.156,32.892
14168573,20/09/2025,Scarborough,Oxford,2.24061,0.48582,1.32306,0.30989,65.568,7.075,27.357
14168607,16/08/2025,Scarborough,Fylde,1.86821,0.88424,1.95993,1.337,54.022,21.223,24.755
14168515,23/08/2025,Scarborough,Peterborough,2.05825,0.72226,2.29071,1.35996,61.292,16.759,21.949
14168534,30/08/2025,Scarborough,Southport,0.68063,2.01482,0.50613,1.15917,12.536,57.009,30.455
14168552,02/09/2025,Scarborough,Buxton,1.70748,0.9636,1.18039,0.75844,45.952,21.156,32.892
14168573,20/09/2025,Scarborough,Oxford,2.24061,0.48582,1.32306,0.30989,65.568,7.075,27.357
14168600,11/10/2025,Scarborough,Leamington,2.19615,0.50928,1.14441,0.26329,63.386,7.157,29.457
14168607,16/08/2025,Scarborough,Fylde,1.86821,0.88424,1.95993,1.337,54.022,21.223,24.755
14168515,23/08/2025,Scarborough,Peterborough,2.05825,0.72226,2.29071,1.35996,61.292,16.759,21.949
14168534,30/08/2025,Scarborough,Southport,0.68063,2.01482,0.50613,1.15917,12.536,57.009,30.455
14168552,02/09/2025,Scarborough,Buxton,1.70748,0.9636,1.18039,0.75844,45.952,21.156,32.892
14168573,20/09/2025,Scarborough,Oxford,2.24061,0.48582,1.32306,0.30989,65.568,7.075,27.357
14168600,11/10/2025,Scarborough,Leamington,2.19615,0.50928,1.14441,0.26329,63.386,7.157,29.457
14168637,25/10/2025,Scarborough,Marine,1.41511,1.25086,1.26194,1.21853,36.036,30.561,33.403
14168607,16/08/2025,Scarborough,Fylde,1.86821,0.88424,1.95993,1.337,54.022,21.223,24.755
14168515,23/08/2025,Scarborough,Peterborough,2.05825,0.72226,2.29071,1.35996,61.292,16.759,21.949
14168534,30/08/2025,Scarborough,Southport,0.68063,2.01482,0.50613,1.15917,12.536,57.009,30.455
14168552,02/09/2025,Scarborough,Buxton,1.70748,0.9636,1.18039,0.75844,45.952,21.156,32.892
14168573,20/09/2025,Scarborough,Oxford,2.24061,0.48582,1.32306,0.30989,65.568,7.075,27.357
14168600,11/10/2025,Scarborough,Leamington,2.19615,0.50928,1.14441,0.26329,63.386,7.157,29.457
14168637,25/10/2025,Scarborough,Marine,1.41511,1.25086,1.26194,1.21853,36.036,30.561,33.403
14168695,25/11/2025,Scarborough,Alfreton,1.31283,1.16403,0.42603,0.36489,26.323,21.363,52.314
14168607,16/08/2025,Scarborough,Fylde,1.86821,0.88424,1.95993,1.337,54.022,21.223,24.755
14168515,23/08/2025,Scarborough,Peterborough,2.05825,0.72226,2.29071,1.35996,61.292,16.759,21.949
14168534,30/08/2025,Scarborough,Southport,0.68063,2.01482,0.50613,1.15917,12.536,57.009,30.455
14168552,02/09/2025,Scarborough,Buxton,1.70748,0.9636,1.18039,0.75844,45.952,21.156,32.892
14168573,20/09/2025,Scarborough,Oxford,2.24061,0.48582,1.32306,0.30989,65.568,7.075,27.357
14168600,11/10/2025,Scarborough,Leamington,2.19615,0.50928,1.14441,0.26329,63.386,7.157,29.457
14168637,25/10/2025,Scarborough,Marine,1.41511,1.25086,1.26194,1.21853,36.036,30.561,33.403
14168695,25/11/2025,Scarborough,Alfreton,1.31283,1.16403,0.42603,0.36489,26.323,21.363,52.314
14168718,06/12/2025,Scarborough,Bedford,0.80971,1.93915,1.25877,1.91619,18.619,56.267,25.114
14168607,16/08/2025,Scarborough,Fylde,1.86821,0.88424,1.95993,1.337,54.022,21.223,24.755
14168515,23/08/2025,Scarborough,Peterborough,2.05825,0.72226,2.29071,1.35996,61.292,16.759,21.949
14168534,30/08/2025,Scarborough,Southport,0.68063,2.01482,0.50613,1.15917,12.536,57.009,30.455
14168552,02/09/2025,Scarborough,Buxton,1.70748,0.9636,1.18039,0.75844,45.952,21.156,32.892
14168573,20/09/2025,Scarborough,Oxford,2.24061,0.48582,1.32306,0.30989,65.568,7.075,27.357
14168600,11/10/2025,Scarborough,Leamington,2.19615,0.50928,1.14441,0.26329,63.386,7.157,29.457
14168637,25/10/2025,Scarborough,Marine,1.41511,1.25086,1.26194,1.21853,36.036,30.561,33.403
14168695,25/11/2025,Scarborough,Alfreton,1.31283,1.16403,0.42603,0.36489,26.323,21.363,52.314
14168718,06/12/2025,Scarborough,Bedford,0.80971,1.93915,1.25877,1.91619,18.619,56.267,25.114
14969967,16/12/2025,Scarborough,Radcliffe,0.48137,2.28683,0.43789,1.6033,8.319,68.501,23.18
14168607,16/08/2025,Scarborough,Fylde,1.86821,0.88424,1.95993,1.337,54.022,21.223,24.755
14168515,23/08/2025,Scarborough,Peterborough,2.05825,0.72226,2.29071,1.35996,61.292,16.759,21.949
14168534,30/08/2025,Scarborough,Southport,0.68063,2.01482,0.50613,1.15917,12.536,57.009,30.455
14168552,02/09/2025,Scarborough,Buxton,1.70748,0.9636,1.18039,0.75844,45.952,21.156,32.892
14168573,20/09/2025,Scarborough,Oxford,2.24061,0.48582,1.32306,0.30989,65.568,7.075,27.357
14168600,11/10/2025,Scarborough,Leamington,2.19615,0.50928,1.14441,0.26329,63.386,7.157,29.457
14168637,25/10/2025,Scarborough,Marine,1.41511,1.25086,1.26194,1.21853,36.036,30.561,33.403
14168695,25/11/2025,Scarborough,Alfreton,1.31283,1.16403,0.42603,0.36489,26.323,21.363,52.314
14168718,06/12/2025,Scarborough,Bedford,0.80971,1.93915,1.25877,1.91619,18.619,56.267,25.114
14969967,16/12/2025,Scarborough,Radcliffe,0.48137,2.28683,0.43789,1.6033,8.319,68.501,23.18
14168742,26/12/2025,Scarborough,Darlington,0.46774,2.30005,0.41858,1.60398,7.851,68.928,23.221
14168607,16/08/2025,Scarborough,Fylde,1.86821,0.88424,1.95993,1.337,54.022,21.223,24.755
14168515,23/08/2025,Scarborough,Peterborough,2.05825,0.72226,2.29071,1.35996,61.292,16.759,21.949
14168534,30/08/2025,Scarborough,Southport,0.68063,2.01482,0.50613,1.15917,12.536,57.009,30.455
14168552,02/09/2025,Scarborough,Buxton,1.70748,0.9636,1.18039,0.75844,45.952,21.156,32.892
14168573,20/09/2025,Scarborough,Oxford,2.24061,0.48582,1.32306,0.30989,65.568,7.075,27.357
14168600,11/10/2025,Scarborough,Leamington,2.19615,0.50928,1.14441,0.26329,63.386,7.157,29.457
14168637,25/10/2025,Scarborough,Marine,1.41511,1.25086,1.26194,1.21853,36.036,30.561,33.403
14168695,25/11/2025,Scarborough,Alfreton,1.31283,1.16403,0.42603,0.36489,26.323,21.363,52.314
14168718,06/12/2025,Scarborough,Bedford,0.80971,1.93915,1.25877,1.91619,18.619,56.267,25.114
14969967,16/12/2025,Scarborough,Radcliffe,0.48137,2.28683,0.43789,1.6033,8.319,68.501,23.18
14168742,26/12/2025,Scarborough,Darlington,0.46774,2.30005,0.41858,1.60398,7.851,68.928,23.221
14168779,10/01/2026,Scarborough,Chester,0.71219,2.04395,1.00672,1.85033,15.611,60.003,24.386
14168607,16/08/2025,Scarborough,Fylde,1.86821,0.88424,1.95993,1.337,54.022,21.223,24.755
14168515,23/08/2025,Scarborough,Peterborough,2.05825,0.72226,2.29071,1.35996,61.292,16.759,21.949
14168534,30/08/2025,Scarborough,Southport,0.68063,2.01482,0.50613,1.15917,12.536,57.009,30.455
14168552,02/09/2025,Scarborough,Buxton,1.70748,0.9636,1.18039,0.75844,45.952,21.156,32.892
14168573,20/09/2025,Scarborough,Oxford,2.24061,0.48582,1.32306,0.30989,65.568,7.075,27.357
14168600,11/10/2025,Scarborough,Leamington,2.19615,0.50928,1.14441,0.26329,63.386,7.157,29.457
14168637,25/10/2025,Scarborough,Marine,1.41511,1.25086,1.26194,1.21853,36.036,30.561,33.403
14168695,25/11/2025,Scarborough,Alfreton,1.31283,1.16403,0.42603,0.36489,26.323,21.363,52.314
14168718,06/12/2025,Scarborough,Bedford,0.80971,1.93915,1.25877,1.91619,18.619,56.267,25.114
14969967,16/12/2025,Scarborough,Radcliffe,0.48137,2.28683,0.43789,1.6033,8.319,68.501,23.18
14168742,26/12/2025,Scarborough,Darlington,0.46774,2.30005,0.41858,1.60398,7.851,68.928,23.221
14168779,10/01/2026,Scarborough,Chester,0.71219,2.04395,1.00672,1.85033,15.611,60.003,24.386
14168799,24/01/2026,Scarborough,Kidderminster,0.27539,2.5592,0.32628,1.78361,3.666,79.793,16.541
14168607,16/08/2025,Scarborough,Fylde,1.86821,0.88424,1.95993,1.337,54.022,21.223,24.755
14168515,23/08/2025,Scarborough,Peterborough,2.05825,0.72226,2.29071,1.35996,61.292,16.759,21.949
14168534,30/08/2025,Scarborough,Southport,0.68063,2.01482,0.50613,1.15917,12.536,57.009,30.455
14168552,02/09/2025,Scarborough,Buxton,1.70748,0.9636,1.18039,0.75844,45.952,21.156,32.892
14168573,20/09/2025,Scarborough,Oxford,2.24061,0.48582,1.32306,0.30989,65.568,7.075,27.357
14168600,11/10/2025,Scarborough,Leamington,2.19615,0.50928,1.14441,0.26329,63.386,7.157,29.457
14168637,25/10/2025,Scarborough,Marine,1.41511,1.25086,1.26194,1.21853,36.036,30.561,33.403
14168695,25/11/2025,Scarborough,Alfreton,1.31283,1.16403,0.42603,0.36489,26.323,21.363,52.314
14168718,06/12/2025,Scarborough,Bedford,0.80971,1.93915,1.25877,1.91619,18.619,56.267,25.114
14969967,16/12/2025,Scarborough,Radcliffe,0.48137,2.28683,0.43789,1.6033,8.319,68.501,23.18
14168742,26/12/2025,Scarborough,Darlington,0.46774,2.30005,0.41858,1.60398,7.851,68.928,23.221
14168779,10/01/2026,Scarborough,Chester,0.71219,2.04395,1.00672,1.85033,15.611,60.003,24.386
14168799,24/01/2026,Scarborough,Kidderminster,0.27539,2.5592,0.32628,1.78361,3.666,79.793,16.541
14168829,31/01/2026,Scarborough,Worksop,2.36186,0.39743,1.35655,0.30082,70.705,5.224,24.071
14168607,16/08/2025,Scarborough,Fylde,1.86821,0.88424,1.95993,1.337,54.022,21.223,24.755
14168515,23/08/2025,Scarborough,Peterborough,2.05825,0.72226,2.29071,1.35996,61.292,16.759,21.949
14168534,30/08/2025,Scarborough,Southport,0.68063,2.01482,0.50613,1.15917,12.536,57.009,30.455
14168552,02/09/2025,Scarborough,Buxton,1.70748,0.9636,1.18039,0.75844,45.952,21.156,32.892
14168573,20/09/2025,Scarborough,Oxford,2.24061,0.48582,1.32306,0.30989,65.568,7.075,27.357
14168600,11/10/2025,Scarborough,Leamington,2.19615,0.50928,1.14441,0.26329,63.386,7.157,29.457
14168637,25/10/2025,Scarborough,Marine,1.41511,1.25086,1.26194,1.21853,36.036,30.561,33.403
14168695,25/11/2025,Scarborough,Alfreton,1.31283,1.16403,0.42603,0.36489,26.323,21.363,52.314
14168718,06/12/2025,Scarborough,Bedford,0.80971,1.93915,1.25877,1.91619,18.619,56.267,25.114
14969967,16/12/2025,Scarborough,Radcliffe,0.48137,2.28683,0.43789,1.6033,8.319,68.501,23.18
14168742,26/12/2025,Scarborough,Darlington,0.46774,2.30005,0.41858,1.60398,7.851,68.928,23.221
14168779,10/01/2026,Scarborough,Chester,0.71219,2.04395,1.00672,1.85033,15.611,60.003,24.386
14168799,24/01/2026,Scarborough,Kidderminster,0.27539,2.5592,0.32628,1.78361,3.666,79.793,16.541
14168829,31/01/2026,Scarborough,Worksop,2.36186,0.39743,1.35655,0.30082,70.705,5.224,24.071
14168854,10/02/2026,Scarborough,South Shields,2.05345,0.67168,1.39159,0.64407,59.286,13.227,27.487
14168607,16/08/2025,Scarborough,Fylde,1.86821,0.88424,1.95993,1.337,54.022,21.223,24.755
14168515,23/08/2025,Scarborough,Peterborough,2.05825,0.72226,2.29071,1.35996,61.292,16.759,21.949
14168534,30/08/2025,Scarborough,Southport,0.68063,2.01482,0.50613,1.15917,12.536,57.009,30.455
14168552,02/09/2025,Scarborough,Buxton,1.70748,0.9636,1.18039,0.75844,45.952,21.156,32.892
14168573,20/09/2025,Scarborough,Oxford,2.24061,0.48582,1.32306,0.30989,65.568,7.075,27.357
14168600,11/10/2025,Scarborough,Leamington,2.19615,0.50928,1.14441,0.26329,63.386,7.157,29.457
14168637,25/10/2025,Scarborough,Marine,1.41511,1.25086,1.26194,1.21853,36.036,30.561,33.403
14168695,25/11/2025,Scarborough,Alfreton,1.31283,1.16403,0.42603,0.36489,26.323,21.363,52.314
14168718,06/12/2025,Scarborough,Bedford,0.80971,1.93915,1.25877,1.91619,18.619,56.267,25.114
14969967,16/12/2025,Scarborough,Radcliffe,0.48137,2.28683,0.43789,1.6033,8.319,68.501,23.18
14168742,26/12/2025,Scarborough,Darlington,0.46774,2.30005,0.41858,1.60398,7.851,68.928,23.221
14168779,10/01/2026,Scarborough,Chester,0.71219,2.04395,1.00672,1.85033,15.611,60.003,24.386
14168799,24/01/2026,Scarborough,Kidderminster,0.27539,2.5592,0.32628,1.78361,3.666,79.793,16.541
14168829,31/01/2026,Scarborough,Worksop,2.36186,0.39743,1.35655,0.30082,70.705,5.224,24.071
14168854,10/02/2026,Scarborough,South Shields,2.05345,0.67168,1.39159,0.64407,59.286,13.227,27.487
14168863,14/02/2026,Scarborough,Curzon Ashton,1.63469,1.07333,1.42189,1.11102,44.757,26.045,29.198
14168607,16/08/2025,Scarborough,Fylde,1.86821,0.88424,1.95993,1.337,54.022,21.223,24.755
14168515,23/08/2025,Scarborough,Peterborough,2.05825,0.72226,2.29071,1.35996,61.292,16.759,21.949
14168534,30/08/2025,Scarborough,Southport,0.68063,2.01482,0.50613,1.15917,12.536,57.009,30.455
14168552,02/09/2025,Scarborough,Buxton,1.70748,0.9636,1.18039,0.75844,45.952,21.156,32.892
14168573,20/09/2025,Scarborough,Oxford,2.24061,0.48582,1.32306,0.30989,65.568,7.075,27.357
14168600,11/10/2025,Scarborough,Leamington,2.19615,0.50928,1.14441,0.26329,63.386,7.157,29.457
14168637,25/10/2025,Scarborough,Marine,1.41511,1.25086,1.26194,1.21853,36.036,30.561,33.403
14168695,25/11/2025,Scarborough,Alfreton,1.31283,1.16403,0.42603,0.36489,26.323,21.363,52.314
14168718,06/12/2025,Scarborough,Bedford,0.80971,1.93915,1.25877,1.91619,18.619,56.267,25.114
14969967,16/12/2025,Scarborough,Radcliffe,0.48137,2.28683,0.43789,1.6033,8.319,68.501,23.18
14168742,26/12/2025,Scarborough,Darlington,0.46774,2.30005,0.41858,1.60398,7.851,68.928,23.221
14168779,10/01/2026,Scarborough,Chester,0.71219,2.04395,1.00672,1.85033,15.611,60.003,24.386
14168799,24/01/2026,Scarborough,Kidderminster,0.27539,2.5592,0.32628,1.78361,3.666,79.793,16.541
14168829,31/01/2026,Scarborough,Worksop,2.36186,0.39743,1.35655,0.30082,70.705,5.224,24.071
14168854,10/02/2026,Scarborough,South Shields,2.05345,0.67168,1.39159,0.64407,59.286,13.227,27.487
14168863,14/02/2026,Scarborough,Curzon Ashton,1.63469,1.07333,1.42189,1.11102,44.757,26.045,29.198
14168899,28/02/2026,Scarborough,Macclesfield,1.33699,1.43731,2.26557,2.35931,37.043,40.387,22.57
14168607,16/08/2025,Scarborough,Fylde,1.86821,0.88424,1.95993,1.337,54.022,21.223,24.755
14168515,23/08/2025,Scarborough,Peterborough,2.05825,0.72226,2.29071,1.35996,61.292,16.759,21.949
14168534,30/08/2025,Scarborough,Southport,0.68063,2.01482,0.50613,1.15917,12.536,57.009,30.455
14168552,02/09/2025,Scarborough,Buxton,1.70748,0.9636,1.18039,0.75844,45.952,21.156,32.892
14168573,20/09/2025,Scarborough,Oxford,2.24061,0.48582,1.32306,0.30989,65.568,7.075,27.357
14168600,11/10/2025,Scarborough,Leamington,2.19615,0.50928,1.14441,0.26329,63.386,7.157,29.457
14168637,25/10/2025,Scarborough,Marine,1.41511,1.25086,1.26194,1.21853,36.036,30.561,33.403
14168695,25/11/2025,Scarborough,Alfreton,1.31283,1.16403,0.42603,0.36489,26.323,21.363,52.314
14168718,06/12/2025,Scarborough,Bedford,0.80971,1.93915,1.25877,1.91619,18.619,56.267,25.114
14969967,16/12/2025,Scarborough,Radcliffe,0.48137,2.28683,0.43789,1.6033,8.319,68.501,23.18
14168742,26/12/2025,Scarborough,Darlington,0.46774,2.30005,0.41858,1.60398,7.851,68.928,23.221
14168779,10/01/2026,Scarborough,Chester,0.71219,2.04395,1.00672,1.85033,15.611,60.003,24.386
14168799,24/01/2026,Scarborough,Kidderminster,0.27539,2.5592,0.32628,1.78361,3.666,79.793,16.541
14168829,31/01/2026,Scarborough,Worksop,2.36186,0.39743,1.35655,0.30082,70.705,5.224,24.071
14168854,10/02/2026,Scarborough,South Shields,2.05345,0.67168,1.39159,0.64407,59.286,13.227,27.487
14168863,14/02/2026,Scarborough,Curzon Ashton,1.63469,1.07333,1.42189,1.11102,44.757,26.045,29.198
14168899,28/02/2026,Scarborough,Macclesfield,1.33699,1.43731,2.26557,2.35931,37.043,40.387,22.57
15326173,03/03/2026,Scarborough,Hereford,1.04287,1.52638,0.43825,0.65357,20.404,36.521,43.075
14168607,16/08/2025,Scarborough,Fylde,1.86821,0.88424,1.95993,1.337,54.022,21.223,24.755
14168515,23/08/2025,Scarborough,Peterborough,2.05825,0.72226,2.29071,1.35996,61.292,16.759,21.949
14168534,30/08/2025,Scarborough,Southport,0.68063,2.01482,0.50613,1.15917,12.536,57.009,30.455
14168552,02/09/2025,Scarborough,Buxton,1.70748,0.9636,1.18039,0.75844,45.952,21.156,32.892
14168573,20/09/2025,Scarborough,Oxford,2.24061,0.48582,1.32306,0.30989,65.568,7.075,27.357
14168600,11/10/2025,Scarborough,Leamington,2.19615,0.50928,1.14441,0.26329,63.386,7.157,29.457
14168637,25/10/2025,Scarborough,Marine,1.41511,1.25086,1.26194,1.21853,36.036,30.561,33.403
14168695,25/11/2025,Scarborough,Alfreton,1.31283,1.16403,0.42603,0.36489,26.323,21.363,52.314
14168718,06/12/2025,Scarborough,Bedford,0.80971,1.93915,1.25877,1.91619,18.619,56.267,25.114
14969967,16/12/2025,Scarborough,Radcliffe,0.48137,2.28683,0.43789,1.6033,8.319,68.501,23.18
14168742,26/12/2025,Scarborough,Darlington,0.46774,2.30005,0.41858,1.60398,7.851,68.928,23.221
14168779,10/01/2026,Scarborough,Chester,0.71219,2.04395,1.00672,1.85033,15.611,60.003,24.386
14168799,24/01/2026,Scarborough,Kidderminster,0.27539,2.5592,0.32628,1.78361,3.666,79.793,16.541
14168829,31/01/2026,Scarborough,Worksop,2.36186,0.39743,1.35655,0.30082,70.705,5.224,24.071
14168854,10/02/2026,Scarborough,South Shields,2.05345,0.67168,1.39159,0.64407,59.286,13.227,27.487
14168863,14/02/2026,Scarborough,Curzon Ashton,1.63469,1.07333,1.42189,1.11102,44.757,26.045,29.198
14168899,28/02/2026,Scarborough,Macclesfield,1.33699,1.43731,2.26557,2.35931,37.043,40.387,22.57
15326173,03/03/2026,Scarborough,Hereford,1.04287,1.52638,0.43825,0.65357,20.404,36.521,43.075
14168922,10/03/2026,Scarborough,King's Lynn,1.95674,0.71102,1.00492,0.41065,54.15,12.626,33.224
14168607,16/08/2025,Scarborough,Fylde,1.86821,0.88424,1.95993,1.337,54.022,21.223,24.755
14168515,23/08/2025,Scarborough,Peterborough,2.05825,0.72226,2.29071,1.35996,61.292,16.759,21.949
14168534,30/08/2025,Scarborough,Southport,0.68063,2.01482,0.50613,1.15917,12.536,57.009,30.455
14168552,02/09/2025,Scarborough,Buxton,1.70748,0.9636,1.18039,0.75844,45.952,21.156,32.892
14168573,20/09/2025,Scarborough,Oxford,2.24061,0.48582,1.32306,0.30989,65.568,7.075,27.357
14168600,11/10/2025,Scarborough,Leamington,2.19615,0.50928,1.14441,0.26329,63.386,7.157,29.457
14168637,25/10/2025,Scarborough,Marine,1.41511,1.25086,1.26194,1.21853,36.036,30.561,33.403
14168695,25/11/2025,Scarborough,Alfreton,1.31283,1.16403,0.42603,0.36489,26.323,21.363,52.314
14168718,06/12/2025,Scarborough,Bedford,0.80971,1.93915,1.25877,1.91619,18.619,56.267,25.114
14969967,16/12/2025,Scarborough,Radcliffe,0.48137,2.28683,0.43789,1.6033,8.319,68.501,23.18
14168742,26/12/2025,Scarborough,Darlington,0.46774,2.30005,0.41858,1.60398,7.851,68.928,23.221
14168779,10/01/2026,Scarborough,Chester,0.71219,2.04395,1.00672,1.85033,15.611,60.003,24.386
14168799,24/01/2026,Scarborough,Kidderminster,0.27539,2.5592,0.32628,1.78361,3.666,79.793,16.541
14168829,31/01/2026,Scarborough,Worksop,2.36186,0.39743,1.35655,0.30082,70.705,5.224,24.071
14168854,10/02/2026,Scarborough,South Shields,2.05345,0.67168,1.39159,0.64407,59.286,13.227,27.487
14168863,14/02/2026,Scarborough,Curzon Ashton,1.63469,1.07333,1.42189,1.11102,44.757,26.045,29.198
14168899,28/02/2026,Scarborough,Macclesfield,1.33699,1.43731,2.26557,2.35931,37.043,40.387,22.57
15326173,03/03/2026,Scarborough,Hereford,1.04287,1.52638,0.43825,0.65357,20.404,36.521,43.075
14168922,10/03/2026,Scarborough,King's Lynn,1.95674,0.71102,1.00492,0.41065,54.15,12.626,33.224
14168935,14/03/2026,Scarborough,Telford,1.20635,1.47161,0.98049,1.10567,29.477,38.319,32.204
14168607,16/08/2025,Scarborough,Fylde,1.86821,0.88424,1.95993,1.337,54.022,21.223,24.755
14168515,23/08/2025,Scarborough,Peterborough,2.05825,0.72226,2.29071,1.35996,61.292,16.759,21.949
14168534,30/08/2025,Scarborough,Southport,0.68063,2.01482,0.50613,1.15917,12.536,57.009,30.455
14168552,02/09/2025,Scarborough,Buxton,1.70748,0.9636,1.18039,0.75844,45.952,21.156,32.892
14168573,20/09/2025,Scarborough,Oxford,2.24061,0.48582,1.32306,0.30989,65.568,7.075,27.357
14168600,11/10/2025,Scarborough,Leamington,2.19615,0.50928,1.14441,0.26329,63.386,7.157,29.457
14168637,25/10/2025,Scarborough,Marine,1.41511,1.25086,1.26194,1.21853,36.036,30.561,33.403
14168695,25/11/2025,Scarborough,Alfreton,1.31283,1.16403,0.42603,0.36489,26.323,21.363,52.314
14168718,06/12/2025,Scarborough,Bedford,0.80971,1.93915,1.25877,1.91619,18.619,56.267,25.114
14969967,16/12/2025,Scarborough,Radcliffe,0.48137,2.28683,0.43789,1.6033,8.319,68.501,23.18
14168742,26/12/2025,Scarborough,Darlington,0.46774,2.30005,0.41858,1.60398,7.851,68.928,23.221
14168779,10/01/2026,Scarborough,Chester,0.71219,2.04395,1.00672,1.85033,15.611,60.003,24.386
14168799,24/01/2026,Scarborough,Kidderminster,0.27539,2.5592,0.32628,1.78361,3.666,79.793,16.541
14168829,31/01/2026,Scarborough,Worksop,2.36186,0.39743,1.35655,0.30082,70.705,5.224,24.071
14168854,10/02/2026,Scarborough,South Shields,2.05345,0.67168,1.39159,0.64407,59.286,13.227,27.487
14168863,14/02/2026,Scarborough,Curzon Ashton,1.63469,1.07333,1.42189,1.11102,44.757,26.045,29.198
14168899,28/02/2026,Scarborough,Macclesfield,1.33699,1.43731,2.26557,2.35931,37.043,40.387,22.57
15326173,03/03/2026,Scarborough,Hereford,1.04287,1.52638,0.43825,0.65357,20.404,36.521,43.075
14168922,10/03/2026,Scarborough,King's Lynn,1.95674,0.71102,1.00492,0.41065,54.15,12.626,33.224
14168935,14/03/2026,Scarborough,Telford,1.20635,1.47161,0.98049,1.10567,29.477,38.319,32.204
14168959,28/03/2026,Scarborough,Chorley,0.77866,1.90516,0.50938,1.14559,15.416,52.966,31.618
14168481,16/08/2025,Southport,Bedford,1.12876,1.58614,1.15247,1.43119,28.122,43.368,28.51
14168481,16/08/2025,Southport,Bedford,1.12876,1.58614,1.15247,1.43119,28.122,43.368,28.51
14168508,19/08/2025,Southport,Macclesfield,0.39371,2.42297,0.54129,1.93504,7.013,74.655,18.332
14168481,16/08/2025,Southport,Bedford,1.12876,1.58614,1.15247,1.43119,28.122,43.368,28.51
14168508,19/08/2025,Southport,Macclesfield,0.39371,2.42297,0.54129,1.93504,7.013,74.655,18.332
14168529,25/08/2025,Southport,Fylde,1.82188,0.90298,1.71282,1.19226,51.558,20.928,27.514
14168481,16/08/2025,Southport,Bedford,1.12876,1.58614,1.15247,1.43119,28.122,43.368,28.51
14168508,19/08/2025,Southport,Macclesfield,0.39371,2.42297,0.54129,1.93504,7.013,74.655,18.332
14168529,25/08/2025,Southport,Fylde,1.82188,0.90298,1.71282,1.19226,51.558,20.928,27.514
14168563,06/09/2025,Southport,South Shields,1.03798,1.68886,1.2696,1.6987,25.494,47.19,27.316
14168481,16/08/2025,Southport,Bedford,1.12876,1.58614,1.15247,1.43119,28.122,43.368,28.51
14168508,19/08/2025,Southport,Macclesfield,0.39371,2.42297,0.54129,1.93504,7.013,74.655,18.332
14168529,25/08/2025,Southport,Fylde,1.82188,0.90298,1.71282,1.19226,51.558,20.928,27.514
14168563,06/09/2025,Southport,South Shields,1.03798,1.68886,1.2696,1.6987,25.494,47.19,27.316
14168621,21/10/2025,Southport,Chorley,1.78647,0.88953,1.1044,0.58949,48.749,18.851,32.4
14168481,16/08/2025,Southport,Bedford,1.12876,1.58614,1.15247,1.43119,28.122,43.368,28.51
14168508,19/08/2025,Southport,Macclesfield,0.39371,2.42297,0.54129,1.93504,7.013,74.655,18.332
14168529,25/08/2025,Southport,Fylde,1.82188,0.90298,1.71282,1.19226,51.558,20.928,27.514
14168563,06/09/2025,Southport,South Shields,1.03798,1.68886,1.2696,1.6987,25.494,47.19,27.316
14168621,21/10/2025,Southport,Chorley,1.78647,0.88953,1.1044,0.58949,48.749,18.851,32.4
14843593,28/10/2025,Southport,Peterborough,0.62012,2.16518,1.04233,2.04495,13.514,65.016,21.47
14168481,16/08/2025,Southport,Bedford,1.12876,1.58614,1.15247,1.43119,28.122,43.368,28.51
14168508,19/08/2025,Southport,Macclesfield,0.39371,2.42297,0.54129,1.93504,7.013,74.655,18.332
14168529,25/08/2025,Southport,Fylde,1.82188,0.90298,1.71282,1.19226,51.558,20.928,27.514
14168563,06/09/2025,Southport,South Shields,1.03798,1.68886,1.2696,1.6987,25.494,47.19,27.316
14168621,21/10/2025,Southport,Chorley,1.78647,0.88953,1.1044,0.58949,48.749,18.851,32.4
14843593,28/10/2025,Southport,Peterborough,0.62012,2.16518,1.04233,2.04495,13.514,65.016,21.47
14168647,01/11/2025,Southport,King's Lynn,0.93272,1.75505,0.67291,1.147,20.683,48.094,31.223
14168481,16/08/2025,Southport,Bedford,1.12876,1.58614,1.15247,1.43119,28.122,43.368,28.51
14168508,19/08/2025,Southport,Macclesfield,0.39371,2.42297,0.54129,1.93504,7.013,74.655,18.332
14168529,25/08/2025,Southport,Fylde,1.82188,0.90298,1.71282,1.19226,51.558,20.928,27.514
14168563,06/09/2025,Southport,South Shields,1.03798,1.68886,1.2696,1.6987,25.494,47.19,27.316
14168621,21/10/2025,Southport,Chorley,1.78647,0.88953,1.1044,0.58949,48.749,18.851,32.4
14843593,28/10/2025,Southport,Peterborough,0.62012,2.16518,1.04233,2.04495,13.514,65.016,21.47
14168647,01/11/2025,Southport,King's Lynn,0.93272,1.75505,0.67291,1.147,20.683,48.094,31.223
14877776,11/11/2025,Southport,Chester,0.96008,1.80593,1.90942,2.43644,24.203,52.398,23.399
14168481,16/08/2025,Southport,Bedford,1.12876,1.58614,1.15247,1.43119,28.122,43.368,28.51
14168508,19/08/2025,Southport,Macclesfield,0.39371,2.42297,0.54129,1.93504,7.013,74.655,18.332
14168529,25/08/2025,Southport,Fylde,1.82188,0.90298,1.71282,1.19226,51.558,20.928,27.514
14168563,06/09/2025,Southport,South Shields,1.03798,1.68886,1.2696,1.6987,25.494,47.19,27.316
14168621,21/10/2025,Southport,Chorley,1.78647,0.88953,1.1044,0.58949,48.749,18.851,32.4
14843593,28/10/2025,Southport,Peterborough,0.62012,2.16518,1.04233,2.04495,13.514,65.016,21.47
14168647,01/11/2025,Southport,King's Lynn,0.93272,1.75505,0.67291,1.147,20.683,48.094,31.223
14877776,11/11/2025,Southport,Chester,0.96008,1.80593,1.90942,2.43644,24.203,52.398,23.399
14168684,22/11/2025,Southport,Kidderminster,0.43408,2.35261,0.41298,1.67124,7.359,71.31,21.331
14168481,16/08/2025,Southport,Bedford,1.12876,1.58614,1.15247,1.43119,28.122,43.368,28.51
14168508,19/08/2025,Southport,Macclesfield,0.39371,2.42297,0.54129,1.93504,7.013,74.655,18.332
14168529,25/08/2025,Southport,Fylde,1.82188,0.90298,1.71282,1.19226,51.558,20.928,27.514
14168563,06/09/2025,Southport,South Shields,1.03798,1.68886,1.2696,1.6987,25.494,47.19,27.316
14168621,21/10/2025,Southport,Chorley,1.78647,0.88953,1.1044,0.58949,48.749,18.851,32.4
14843593,28/10/2025,Southport,Peterborough,0.62012,2.16518,1.04233,2.04495,13.514,65.016,21.47
14168647,01/11/2025,Southport,King's Lynn,0.93272,1.75505,0.67291,1.147,20.683,48.094,31.223
14877776,11/11/2025,Southport,Chester,0.96008,1.80593,1.90942,2.43644,24.203,52.398,23.399
14168684,22/11/2025,Southport,Kidderminster,0.43408,2.35261,0.41298,1.67124,7.359,71.31,21.331
14168698,25/11/2025,Southport,Radcliffe,1.24593,1.47471,1.38161,1.53422,32.219,39.845,27.936
14168481,16/08/2025,Southport,Bedford,1.12876,1.58614,1.15247,1.43119,28.122,43.368,28.51
14168508,19/08/2025,Southport,Macclesfield,0.39371,2.42297,0.54129,1.93504,7.013,74.655,18.332
14168529,25/08/2025,Southport,Fylde,1.82188,0.90298,1.71282,1.19226,51.558,20.928,27.514
14168563,06/09/2025,Southport,South Shields,1.03798,1.68886,1.2696,1.6987,25.494,47.19,27.316
14168621,21/10/2025,Southport,Chorley,1.78647,0.88953,1.1044,0.58949,48.749,18.851,32.4
14843593,28/10/2025,Southport,Peterborough,0.62012,2.16518,1.04233,2.04495,13.514,65.016,21.47
14168647,01/11/2025,Southport,King's Lynn,0.93272,1.75505,0.67291,1.147,20.683,48.094,31.223
14877776,11/11/2025,Southport,Chester,0.96008,1.80593,1.90942,2.43644,24.203,52.398,23.399
14168684,22/11/2025,Southport,Kidderminster,0.43408,2.35261,0.41298,1.67124,7.359,71.31,21.331
14168698,25/11/2025,Southport,Radcliffe,1.24593,1.47471,1.38161,1.53422,32.219,39.845,27.936
14168732,20/12/2025,Southport,Worksop,0.66911,2.12573,1.32179,2.34104,15.465,64.019,20.516
14168481,16/08/2025,Southport,Bedford,1.12876,1.58614,1.15247,1.43119,28.122,43.368,28.51
14168508,19/08/2025,Southport,Macclesfield,0.39371,2.42297,0.54129,1.93504,7.013,74.655,18.332
14168529,25/08/2025,Southport,Fylde,1.82188,0.90298,1.71282,1.19226,51.558,20.928,27.514
14168563,06/09/2025,Southport,South Shields,1.03798,1.68886,1.2696,1.6987,25.494,47.19,27.316
14168621,21/10/2025,Southport,Chorley,1.78647,0.88953,1.1044,0.58949,48.749,18.851,32.4
14843593,28/10/2025,Southport,Peterborough,0.62012,2.16518,1.04233,2.04495,13.514,65.016,21.47
14168647,01/11/2025,Southport,King's Lynn,0.93272,1.75505,0.67291,1.147,20.683,48.094,31.223
14877776,11/11/2025,Southport,Chester,0.96008,1.80593,1.90942,2.43644,24.203,52.398,23.399
14168684,22/11/2025,Southport,Kidderminster,0.43408,2.35261,0.41298,1.67124,7.359,71.31,21.331
14168698,25/11/2025,Southport,Radcliffe,1.24593,1.47471,1.38161,1.53422,32.219,39.845,27.936
14168732,20/12/2025,Southport,Worksop,0.66911,2.12573,1.32179,2.34104,15.465,64.019,20.516
14168756,30/12/2025,Southport,Curzon Ashton,0.53812,2.3062,1.4967,2.97663,12.748,71.684,15.568
14168481,16/08/2025,Southport,Bedford,1.12876,1.58614,1.15247,1.43119,28.122,43.368,28.51
14168508,19/08/2025,Southport,Macclesfield,0.39371,2.42297,0.54129,1.93504,7.013,74.655,18.332
14168529,25/08/2025,Southport,Fylde,1.82188,0.90298,1.71282,1.19226,51.558,20.928,27.514
14168563,06/09/2025,Southport,South Shields,1.03798,1.68886,1.2696,1.6987,25.494,47.19,27.316
14168621,21/10/2025,Southport,Chorley,1.78647,0.88953,1.1044,0.58949,48.749,18.851,32.4
14843593,28/10/2025,Southport,Peterborough,0.62012,2.16518,1.04233,2.04495,13.514,65.016,21.47
14168647,01/11/2025,Southport,King's Lynn,0.93272,1.75505,0.67291,1.147,20.683,48.094,31.223
14877776,11/11/2025,Southport,Chester,0.96008,1.80593,1.90942,2.43644,24.203,52.398,23.399
14168684,22/11/2025,Southport,Kidderminster,0.43408,2.35261,0.41298,1.67124,7.359,71.31,21.331
14168698,25/11/2025,Southport,Radcliffe,1.24593,1.47471,1.38161,1.53422,32.219,39.845,27.936
14168732,20/12/2025,Southport,Worksop,0.66911,2.12573,1.32179,2.34104,15.465,64.019,20.516
14168756,30/12/2025,Southport,Curzon Ashton,0.53812,2.3062,1.4967,2.97663,12.748,71.684,15.568
14168767,03/01/2026,Southport,Scarborough,2.19618,0.58752,1.88284,0.80147,65.996,12.374,21.63
14168481,16/08/2025,Southport,Bedford,1.12876,1.58614,1.15247,1.43119,28.122,43.368,28.51
14168508,19/08/2025,Southport,Macclesfield,0.39371,2.42297,0.54129,1.93504,7.013,74.655,18.332
14168529,25/08/2025,Southport,Fylde,1.82188,0.90298,1.71282,1.19226,51.558,20.928,27.514
14168563,06/09/2025,Southport,South Shields,1.03798,1.68886,1.2696,1.6987,25.494,47.19,27.316
14168621,21/10/2025,Southport,Chorley,1.78647,0.88953,1.1044,0.58949,48.749,18.851,32.4
14843593,28/10/2025,Southport,Peterborough,0.62012,2.16518,1.04233,2.04495,13.514,65.016,21.47
14168647,01/11/2025,Southport,King's Lynn,0.93272,1.75505,0.67291,1.147,20.683,48.094,31.223
14877776,11/11/2025,Southport,Chester,0.96008,1.80593,1.90942,2.43644,24.203,52.398,23.399
14168684,22/11/2025,Southport,Kidderminster,0.43408,2.35261,0.41298,1.67124,7.359,71.31,21.331
14168698,25/11/2025,Southport,Radcliffe,1.24593,1.47471,1.38161,1.53422,32.219,39.845,27.936
14168732,20/12/2025,Southport,Worksop,0.66911,2.12573,1.32179,2.34104,15.465,64.019,20.516
14168756,30/12/2025,Southport,Curzon Ashton,0.53812,2.3062,1.4967,2.97663,12.748,71.684,15.568
14168767,03/01/2026,Southport,Scarborough,2.19618,0.58752,1.88284,0.80147,65.996,12.374,21.63
14168804,24/01/2026,Southport,Merthyr,2.66328,0.21669,2.24779,0.37253,84.775,3.222,12.003
14168481,16/08/2025,Southport,Bedford,1.12876,1.58614,1.15247,1.43119,28.122,43.368,28.51
14168508,19/08/2025,Southport,Macclesfield,0.39371,2.42297,0.54129,1.93504,7.013,74.655,18.332
14168529,25/08/2025,Southport,Fylde,1.82188,0.90298,1.71282,1.19226,51.558,20.928,27.514
14168563,06/09/2025,Southport,South Shields,1.03798,1.68886,1.2696,1.6987,25.494,47.19,27.316
14168621,21/10/2025,Southport,Chorley,1.78647,0.88953,1.1044,0.58949,48.749,18.851,32.4
14843593,28/10/2025,Southport,Peterborough,0.62012,2.16518,1.04233,2.04495,13.514,65.016,21.47
14168647,01/11/2025,Southport,King's Lynn,0.93272,1.75505,0.67291,1.147,20.683,48.094,31.223
14877776,11/11/2025,Southport,Chester,0.96008,1.80593,1.90942,2.43644,24.203,52.398,23.399
14168684,22/11/2025,Southport,Kidderminster,0.43408,2.35261,0.41298,1.67124,7.359,71.31,21.331
14168698,25/11/2025,Southport,Radcliffe,1.24593,1.47471,1.38161,1.53422,32.219,39.845,27.936
14168732,20/12/2025,Southport,Worksop,0.66911,2.12573,1.32179,2.34104,15.465,64.019,20.516
14168756,30/12/2025,Southport,Curzon Ashton,0.53812,2.3062,1.4967,2.97663,12.748,71.684,15.568
14168767,03/01/2026,Southport,Scarborough,2.19618,0.58752,1.88284,0.80147,65.996,12.374,21.63
14168804,24/01/2026,Southport,Merthyr,2.66328,0.21669,2.24779,0.37253,84.775,3.222,12.003
14168840,07/02/2026,Southport,Darlington,0.97662,1.78461,1.33869,1.89815,24.595,51.528,23.877
14168481,16/08/2025,Southport,Bedford,1.12876,1.58614,1.15247,1.43119,28.122,43.368,28.51
14168508,19/08/2025,Southport,Macclesfield,0.39371,2.42297,0.54129,1.93504,7.013,74.655,18.332
14168529,25/08/2025,Southport,Fylde,1.82188,0.90298,1.71282,1.19226,51.558,20.928,27.514
14168563,06/09/2025,Southport,South Shields,1.03798,1.68886,1.2696,1.6987,25.494,47.19,27.316
14168621,21/10/2025,Southport,Chorley,1.78647,0.88953,1.1044,0.58949,48.749,18.851,32.4
14843593,28/10/2025,Southport,Peterborough,0.62012,2.16518,1.04233,2.04495,13.514,65.016,21.47
14168647,01/11/2025,Southport,King's Lynn,0.93272,1.75505,0.67291,1.147,20.683,48.094,31.223
14877776,11/11/2025,Southport,Chester,0.96008,1.80593,1.90942,2.43644,24.203,52.398,23.399
14168684,22/11/2025,Southport,Kidderminster,0.43408,2.35261,0.41298,1.67124,7.359,71.31,21.331
14168698,25/11/2025,Southport,Radcliffe,1.24593,1.47471,1.38161,1.53422,32.219,39.845,27.936
14168732,20/12/2025,Southport,Worksop,0.66911,2.12573,1.32179,2.34104,15.465,64.019,20.516
14168756,30/12/2025,Southport,Curzon Ashton,0.53812,2.3062,1.4967,2.97663,12.748,71.684,15.568
14168767,03/01/2026,Southport,Scarborough,2.19618,0.58752,1.88284,0.80147,65.996,12.374,21.63
14168804,24/01/2026,Southport,Merthyr,2.66328,0.21669,2.24779,0.37253,84.775,3.222,12.003
14168840,07/02/2026,Southport,Darlington,0.97662,1.78461,1.33869,1.89815,24.595,51.528,23.877
14168864,14/02/2026,Southport,Hereford,1.65443,1.1312,2.77433,2.37413,48.002,30.561,21.437
14168481,16/08/2025,Southport,Bedford,1.12876,1.58614,1.15247,1.43119,28.122,43.368,28.51
14168508,19/08/2025,Southport,Macclesfield,0.39371,2.42297,0.54129,1.93504,7.013,74.655,18.332
14168529,25/08/2025,Southport,Fylde,1.82188,0.90298,1.71282,1.19226,51.558,20.928,27.514
14168563,06/09/2025,Southport,South Shields,1.03798,1.68886,1.2696,1.6987,25.494,47.19,27.316
14168621,21/10/2025,Southport,Chorley,1.78647,0.88953,1.1044,0.58949,48.749,18.851,32.4
14843593,28/10/2025,Southport,Peterborough,0.62012,2.16518,1.04233,2.04495,13.514,65.016,21.47
14168647,01/11/2025,Southport,King's Lynn,0.93272,1.75505,0.67291,1.147,20.683,48.094,31.223
14877776,11/11/2025,Southport,Chester,0.96008,1.80593,1.90942,2.43644,24.203,52.398,23.399
14168684,22/11/2025,Southport,Kidderminster,0.43408,2.35261,0.41298,1.67124,7.359,71.31,21.331
14168698,25/11/2025,Southport,Radcliffe,1.24593,1.47471,1.38161,1.53422,32.219,39.845,27.936
14168732,20/12/2025,Southport,Worksop,0.66911,2.12573,1.32179,2.34104,15.465,64.019,20.516
14168756,30/12/2025,Southport,Curzon Ashton,0.53812,2.3062,1.4967,2.97663,12.748,71.684,15.568
14168767,03/01/2026,Southport,Scarborough,2.19618,0.58752,1.88284,0.80147,65.996,12.374,21.63
14168804,24/01/2026,Southport,Merthyr,2.66328,0.21669,2.24779,0.37253,84.775,3.222,12.003
14168840,07/02/2026,Southport,Darlington,0.97662,1.78461,1.33869,1.89815,24.595,51.528,23.877
14168864,14/02/2026,Southport,Hereford,1.65443,1.1312,2.77433,2.37413,48.002,30.561,21.437
15447028,17/02/2026,Southport,Buxton,2.22695,0.50036,1.31138,0.29805,65.142,7.589,27.269
14168481,16/08/2025,Southport,Bedford,1.12876,1.58614,1.15247,1.43119,28.122,43.368,28.51
14168508,19/08/2025,Southport,Macclesfield,0.39371,2.42297,0.54129,1.93504,7.013,74.655,18.332
14168529,25/08/2025,Southport,Fylde,1.82188,0.90298,1.71282,1.19226,51.558,20.928,27.514
14168563,06/09/2025,Southport,South Shields,1.03798,1.68886,1.2696,1.6987,25.494,47.19,27.316
14168621,21/10/2025,Southport,Chorley,1.78647,0.88953,1.1044,0.58949,48.749,18.851,32.4
14843593,28/10/2025,Southport,Peterborough,0.62012,2.16518,1.04233,2.04495,13.514,65.016,21.47
14168647,01/11/2025,Southport,King's Lynn,0.93272,1.75505,0.67291,1.147,20.683,48.094,31.223
14877776,11/11/2025,Southport,Chester,0.96008,1.80593,1.90942,2.43644,24.203,52.398,23.399
14168684,22/11/2025,Southport,Kidderminster,0.43408,2.35261,0.41298,1.67124,7.359,71.31,21.331
14168698,25/11/2025,Southport,Radcliffe,1.24593,1.47471,1.38161,1.53422,32.219,39.845,27.936
14168732,20/12/2025,Southport,Worksop,0.66911,2.12573,1.32179,2.34104,15.465,64.019,20.516
14168756,30/12/2025,Southport,Curzon Ashton,0.53812,2.3062,1.4967,2.97663,12.748,71.684,15.568
14168767,03/01/2026,Southport,Scarborough,2.19618,0.58752,1.88284,0.80147,65.996,12.374,21.63
14168804,24/01/2026,Southport,Merthyr,2.66328,0.21669,2.24779,0.37253,84.775,3.222,12.003
14168840,07/02/2026,Southport,Darlington,0.97662,1.78461,1.33869,1.89815,24.595,51.528,23.877
14168864,14/02/2026,Southport,Hereford,1.65443,1.1312,2.77433,2.37413,48.002,30.561,21.437
15447028,17/02/2026,Southport,Buxton,2.22695,0.50036,1.31138,0.29805,65.142,7.589,27.269
14168925,10/03/2026,Southport,Spennymoor,2.14144,0.65404,2.13988,1.06789,64.564,14.984,20.452
14168481,16/08/2025,Southport,Bedford,1.12876,1.58614,1.15247,1.43119,28.122,43.368,28.51
14168508,19/08/2025,Southport,Macclesfield,0.39371,2.42297,0.54129,1.93504,7.013,74.655,18.332
14168529,25/08/2025,Southport,Fylde,1.82188,0.90298,1.71282,1.19226,51.558,20.928,27.514
14168563,06/09/2025,Southport,South Shields,1.03798,1.68886,1.2696,1.6987,25.494,47.19,27.316
14168621,21/10/2025,Southport,Chorley,1.78647,0.88953,1.1044,0.58949,48.749,18.851,32.4
14843593,28/10/2025,Southport,Peterborough,0.62012,2.16518,1.04233,2.04495,13.514,65.016,21.47
14168647,01/11/2025,Southport,King's Lynn,0.93272,1.75505,0.67291,1.147,20.683,48.094,31.223
14877776,11/11/2025,Southport,Chester,0.96008,1.80593,1.90942,2.43644,24.203,52.398,23.399
14168684,22/11/2025,Southport,Kidderminster,0.43408,2.35261,0.41298,1.67124,7.359,71.31,21.331
14168698,25/11/2025,Southport,Radcliffe,1.24593,1.47471,1.38161,1.53422,32.219,39.845,27.936
14168732,20/12/2025,Southport,Worksop,0.66911,2.12573,1.32179,2.34104,15.465,64.019,20.516
14168756,30/12/2025,Southport,Curzon Ashton,0.53812,2.3062,1.4967,2.97663,12.748,71.684,15.568
14168767,03/01/2026,Southport,Scarborough,2.19618,0.58752,1.88284,0.80147,65.996,12.374,21.63
14168804,24/01/2026,Southport,Merthyr,2.66328,0.21669,2.24779,0.37253,84.775,3.222,12.003
14168840,07/02/2026,Southport,Darlington,0.97662,1.78461,1.33869,1.89815,24.595,51.528,23.877
14168864,14/02/2026,Southport,Hereford,1.65443,1.1312,2.77433,2.37413,48.002,30.561,21.437
15447028,17/02/2026,Southport,Buxton,2.22695,0.50036,1.31138,0.29805,65.142,7.589,27.269
14168925,10/03/2026,Southport,Spennymoor,2.14144,0.65404,2.13988,1.06789,64.564,14.984,20.452
14168938,14/03/2026,Southport,Oxford,0.75453,2.04261,1.5518,2.51208,18.389,61.325,20.286
14168481,16/08/2025,Southport,Bedford,1.12876,1.58614,1.15247,1.43119,28.122,43.368,28.51
14168508,19/08/2025,Southport,Macclesfield,0.39371,2.42297,0.54129,1.93504,7.013,74.655,18.332
14168529,25/08/2025,Southport,Fylde,1.82188,0.90298,1.71282,1.19226,51.558,20.928,27.514
14168563,06/09/2025,Southport,South Shields,1.03798,1.68886,1.2696,1.6987,25.494,47.19,27.316
14168621,21/10/2025,Southport,Chorley,1.78647,0.88953,1.1044,0.58949,48.749,18.851,32.4
14843593,28/10/2025,Southport,Peterborough,0.62012,2.16518,1.04233,2.04495,13.514,65.016,21.47
14168647,01/11/2025,Southport,King's Lynn,0.93272,1.75505,0.67291,1.147,20.683,48.094,31.223
14877776,11/11/2025,Southport,Chester,0.96008,1.80593,1.90942,2.43644,24.203,52.398,23.399
14168684,22/11/2025,Southport,Kidderminster,0.43408,2.35261,0.41298,1.67124,7.359,71.31,21.331
14168698,25/11/2025,Southport,Radcliffe,1.24593,1.47471,1.38161,1.53422,32.219,39.845,27.936
14168732,20/12/2025,Southport,Worksop,0.66911,2.12573,1.32179,2.34104,15.465,64.019,20.516
14168756,30/12/2025,Southport,Curzon Ashton,0.53812,2.3062,1.4967,2.97663,12.748,71.684,15.568
14168767,03/01/2026,Southport,Scarborough,2.19618,0.58752,1.88284,0.80147,65.996,12.374,21.63
14168804,24/01/2026,Southport,Merthyr,2.66328,0.21669,2.24779,0.37253,84.775,3.222,12.003
14168840,07/02/2026,Southport,Darlington,0.97662,1.78461,1.33869,1.89815,24.595,51.528,23.877
14168864,14/02/2026,Southport,Hereford,1.65443,1.1312,2.77433,2.37413,48.002,30.561,21.437
15447028,17/02/2026,Southport,Buxton,2.22695,0.50036,1.31138,0.29805,65.142,7.589,27.269
14168925,10/03/2026,Southport,Spennymoor,2.14144,0.65404,2.13988,1.06789,64.564,14.984,20.452
14168938,14/03/2026,Southport,Oxford,0.75453,2.04261,1.5518,2.51208,18.389,61.325,20.286
15495083,17/03/2026,Southport,Alfreton,2.25868,0.54889,2.29092,1.01212,68.875,11.882,19.243
14168480,09/08/2025,South Shields,Marine,0.93344,1.8197,1.25883,1.88692,22.886,52.428,24.686
14168480,09/08/2025,South Shields,Marine,0.93344,1.8197,1.25883,1.88692,22.886,52.428,24.686
14168514,23/08/2025,South Shields,Chester,1.62571,0.98503,0.85092,0.51425,41.215,19.859,38.926
14168480,09/08/2025,South Shields,Marine,0.93344,1.8197,1.25883,1.88692,22.886,52.428,24.686
14168514,23/08/2025,South Shields,Chester,1.62571,0.98503,0.85092,0.51425,41.215,19.859,38.926
14168536,30/08/2025,South Shields,Buxton,1.92043,0.81256,1.73531,1.00957,55.114,18.185,26.701
14168480,09/08/2025,South Shields,Marine,0.93344,1.8197,1.25883,1.88692,22.886,52.428,24.686
14168514,23/08/2025,South Shields,Chester,1.62571,0.98503,0.85092,0.51425,41.215,19.859,38.926
14168536,30/08/2025,South Shields,Buxton,1.92043,0.81256,1.73531,1.00957,55.114,18.185,26.701
14168551,02/09/2025,South Shields,Radcliffe,1.20218,1.56488,2.21296,2.47842,32.308,44.398,23.294
14168480,09/08/2025,South Shields,Marine,0.93344,1.8197,1.25883,1.88692,22.886,52.428,24.686
14168514,23/08/2025,South Shields,Chester,1.62571,0.98503,0.85092,0.51425,41.215,19.859,38.926
14168536,30/08/2025,South Shields,Buxton,1.92043,0.81256,1.73531,1.00957,55.114,18.185,26.701
14168551,02/09/2025,South Shields,Radcliffe,1.20218,1.56488,2.21296,2.47842,32.308,44.398,23.294
14168588,04/10/2025,South Shields,Chorley,2.11052,0.62864,1.46198,0.61925,61.656,12.26,26.084
14168480,09/08/2025,South Shields,Marine,0.93344,1.8197,1.25883,1.88692,22.886,52.428,24.686
14168514,23/08/2025,South Shields,Chester,1.62571,0.98503,0.85092,0.51425,41.215,19.859,38.926
14168536,30/08/2025,South Shields,Buxton,1.92043,0.81256,1.73531,1.00957,55.114,18.185,26.701
14168551,02/09/2025,South Shields,Radcliffe,1.20218,1.56488,2.21296,2.47842,32.308,44.398,23.294
14168588,04/10/2025,South Shields,Chorley,2.11052,0.62864,1.46198,0.61925,61.656,12.26,26.084
14168610,18/10/2025,South Shields,Hereford,1.30299,1.40157,1.1741,1.20464,33.585,36.871,29.544
14168480,09/08/2025,South Shields,Marine,0.93344,1.8197,1.25883,1.88692,22.886,52.428,24.686
14168514,23/08/2025,South Shields,Chester,1.62571,0.98503,0.85092,0.51425,41.215,19.859,38.926
14168536,30/08/2025,South Shields,Buxton,1.92043,0.81256,1.73531,1.00957,55.114,18.185,26.701
14168551,02/09/2025,South Shields,Radcliffe,1.20218,1.56488,2.21296,2.47842,32.308,44.398,23.294
14168588,04/10/2025,South Shields,Chorley,2.11052,0.62864,1.46198,0.61925,61.656,12.26,26.084
14168610,18/10/2025,South Shields,Hereford,1.30299,1.40157,1.1741,1.20464,33.585,36.871,29.544
14168623,21/10/2025,South Shields,Scarborough,2.63361,0.23148,2.28798,0.5148,83.29,3.219,13.491
14168480,09/08/2025,South Shields,Marine,0.93344,1.8197,1.25883,1.88692,22.886,52.428,24.686
14168514,23/08/2025,South Shields,Chester,1.62571,0.98503,0.85092,0.51425,41.215,19.859,38.926
14168536,30/08/2025,South Shields,Buxton,1.92043,0.81256,1.73531,1.00957,55.114,18.185,26.701
14168551,02/09/2025,South Shields,Radcliffe,1.20218,1.56488,2.21296,2.47842,32.308,44.398,23.294
14168588,04/10/2025,South Shields,Chorley,2.11052,0.62864,1.46198,0.61925,61.656,12.26,26.084
14168610,18/10/2025,South Shields,Hereford,1.30299,1.40157,1.1741,1.20464,33.585,36.871,29.544
14168623,21/10/2025,South Shields,Scarborough,2.63361,0.23148,2.28798,0.5148,83.29,3.219,13.491
14936374,18/11/2025,South Shields,Oxford,2.37922,0.45112,2.42186,0.98195,73.652,9.382,16.966
14168480,09/08/2025,South Shields,Marine,0.93344,1.8197,1.25883,1.88692,22.886,52.428,24.686
14168514,23/08/2025,South Shields,Chester,1.62571,0.98503,0.85092,0.51425,41.215,19.859,38.926
14168536,30/08/2025,South Shields,Buxton,1.92043,0.81256,1.73531,1.00957,55.114,18.185,26.701
14168551,02/09/2025,South Shields,Radcliffe,1.20218,1.56488,2.21296,2.47842,32.308,44.398,23.294
14168588,04/10/2025,South Shields,Chorley,2.11052,0.62864,1.46198,0.61925,61.656,12.26,26.084
14168610,18/10/2025,South Shields,Hereford,1.30299,1.40157,1.1741,1.20464,33.585,36.871,29.544
14168623,21/10/2025,South Shields,Scarborough,2.63361,0.23148,2.28798,0.5148,83.29,3.219,13.491
14936374,18/11/2025,South Shields,Oxford,2.37922,0.45112,2.42186,0.98195,73.652,9.382,16.966
14168719,06/12/2025,South Shields,Kidderminster,1.02385,1.71292,1.19925,1.68772,25.354,48.323,26.323
14168480,09/08/2025,South Shields,Marine,0.93344,1.8197,1.25883,1.88692,22.886,52.428,24.686
14168514,23/08/2025,South Shields,Chester,1.62571,0.98503,0.85092,0.51425,41.215,19.859,38.926
14168536,30/08/2025,South Shields,Buxton,1.92043,0.81256,1.73531,1.00957,55.114,18.185,26.701
14168551,02/09/2025,South Shields,Radcliffe,1.20218,1.56488,2.21296,2.47842,32.308,44.398,23.294
14168588,04/10/2025,South Shields,Chorley,2.11052,0.62864,1.46198,0.61925,61.656,12.26,26.084
14168610,18/10/2025,South Shields,Hereford,1.30299,1.40157,1.1741,1.20464,33.585,36.871,29.544
14168623,21/10/2025,South Shields,Scarborough,2.63361,0.23148,2.28798,0.5148,83.29,3.219,13.491
14936374,18/11/2025,South Shields,Oxford,2.37922,0.45112,2.42186,0.98195,73.652,9.382,16.966
14168719,06/12/2025,South Shields,Kidderminster,1.02385,1.71292,1.19925,1.68772,25.354,48.323,26.323
15184997,18/12/2025,South Shields,Peterborough,2.23421,0.54746,1.74701,0.64439,67.196,10.971,21.833
14168480,09/08/2025,South Shields,Marine,0.93344,1.8197,1.25883,1.88692,22.886,52.428,24.686
14168514,23/08/2025,South Shields,Chester,1.62571,0.98503,0.85092,0.51425,41.215,19.859,38.926
14168536,30/08/2025,South Shields,Buxton,1.92043,0.81256,1.73531,1.00957,55.114,18.185,26.701
14168551,02/09/2025,South Shields,Radcliffe,1.20218,1.56488,2.21296,2.47842,32.308,44.398,23.294
14168588,04/10/2025,South Shields,Chorley,2.11052,0.62864,1.46198,0.61925,61.656,12.26,26.084
14168610,18/10/2025,South Shields,Hereford,1.30299,1.40157,1.1741,1.20464,33.585,36.871,29.544
14168623,21/10/2025,South Shields,Scarborough,2.63361,0.23148,2.28798,0.5148,83.29,3.219,13.491
14936374,18/11/2025,South Shields,Oxford,2.37922,0.45112,2.42186,0.98195,73.652,9.382,16.966
14168719,06/12/2025,South Shields,Kidderminster,1.02385,1.71292,1.19925,1.68772,25.354,48.323,26.323
15184997,18/12/2025,South Shields,Peterborough,2.23421,0.54746,1.74701,0.64439,67.196,10.971,21.833
14168745,26/12/2025,South Shields,Spennymoor,2.68331,0.20789,2.62126,0.54698,85.817,3.303,10.88
14168480,09/08/2025,South Shields,Marine,0.93344,1.8197,1.25883,1.88692,22.886,52.428,24.686
14168514,23/08/2025,South Shields,Chester,1.62571,0.98503,0.85092,0.51425,41.215,19.859,38.926
14168536,30/08/2025,South Shields,Buxton,1.92043,0.81256,1.73531,1.00957,55.114,18.185,26.701
14168551,02/09/2025,South Shields,Radcliffe,1.20218,1.56488,2.21296,2.47842,32.308,44.398,23.294
14168588,04/10/2025,South Shields,Chorley,2.11052,0.62864,1.46198,0.61925,61.656,12.26,26.084
14168610,18/10/2025,South Shields,Hereford,1.30299,1.40157,1.1741,1.20464,33.585,36.871,29.544
14168623,21/10/2025,South Shields,Scarborough,2.63361,0.23148,2.28798,0.5148,83.29,3.219,13.491
14936374,18/11/2025,South Shields,Oxford,2.37922,0.45112,2.42186,0.98195,73.652,9.382,16.966
14168719,06/12/2025,South Shields,Kidderminster,1.02385,1.71292,1.19925,1.68772,25.354,48.323,26.323
15184997,18/12/2025,South Shields,Peterborough,2.23421,0.54746,1.74701,0.64439,67.196,10.971,21.833
14168745,26/12/2025,South Shields,Spennymoor,2.68331,0.20789,2.62126,0.54698,85.817,3.303,10.88
14168791,17/01/2026,South Shields,Leamington,2.15796,0.54003,1.16204,0.28986,61.865,7.934,30.201
14168480,09/08/2025,South Shields,Marine,0.93344,1.8197,1.25883,1.88692,22.886,52.428,24.686
14168514,23/08/2025,South Shields,Chester,1.62571,0.98503,0.85092,0.51425,41.215,19.859,38.926
14168536,30/08/2025,South Shields,Buxton,1.92043,0.81256,1.73531,1.00957,55.114,18.185,26.701
14168551,02/09/2025,South Shields,Radcliffe,1.20218,1.56488,2.21296,2.47842,32.308,44.398,23.294
14168588,04/10/2025,South Shields,Chorley,2.11052,0.62864,1.46198,0.61925,61.656,12.26,26.084
14168610,18/10/2025,South Shields,Hereford,1.30299,1.40157,1.1741,1.20464,33.585,36.871,29.544
14168623,21/10/2025,South Shields,Scarborough,2.63361,0.23148,2.28798,0.5148,83.29,3.219,13.491
14936374,18/11/2025,South Shields,Oxford,2.37922,0.45112,2.42186,0.98195,73.652,9.382,16.966
14168719,06/12/2025,South Shields,Kidderminster,1.02385,1.71292,1.19925,1.68772,25.354,48.323,26.323
15184997,18/12/2025,South Shields,Peterborough,2.23421,0.54746,1.74701,0.64439,67.196,10.971,21.833
14168745,26/12/2025,South Shields,Spennymoor,2.68331,0.20789,2.62126,0.54698,85.817,3.303,10.88
14168791,17/01/2026,South Shields,Leamington,2.15796,0.54003,1.16204,0.28986,61.865,7.934,30.201
15322118,20/01/2026,South Shields,Southport,2.10289,0.67534,1.97003,0.98143,62.704,15.119,22.177
14168480,09/08/2025,South Shields,Marine,0.93344,1.8197,1.25883,1.88692,22.886,52.428,24.686
14168514,23/08/2025,South Shields,Chester,1.62571,0.98503,0.85092,0.51425,41.215,19.859,38.926
14168536,30/08/2025,South Shields,Buxton,1.92043,0.81256,1.73531,1.00957,55.114,18.185,26.701
14168551,02/09/2025,South Shields,Radcliffe,1.20218,1.56488,2.21296,2.47842,32.308,44.398,23.294
14168588,04/10/2025,South Shields,Chorley,2.11052,0.62864,1.46198,0.61925,61.656,12.26,26.084
14168610,18/10/2025,South Shields,Hereford,1.30299,1.40157,1.1741,1.20464,33.585,36.871,29.544
14168623,21/10/2025,South Shields,Scarborough,2.63361,0.23148,2.28798,0.5148,83.29,3.219,13.491
14936374,18/11/2025,South Shields,Oxford,2.37922,0.45112,2.42186,0.98195,73.652,9.382,16.966
14168719,06/12/2025,South Shields,Kidderminster,1.02385,1.71292,1.19925,1.68772,25.354,48.323,26.323
15184997,18/12/2025,South Shields,Peterborough,2.23421,0.54746,1.74701,0.64439,67.196,10.971,21.833
14168745,26/12/2025,South Shields,Spennymoor,2.68331,0.20789,2.62126,0.54698,85.817,3.303,10.88
14168791,17/01/2026,South Shields,Leamington,2.15796,0.54003,1.16204,0.28986,61.865,7.934,30.201
15322118,20/01/2026,South Shields,Southport,2.10289,0.67534,1.97003,0.98143,62.704,15.119,22.177
14168876,21/02/2026,South Shields,Telford,2.12495,0.68441,2.61437,1.48468,64.477,16.459,19.064
14168480,09/08/2025,South Shields,Marine,0.93344,1.8197,1.25883,1.88692,22.886,52.428,24.686
14168514,23/08/2025,South Shields,Chester,1.62571,0.98503,0.85092,0.51425,41.215,19.859,38.926
14168536,30/08/2025,South Shields,Buxton,1.92043,0.81256,1.73531,1.00957,55.114,18.185,26.701
14168551,02/09/2025,South Shields,Radcliffe,1.20218,1.56488,2.21296,2.47842,32.308,44.398,23.294
14168588,04/10/2025,South Shields,Chorley,2.11052,0.62864,1.46198,0.61925,61.656,12.26,26.084
14168610,18/10/2025,South Shields,Hereford,1.30299,1.40157,1.1741,1.20464,33.585,36.871,29.544
14168623,21/10/2025,South Shields,Scarborough,2.63361,0.23148,2.28798,0.5148,83.29,3.219,13.491
14936374,18/11/2025,South Shields,Oxford,2.37922,0.45112,2.42186,0.98195,73.652,9.382,16.966
14168719,06/12/2025,South Shields,Kidderminster,1.02385,1.71292,1.19925,1.68772,25.354,48.323,26.323
15184997,18/12/2025,South Shields,Peterborough,2.23421,0.54746,1.74701,0.64439,67.196,10.971,21.833
14168745,26/12/2025,South Shields,Spennymoor,2.68331,0.20789,2.62126,0.54698,85.817,3.303,10.88
14168791,17/01/2026,South Shields,Leamington,2.15796,0.54003,1.16204,0.28986,61.865,7.934,30.201
15322118,20/01/2026,South Shields,Southport,2.10289,0.67534,1.97003,0.98143,62.704,15.119,22.177
14168876,21/02/2026,South Shields,Telford,2.12495,0.68441,2.61437,1.48468,64.477,16.459,19.064
14168885,24/02/2026,South Shields,Worksop,2.66854,0.21946,2.86964,0.83616,85.218,3.582,11.2
14168480,09/08/2025,South Shields,Marine,0.93344,1.8197,1.25883,1.88692,22.886,52.428,24.686
14168514,23/08/2025,South Shields,Chester,1.62571,0.98503,0.85092,0.51425,41.215,19.859,38.926
14168536,30/08/2025,South Shields,Buxton,1.92043,0.81256,1.73531,1.00957,55.114,18.185,26.701
14168551,02/09/2025,South Shields,Radcliffe,1.20218,1.56488,2.21296,2.47842,32.308,44.398,23.294
14168588,04/10/2025,South Shields,Chorley,2.11052,0.62864,1.46198,0.61925,61.656,12.26,26.084
14168610,18/10/2025,South Shields,Hereford,1.30299,1.40157,1.1741,1.20464,33.585,36.871,29.544
14168623,21/10/2025,South Shields,Scarborough,2.63361,0.23148,2.28798,0.5148,83.29,3.219,13.491
14936374,18/11/2025,South Shields,Oxford,2.37922,0.45112,2.42186,0.98195,73.652,9.382,16.966
14168719,06/12/2025,South Shields,Kidderminster,1.02385,1.71292,1.19925,1.68772,25.354,48.323,26.323
15184997,18/12/2025,South Shields,Peterborough,2.23421,0.54746,1.74701,0.64439,67.196,10.971,21.833
14168745,26/12/2025,South Shields,Spennymoor,2.68331,0.20789,2.62126,0.54698,85.817,3.303,10.88
14168791,17/01/2026,South Shields,Leamington,2.15796,0.54003,1.16204,0.28986,61.865,7.934,30.201
15322118,20/01/2026,South Shields,Southport,2.10289,0.67534,1.97003,0.98143,62.704,15.119,22.177
14168876,21/02/2026,South Shields,Telford,2.12495,0.68441,2.61437,1.48468,64.477,16.459,19.064
14168885,24/02/2026,South Shields,Worksop,2.66854,0.21946,2.86964,0.83616,85.218,3.582,11.2
15473420,03/03/2026,South Shields,Fylde,1.74738,0.99417,1.59534,1.09483,49.631,24.524,25.845
14168480,09/08/2025,South Shields,Marine,0.93344,1.8197,1.25883,1.88692,22.886,52.428,24.686
14168514,23/08/2025,South Shields,Chester,1.62571,0.98503,0.85092,0.51425,41.215,19.859,38.926
14168536,30/08/2025,South Shields,Buxton,1.92043,0.81256,1.73531,1.00957,55.114,18.185,26.701
14168551,02/09/2025,South Shields,Radcliffe,1.20218,1.56488,2.21296,2.47842,32.308,44.398,23.294
14168588,04/10/2025,South Shields,Chorley,2.11052,0.62864,1.46198,0.61925,61.656,12.26,26.084
14168610,18/10/2025,South Shields,Hereford,1.30299,1.40157,1.1741,1.20464,33.585,36.871,29.544
14168623,21/10/2025,South Shields,Scarborough,2.63361,0.23148,2.28798,0.5148,83.29,3.219,13.491
14936374,18/11/2025,South Shields,Oxford,2.37922,0.45112,2.42186,0.98195,73.652,9.382,16.966
14168719,06/12/2025,South Shields,Kidderminster,1.02385,1.71292,1.19925,1.68772,25.354,48.323,26.323
15184997,18/12/2025,South Shields,Peterborough,2.23421,0.54746,1.74701,0.64439,67.196,10.971,21.833
14168745,26/12/2025,South Shields,Spennymoor,2.68331,0.20789,2.62126,0.54698,85.817,3.303,10.88
14168791,17/01/2026,South Shields,Leamington,2.15796,0.54003,1.16204,0.28986,61.865,7.934,30.201
15322118,20/01/2026,South Shields,Southport,2.10289,0.67534,1.97003,0.98143,62.704,15.119,22.177
14168876,21/02/2026,South Shields,Telford,2.12495,0.68441,2.61437,1.48468,64.477,16.459,19.064
14168885,24/02/2026,South Shields,Worksop,2.66854,0.21946,2.86964,0.83616,85.218,3.582,11.2
15473420,03/03/2026,South Shields,Fylde,1.74738,0.99417,1.59534,1.09483,49.631,24.524,25.845
14168947,21/03/2026,South Shields,Merthyr,1.32965,1.41374,1.99128,2.0357,35.768,38.571,25.661
14168480,09/08/2025,South Shields,Marine,0.93344,1.8197,1.25883,1.88692,22.886,52.428,24.686
14168514,23/08/2025,South Shields,Chester,1.62571,0.98503,0.85092,0.51425,41.215,19.859,38.926
14168536,30/08/2025,South Shields,Buxton,1.92043,0.81256,1.73531,1.00957,55.114,18.185,26.701
14168551,02/09/2025,South Shields,Radcliffe,1.20218,1.56488,2.21296,2.47842,32.308,44.398,23.294
14168588,04/10/2025,South Shields,Chorley,2.11052,0.62864,1.46198,0.61925,61.656,12.26,26.084
14168610,18/10/2025,South Shields,Hereford,1.30299,1.40157,1.1741,1.20464,33.585,36.871,29.544
14168623,21/10/2025,South Shields,Scarborough,2.63361,0.23148,2.28798,0.5148,83.29,3.219,13.491
14936374,18/11/2025,South Shields,Oxford,2.37922,0.45112,2.42186,0.98195,73.652,9.382,16.966
14168719,06/12/2025,South Shields,Kidderminster,1.02385,1.71292,1.19925,1.68772,25.354,48.323,26.323
15184997,18/12/2025,South Shields,Peterborough,2.23421,0.54746,1.74701,0.64439,67.196,10.971,21.833
14168745,26/12/2025,South Shields,Spennymoor,2.68331,0.20789,2.62126,0.54698,85.817,3.303,10.88
14168791,17/01/2026,South Shields,Leamington,2.15796,0.54003,1.16204,0.28986,61.865,7.934,30.201
15322118,20/01/2026,South Shields,Southport,2.10289,0.67534,1.97003,0.98143,62.704,15.119,22.177
14168876,21/02/2026,South Shields,Telford,2.12495,0.68441,2.61437,1.48468,64.477,16.459,19.064
14168885,24/02/2026,South Shields,Worksop,2.66854,0.21946,2.86964,0.83616,85.218,3.582,11.2
15473420,03/03/2026,South Shields,Fylde,1.74738,0.99417,1.59534,1.09483,49.631,24.524,25.845
14168947,21/03/2026,South Shields,Merthyr,1.32965,1.41374,1.99128,2.0357,35.768,38.571,25.661
14168960,28/03/2026,South Shields,Alfreton,2.70655,0.17923,2.27278,0.34475,86.411,2.167,11.422
14168495,09/08/2025,Spennymoor,Hereford,1.71968,0.92288,0.9479,0.51595,45.408,18.848,35.744
14168495,09/08/2025,Spennymoor,Hereford,1.71968,0.92288,0.9479,0.51595,45.408,18.848,35.744
14168503,19/08/2025,Spennymoor,King's Lynn,0.19905,2.69058,0.55082,2.66902,2.956,86.007,11.037
14168495,09/08/2025,Spennymoor,Hereford,1.71968,0.92288,0.9479,0.51595,45.408,18.848,35.744
14168503,19/08/2025,Spennymoor,King's Lynn,0.19905,2.69058,0.55082,2.66902,2.956,86.007,11.037
14168528,25/08/2025,Spennymoor,Macclesfield,2.21948,0.39026,0.83297,0.0,60.974,0.0,39.026
14168495,09/08/2025,Spennymoor,Hereford,1.71968,0.92288,0.9479,0.51595,45.408,18.848,35.744
14168503,19/08/2025,Spennymoor,King's Lynn,0.19905,2.69058,0.55082,2.66902,2.956,86.007,11.037
14168528,25/08/2025,Spennymoor,Macclesfield,2.21948,0.39026,0.83297,0.0,60.974,0.0,39.026
14168565,06/08/2025,Spennymoor,Leamington,1.672,1.02118,1.54047,1.13747,45.506,23.812,30.682
14168495,09/08/2025,Spennymoor,Hereford,1.71968,0.92288,0.9479,0.51595,45.408,18.848,35.744
14168503,19/08/2025,Spennymoor,King's Lynn,0.19905,2.69058,0.55082,2.66902,2.956,86.007,11.037
14168528,25/08/2025,Spennymoor,Macclesfield,2.21948,0.39026,0.83297,0.0,60.974,0.0,39.026
14168565,06/08/2025,Spennymoor,Leamington,1.672,1.02118,1.54047,1.13747,45.506,23.812,30.682
14168592,04/10/2025,Spennymoor,Southport,2.90747,0.05561,3.1709,0.28228,95.685,0.623,3.692
14168495,09/08/2025,Spennymoor,Hereford,1.71968,0.92288,0.9479,0.51595,45.408,18.848,35.744
14168503,19/08/2025,Spennymoor,King's Lynn,0.19905,2.69058,0.55082,2.66902,2.956,86.007,11.037
14168528,25/08/2025,Spennymoor,Macclesfield,2.21948,0.39026,0.83297,0.0,60.974,0.0,39.026
14168565,06/08/2025,Spennymoor,Leamington,1.672,1.02118,1.54047,1.13747,45.506,23.812,30.682
14168592,04/10/2025,Spennymoor,Southport,2.90747,0.05561,3.1709,0.28228,95.685,0.623,3.692
14168614,18/10/2025,Spennymoor,Merthyr,1.77588,1.03173,3.42865,2.76615,52.783,27.978,19.239
14168495,09/08/2025,Spennymoor,Hereford,1.71968,0.92288,0.9479,0.51595,45.408,18.848,35.744
14168503,19/08/2025,Spennymoor,King's Lynn,0.19905,2.69058,0.55082,2.66902,2.956,86.007,11.037
14168528,25/08/2025,Spennymoor,Macclesfield,2.21948,0.39026,0.83297,0.0,60.974,0.0,39.026
14168565,06/08/2025,Spennymoor,Leamington,1.672,1.02118,1.54047,1.13747,45.506,23.812,30.682
14168592,04/10/2025,Spennymoor,Southport,2.90747,0.05561,3.1709,0.28228,95.685,0.623,3.692
14168614,18/10/2025,Spennymoor,Merthyr,1.77588,1.03173,3.42865,2.76615,52.783,27.978,19.239
14168624,21/10/2025,Spennymoor,Fylde,0.32129,2.45957,0.17193,1.36295,3.405,74.681,21.914
14168495,09/08/2025,Spennymoor,Hereford,1.71968,0.92288,0.9479,0.51595,45.408,18.848,35.744
14168503,19/08/2025,Spennymoor,King's Lynn,0.19905,2.69058,0.55082,2.66902,2.956,86.007,11.037
14168528,25/08/2025,Spennymoor,Macclesfield,2.21948,0.39026,0.83297,0.0,60.974,0.0,39.026
14168565,06/08/2025,Spennymoor,Leamington,1.672,1.02118,1.54047,1.13747,45.506,23.812,30.682
14168592,04/10/2025,Spennymoor,Southport,2.90747,0.05561,3.1709,0.28228,95.685,0.623,3.692
14168614,18/10/2025,Spennymoor,Merthyr,1.77588,1.03173,3.42865,2.76615,52.783,27.978,19.239
14168624,21/10/2025,Spennymoor,Fylde,0.32129,2.45957,0.17193,1.36295,3.405,74.681,21.914
14168672,08/11/2025,Spennymoor,Peterborough,2.30391,0.46191,1.52999,0.36803,68.991,7.591,23.418
14168495,09/08/2025,Spennymoor,Hereford,1.71968,0.92288,0.9479,0.51595,45.408,18.848,35.744
14168503,19/08/2025,Spennymoor,King's Lynn,0.19905,2.69058,0.55082,2.66902,2.956,86.007,11.037
14168528,25/08/2025,Spennymoor,Macclesfield,2.21948,0.39026,0.83297,0.0,60.974,0.0,39.026
14168565,06/08/2025,Spennymoor,Leamington,1.672,1.02118,1.54047,1.13747,45.506,23.812,30.682
14168592,04/10/2025,Spennymoor,Southport,2.90747,0.05561,3.1709,0.28228,95.685,0.623,3.692
14168614,18/10/2025,Spennymoor,Merthyr,1.77588,1.03173,3.42865,2.76615,52.783,27.978,19.239
14168624,21/10/2025,Spennymoor,Fylde,0.32129,2.45957,0.17193,1.36295,3.405,74.681,21.914
14168672,08/11/2025,Spennymoor,Peterborough,2.30391,0.46191,1.52999,0.36803,68.991,7.591,23.418
15141451,13/12/2025,Spennymoor,Buxton,2.0518,0.66958,1.34238,0.54307,59.106,13.032,27.862
14168495,09/08/2025,Spennymoor,Hereford,1.71968,0.92288,0.9479,0.51595,45.408,18.848,35.744
14168503,19/08/2025,Spennymoor,King's Lynn,0.19905,2.69058,0.55082,2.66902,2.956,86.007,11.037
14168528,25/08/2025,Spennymoor,Macclesfield,2.21948,0.39026,0.83297,0.0,60.974,0.0,39.026
14168565,06/08/2025,Spennymoor,Leamington,1.672,1.02118,1.54047,1.13747,45.506,23.812,30.682
14168592,04/10/2025,Spennymoor,Southport,2.90747,0.05561,3.1709,0.28228,95.685,0.623,3.692
14168614,18/10/2025,Spennymoor,Merthyr,1.77588,1.03173,3.42865,2.76615,52.783,27.978,19.239
14168624,21/10/2025,Spennymoor,Fylde,0.32129,2.45957,0.17193,1.36295,3.405,74.681,21.914
14168672,08/11/2025,Spennymoor,Peterborough,2.30391,0.46191,1.52999,0.36803,68.991,7.591,23.418
15141451,13/12/2025,Spennymoor,Buxton,2.0518,0.66958,1.34238,0.54307,59.106,13.032,27.862
14168733,20/12/2025,Spennymoor,Oxford,1.37742,1.29882,0.99684,0.94697,35.122,32.502,32.376
14168495,09/08/2025,Spennymoor,Hereford,1.71968,0.92288,0.9479,0.51595,45.408,18.848,35.744
14168503,19/08/2025,Spennymoor,King's Lynn,0.19905,2.69058,0.55082,2.66902,2.956,86.007,11.037
14168528,25/08/2025,Spennymoor,Macclesfield,2.21948,0.39026,0.83297,0.0,60.974,0.0,39.026
14168565,06/08/2025,Spennymoor,Leamington,1.672,1.02118,1.54047,1.13747,45.506,23.812,30.682
14168592,04/10/2025,Spennymoor,Southport,2.90747,0.05561,3.1709,0.28228,95.685,0.623,3.692
14168614,18/10/2025,Spennymoor,Merthyr,1.77588,1.03173,3.42865,2.76615,52.783,27.978,19.239
14168624,21/10/2025,Spennymoor,Fylde,0.32129,2.45957,0.17193,1.36295,3.405,74.681,21.914
14168672,08/11/2025,Spennymoor,Peterborough,2.30391,0.46191,1.52999,0.36803,68.991,7.591,23.418
15141451,13/12/2025,Spennymoor,Buxton,2.0518,0.66958,1.34238,0.54307,59.106,13.032,27.862
14168733,20/12/2025,Spennymoor,Oxford,1.37742,1.29882,0.99684,0.94697,35.122,32.502,32.376
14168760,30/12/2025,Spennymoor,Scarborough,2.24028,0.48387,1.29939,0.26809,65.481,6.934,27.585
14168495,09/08/2025,Spennymoor,Hereford,1.71968,0.92288,0.9479,0.51595,45.408,18.848,35.744
14168503,19/08/2025,Spennymoor,King's Lynn,0.19905,2.69058,0.55082,2.66902,2.956,86.007,11.037
14168528,25/08/2025,Spennymoor,Macclesfield,2.21948,0.39026,0.83297,0.0,60.974,0.0,39.026
14168565,06/08/2025,Spennymoor,Leamington,1.672,1.02118,1.54047,1.13747,45.506,23.812,30.682
14168592,04/10/2025,Spennymoor,Southport,2.90747,0.05561,3.1709,0.28228,95.685,0.623,3.692
14168614,18/10/2025,Spennymoor,Merthyr,1.77588,1.03173,3.42865,2.76615,52.783,27.978,19.239
14168624,21/10/2025,Spennymoor,Fylde,0.32129,2.45957,0.17193,1.36295,3.405,74.681,21.914
14168672,08/11/2025,Spennymoor,Peterborough,2.30391,0.46191,1.52999,0.36803,68.991,7.591,23.418
15141451,13/12/2025,Spennymoor,Buxton,2.0518,0.66958,1.34238,0.54307,59.106,13.032,27.862
14168733,20/12/2025,Spennymoor,Oxford,1.37742,1.29882,0.99684,0.94697,35.122,32.502,32.376
14168760,30/12/2025,Spennymoor,Scarborough,2.24028,0.48387,1.29939,0.26809,65.481,6.934,27.585
14168790,17/01/2026,Spennymoor,Radcliffe,0.32119,2.53444,0.71832,2.30591,5.894,79.669,14.437
14168495,09/08/2025,Spennymoor,Hereford,1.71968,0.92288,0.9479,0.51595,45.408,18.848,35.744
14168503,19/08/2025,Spennymoor,King's Lynn,0.19905,2.69058,0.55082,2.66902,2.956,86.007,11.037
14168528,25/08/2025,Spennymoor,Macclesfield,2.21948,0.39026,0.83297,0.0,60.974,0.0,39.026
14168565,06/08/2025,Spennymoor,Leamington,1.672,1.02118,1.54047,1.13747,45.506,23.812,30.682
14168592,04/10/2025,Spennymoor,Southport,2.90747,0.05561,3.1709,0.28228,95.685,0.623,3.692
14168614,18/10/2025,Spennymoor,Merthyr,1.77588,1.03173,3.42865,2.76615,52.783,27.978,19.239
14168624,21/10/2025,Spennymoor,Fylde,0.32129,2.45957,0.17193,1.36295,3.405,74.681,21.914
14168672,08/11/2025,Spennymoor,Peterborough,2.30391,0.46191,1.52999,0.36803,68.991,7.591,23.418
15141451,13/12/2025,Spennymoor,Buxton,2.0518,0.66958,1.34238,0.54307,59.106,13.032,27.862
14168733,20/12/2025,Spennymoor,Oxford,1.37742,1.29882,0.99684,0.94697,35.122,32.502,32.376
14168760,30/12/2025,Spennymoor,Scarborough,2.24028,0.48387,1.29939,0.26809,65.481,6.934,27.585
14168790,17/01/2026,Spennymoor,Radcliffe,0.32119,2.53444,0.71832,2.30591,5.894,79.669,14.437
15212553,20/01/2026,Spennymoor,Chester,1.07341,1.6849,1.59173,2.03107,27.724,48.107,24.169
14168495,09/08/2025,Spennymoor,Hereford,1.71968,0.92288,0.9479,0.51595,45.408,18.848,35.744
14168503,19/08/2025,Spennymoor,King's Lynn,0.19905,2.69058,0.55082,2.66902,2.956,86.007,11.037
14168528,25/08/2025,Spennymoor,Macclesfield,2.21948,0.39026,0.83297,0.0,60.974,0.0,39.026
14168565,06/08/2025,Spennymoor,Leamington,1.672,1.02118,1.54047,1.13747,45.506,23.812,30.682
14168592,04/10/2025,Spennymoor,Southport,2.90747,0.05561,3.1709,0.28228,95.685,0.623,3.692
14168614,18/10/2025,Spennymoor,Merthyr,1.77588,1.03173,3.42865,2.76615,52.783,27.978,19.239
14168624,21/10/2025,Spennymoor,Fylde,0.32129,2.45957,0.17193,1.36295,3.405,74.681,21.914
14168672,08/11/2025,Spennymoor,Peterborough,2.30391,0.46191,1.52999,0.36803,68.991,7.591,23.418
15141451,13/12/2025,Spennymoor,Buxton,2.0518,0.66958,1.34238,0.54307,59.106,13.032,27.862
14168733,20/12/2025,Spennymoor,Oxford,1.37742,1.29882,0.99684,0.94697,35.122,32.502,32.376
14168760,30/12/2025,Spennymoor,Scarborough,2.24028,0.48387,1.29939,0.26809,65.481,6.934,27.585
14168790,17/01/2026,Spennymoor,Radcliffe,0.32119,2.53444,0.71832,2.30591,5.894,79.669,14.437
15212553,20/01/2026,Spennymoor,Chester,1.07341,1.6849,1.59173,2.03107,27.724,48.107,24.169
15341361,03/02/2026,Spennymoor,Telford,0.673,2.04817,0.54542,1.36793,13.139,58.978,27.883
14168495,09/08/2025,Spennymoor,Hereford,1.71968,0.92288,0.9479,0.51595,45.408,18.848,35.744
14168503,19/08/2025,Spennymoor,King's Lynn,0.19905,2.69058,0.55082,2.66902,2.956,86.007,11.037
14168528,25/08/2025,Spennymoor,Macclesfield,2.21948,0.39026,0.83297,0.0,60.974,0.0,39.026
14168565,06/08/2025,Spennymoor,Leamington,1.672,1.02118,1.54047,1.13747,45.506,23.812,30.682
14168592,04/10/2025,Spennymoor,Southport,2.90747,0.05561,3.1709,0.28228,95.685,0.623,3.692
14168614,18/10/2025,Spennymoor,Merthyr,1.77588,1.03173,3.42865,2.76615,52.783,27.978,19.239
14168624,21/10/2025,Spennymoor,Fylde,0.32129,2.45957,0.17193,1.36295,3.405,74.681,21.914
14168672,08/11/2025,Spennymoor,Peterborough,2.30391,0.46191,1.52999,0.36803,68.991,7.591,23.418
15141451,13/12/2025,Spennymoor,Buxton,2.0518,0.66958,1.34238,0.54307,59.106,13.032,27.862
14168733,20/12/2025,Spennymoor,Oxford,1.37742,1.29882,0.99684,0.94697,35.122,32.502,32.376
14168760,30/12/2025,Spennymoor,Scarborough,2.24028,0.48387,1.29939,0.26809,65.481,6.934,27.585
14168790,17/01/2026,Spennymoor,Radcliffe,0.32119,2.53444,0.71832,2.30591,5.894,79.669,14.437
15212553,20/01/2026,Spennymoor,Chester,1.07341,1.6849,1.59173,2.03107,27.724,48.107,24.169
15341361,03/02/2026,Spennymoor,Telford,0.673,2.04817,0.54542,1.36793,13.139,58.978,27.883
14168877,21/02/2026,Spennymoor,Darlington,0.69102,2.08227,1.00017,1.9728,15.477,61.852,22.671
14168495,09/08/2025,Spennymoor,Hereford,1.71968,0.92288,0.9479,0.51595,45.408,18.848,35.744
14168503,19/08/2025,Spennymoor,King's Lynn,0.19905,2.69058,0.55082,2.66902,2.956,86.007,11.037
14168528,25/08/2025,Spennymoor,Macclesfield,2.21948,0.39026,0.83297,0.0,60.974,0.0,39.026
14168565,06/08/2025,Spennymoor,Leamington,1.672,1.02118,1.54047,1.13747,45.506,23.812,30.682
14168592,04/10/2025,Spennymoor,Southport,2.90747,0.05561,3.1709,0.28228,95.685,0.623,3.692
14168614,18/10/2025,Spennymoor,Merthyr,1.77588,1.03173,3.42865,2.76615,52.783,27.978,19.239
14168624,21/10/2025,Spennymoor,Fylde,0.32129,2.45957,0.17193,1.36295,3.405,74.681,21.914
14168672,08/11/2025,Spennymoor,Peterborough,2.30391,0.46191,1.52999,0.36803,68.991,7.591,23.418
15141451,13/12/2025,Spennymoor,Buxton,2.0518,0.66958,1.34238,0.54307,59.106,13.032,27.862
14168733,20/12/2025,Spennymoor,Oxford,1.37742,1.29882,0.99684,0.94697,35.122,32.502,32.376
14168760,30/12/2025,Spennymoor,Scarborough,2.24028,0.48387,1.29939,0.26809,65.481,6.934,27.585
14168790,17/01/2026,Spennymoor,Radcliffe,0.32119,2.53444,0.71832,2.30591,5.894,79.669,14.437
15212553,20/01/2026,Spennymoor,Chester,1.07341,1.6849,1.59173,2.03107,27.724,48.107,24.169
15341361,03/02/2026,Spennymoor,Telford,0.673,2.04817,0.54542,1.36793,13.139,58.978,27.883
14168877,21/02/2026,Spennymoor,Darlington,0.69102,2.08227,1.00017,1.9728,15.477,61.852,22.671
14168890,24/02/2026,Spennymoor,Chorley,2.35371,0.45264,1.98918,0.75404,72.002,8.633,19.365
14168495,09/08/2025,Spennymoor,Hereford,1.71968,0.92288,0.9479,0.51595,45.408,18.848,35.744
14168503,19/08/2025,Spennymoor,King's Lynn,0.19905,2.69058,0.55082,2.66902,2.956,86.007,11.037
14168528,25/08/2025,Spennymoor,Macclesfield,2.21948,0.39026,0.83297,0.0,60.974,0.0,39.026
14168565,06/08/2025,Spennymoor,Leamington,1.672,1.02118,1.54047,1.13747,45.506,23.812,30.682
14168592,04/10/2025,Spennymoor,Southport,2.90747,0.05561,3.1709,0.28228,95.685,0.623,3.692
14168614,18/10/2025,Spennymoor,Merthyr,1.77588,1.03173,3.42865,2.76615,52.783,27.978,19.239
14168624,21/10/2025,Spennymoor,Fylde,0.32129,2.45957,0.17193,1.36295,3.405,74.681,21.914
14168672,08/11/2025,Spennymoor,Peterborough,2.30391,0.46191,1.52999,0.36803,68.991,7.591,23.418
15141451,13/12/2025,Spennymoor,Buxton,2.0518,0.66958,1.34238,0.54307,59.106,13.032,27.862
14168733,20/12/2025,Spennymoor,Oxford,1.37742,1.29882,0.99684,0.94697,35.122,32.502,32.376
14168760,30/12/2025,Spennymoor,Scarborough,2.24028,0.48387,1.29939,0.26809,65.481,6.934,27.585
14168790,17/01/2026,Spennymoor,Radcliffe,0.32119,2.53444,0.71832,2.30591,5.894,79.669,14.437
15212553,20/01/2026,Spennymoor,Chester,1.07341,1.6849,1.59173,2.03107,27.724,48.107,24.169
15341361,03/02/2026,Spennymoor,Telford,0.673,2.04817,0.54542,1.36793,13.139,58.978,27.883
14168877,21/02/2026,Spennymoor,Darlington,0.69102,2.08227,1.00017,1.9728,15.477,61.852,22.671
14168890,24/02/2026,Spennymoor,Chorley,2.35371,0.45264,1.98918,0.75404,72.002,8.633,19.365
14168912,07/03/2026,Spennymoor,Bedford,2.41046,0.41669,2.15164,0.69924,74.587,8.128,17.285
14168495,09/08/2025,Spennymoor,Hereford,1.71968,0.92288,0.9479,0.51595,45.408,18.848,35.744
14168503,19/08/2025,Spennymoor,King's Lynn,0.19905,2.69058,0.55082,2.66902,2.956,86.007,11.037
14168528,25/08/2025,Spennymoor,Macclesfield,2.21948,0.39026,0.83297,0.0,60.974,0.0,39.026
14168565,06/08/2025,Spennymoor,Leamington,1.672,1.02118,1.54047,1.13747,45.506,23.812,30.682
14168592,04/10/2025,Spennymoor,Southport,2.90747,0.05561,3.1709,0.28228,95.685,0.623,3.692
14168614,18/10/2025,Spennymoor,Merthyr,1.77588,1.03173,3.42865,2.76615,52.783,27.978,19.239
14168624,21/10/2025,Spennymoor,Fylde,0.32129,2.45957,0.17193,1.36295,3.405,74.681,21.914
14168672,08/11/2025,Spennymoor,Peterborough,2.30391,0.46191,1.52999,0.36803,68.991,7.591,23.418
15141451,13/12/2025,Spennymoor,Buxton,2.0518,0.66958,1.34238,0.54307,59.106,13.032,27.862
14168733,20/12/2025,Spennymoor,Oxford,1.37742,1.29882,0.99684,0.94697,35.122,32.502,32.376
14168760,30/12/2025,Spennymoor,Scarborough,2.24028,0.48387,1.29939,0.26809,65.481,6.934,27.585
14168790,17/01/2026,Spennymoor,Radcliffe,0.32119,2.53444,0.71832,2.30591,5.894,79.669,14.437
15212553,20/01/2026,Spennymoor,Chester,1.07341,1.6849,1.59173,2.03107,27.724,48.107,24.169
15341361,03/02/2026,Spennymoor,Telford,0.673,2.04817,0.54542,1.36793,13.139,58.978,27.883
14168877,21/02/2026,Spennymoor,Darlington,0.69102,2.08227,1.00017,1.9728,15.477,61.852,22.671
14168890,24/02/2026,Spennymoor,Chorley,2.35371,0.45264,1.98918,0.75404,72.002,8.633,19.365
14168912,07/03/2026,Spennymoor,Bedford,2.41046,0.41669,2.15164,0.69924,74.587,8.128,17.285
15447033,17/03/2026,Spennymoor,Curzon Ashton,2.78485,0.14911,3.83555,0.98282,90.627,2.769,6.604
14168495,09/08/2025,Spennymoor,Hereford,1.71968,0.92288,0.9479,0.51595,45.408,18.848,35.744
14168503,19/08/2025,Spennymoor,King's Lynn,0.19905,2.69058,0.55082,2.66902,2.956,86.007,11.037
14168528,25/08/2025,Spennymoor,Macclesfield,2.21948,0.39026,0.83297,0.0,60.974,0.0,39.026
14168565,06/08/2025,Spennymoor,Leamington,1.672,1.02118,1.54047,1.13747,45.506,23.812,30.682
14168592,04/10/2025,Spennymoor,Southport,2.90747,0.05561,3.1709,0.28228,95.685,0.623,3.692
14168614,18/10/2025,Spennymoor,Merthyr,1.77588,1.03173,3.42865,2.76615,52.783,27.978,19.239
14168624,21/10/2025,Spennymoor,Fylde,0.32129,2.45957,0.17193,1.36295,3.405,74.681,21.914
14168672,08/11/2025,Spennymoor,Peterborough,2.30391,0.46191,1.52999,0.36803,68.991,7.591,23.418
15141451,13/12/2025,Spennymoor,Buxton,2.0518,0.66958,1.34238,0.54307,59.106,13.032,27.862
14168733,20/12/2025,Spennymoor,Oxford,1.37742,1.29882,0.99684,0.94697,35.122,32.502,32.376
14168760,30/12/2025,Spennymoor,Scarborough,2.24028,0.48387,1.29939,0.26809,65.481,6.934,27.585
14168790,17/01/2026,Spennymoor,Radcliffe,0.32119,2.53444,0.71832,2.30591,5.894,79.669,14.437
15212553,20/01/2026,Spennymoor,Chester,1.07341,1.6849,1.59173,2.03107,27.724,48.107,24.169
15341361,03/02/2026,Spennymoor,Telford,0.673,2.04817,0.54542,1.36793,13.139,58.978,27.883
14168877,21/02/2026,Spennymoor,Darlington,0.69102,2.08227,1.00017,1.9728,15.477,61.852,22.671
14168890,24/02/2026,Spennymoor,Chorley,2.35371,0.45264,1.98918,0.75404,72.002,8.633,19.365
14168912,07/03/2026,Spennymoor,Bedford,2.41046,0.41669,2.15164,0.69924,74.587,8.128,17.285
15447033,17/03/2026,Spennymoor,Curzon Ashton,2.78485,0.14911,3.83555,0.98282,90.627,2.769,6.604
14168949,21/03/2026,Spennymoor,Alfreton,1.77826,0.85495,0.9315,0.45473,47.049,16.272,36.679
14168495,09/08/2025,Spennymoor,Hereford,1.71968,0.92288,0.9479,0.51595,45.408,18.848,35.744
14168503,19/08/2025,Spennymoor,King's Lynn,0.19905,2.69058,0.55082,2.66902,2.956,86.007,11.037
14168528,25/08/2025,Spennymoor,Macclesfield,2.21948,0.39026,0.83297,0.0,60.974,0.0,39.026
14168565,06/08/2025,Spennymoor,Leamington,1.672,1.02118,1.54047,1.13747,45.506,23.812,30.682
14168592,04/10/2025,Spennymoor,Southport,2.90747,0.05561,3.1709,0.28228,95.685,0.623,3.692
14168614,18/10/2025,Spennymoor,Merthyr,1.77588,1.03173,3.42865,2.76615,52.783,27.978,19.239
14168624,21/10/2025,Spennymoor,Fylde,0.32129,2.45957,0.17193,1.36295,3.405,74.681,21.914
14168672,08/11/2025,Spennymoor,Peterborough,2.30391,0.46191,1.52999,0.36803,68.991,7.591,23.418
15141451,13/12/2025,Spennymoor,Buxton,2.0518,0.66958,1.34238,0.54307,59.106,13.032,27.862
14168733,20/12/2025,Spennymoor,Oxford,1.37742,1.29882,0.99684,0.94697,35.122,32.502,32.376
14168760,30/12/2025,Spennymoor,Scarborough,2.24028,0.48387,1.29939,0.26809,65.481,6.934,27.585
14168790,17/01/2026,Spennymoor,Radcliffe,0.32119,2.53444,0.71832,2.30591,5.894,79.669,14.437
15212553,20/01/2026,Spennymoor,Chester,1.07341,1.6849,1.59173,2.03107,27.724,48.107,24.169
15341361,03/02/2026,Spennymoor,Telford,0.673,2.04817,0.54542,1.36793,13.139,58.978,27.883
14168877,21/02/2026,Spennymoor,Darlington,0.69102,2.08227,1.00017,1.9728,15.477,61.852,22.671
14168890,24/02/2026,Spennymoor,Chorley,2.35371,0.45264,1.98918,0.75404,72.002,8.633,19.365
14168912,07/03/2026,Spennymoor,Bedford,2.41046,0.41669,2.15164,0.69924,74.587,8.128,17.285
15447033,17/03/2026,Spennymoor,Curzon Ashton,2.78485,0.14911,3.83555,0.98282,90.627,2.769,6.604
14168949,21/03/2026,Spennymoor,Alfreton,1.77826,0.85495,0.9315,0.45473,47.049,16.272,36.679
15519410,31/03/2026,Spennymoor,Kidderminster,1.21077,1.491,1.04386,1.20909,30.418,39.759,29.823
14168478,16/08/2025,Telford,Curzon Ashton,1.16665,1.48822,0.75402,0.91252,27.384,38.103,34.513
14168478,16/08/2025,Telford,Curzon Ashton,1.16665,1.48822,0.75402,0.91252,27.384,38.103,34.513
14168511,23/08/2025,Telford,Buxton,1.37389,1.31713,1.12314,1.06714,35.497,33.605,30.898
14168478,16/08/2025,Telford,Curzon Ashton,1.16665,1.48822,0.75402,0.91252,27.384,38.103,34.513
14168511,23/08/2025,Telford,Buxton,1.37389,1.31713,1.12314,1.06714,35.497,33.605,30.898
14168530,30/08/2025,Telford,Spennymoor,2.62546,0.23719,2.04807,0.32506,82.937,3.328,13.735
14168478,16/08/2025,Telford,Curzon Ashton,1.16665,1.48822,0.75402,0.91252,27.384,38.103,34.513
14168511,23/08/2025,Telford,Buxton,1.37389,1.31713,1.12314,1.06714,35.497,33.605,30.898
14168530,30/08/2025,Telford,Spennymoor,2.62546,0.23719,2.04807,0.32506,82.937,3.328,13.735
14168546,02/09/2025,Telford,Peterborough,2.80102,0.1252,2.75949,0.36849,90.908,1.714,7.378
14168478,16/08/2025,Telford,Curzon Ashton,1.16665,1.48822,0.75402,0.91252,27.384,38.103,34.513
14168511,23/08/2025,Telford,Buxton,1.37389,1.31713,1.12314,1.06714,35.497,33.605,30.898
14168530,30/08/2025,Telford,Spennymoor,2.62546,0.23719,2.04807,0.32506,82.937,3.328,13.735
14168546,02/09/2025,Telford,Peterborough,2.80102,0.1252,2.75949,0.36849,90.908,1.714,7.378
14168576,04/10/2025,Telford,Fylde,0.80806,1.91515,0.73402,1.41968,17.709,54.612,27.679
14168478,16/08/2025,Telford,Curzon Ashton,1.16665,1.48822,0.75402,0.91252,27.384,38.103,34.513
14168511,23/08/2025,Telford,Buxton,1.37389,1.31713,1.12314,1.06714,35.497,33.605,30.898
14168530,30/08/2025,Telford,Spennymoor,2.62546,0.23719,2.04807,0.32506,82.937,3.328,13.735
14168546,02/09/2025,Telford,Peterborough,2.80102,0.1252,2.75949,0.36849,90.908,1.714,7.378
14168576,04/10/2025,Telford,Fylde,0.80806,1.91515,0.73402,1.41968,17.709,54.612,27.679
14168601,18/10/2025,Telford,Scarborough,1.10921,1.56392,1.0906,1.26483,26.078,41.235,32.687
14168478,16/08/2025,Telford,Curzon Ashton,1.16665,1.48822,0.75402,0.91252,27.384,38.103,34.513
14168511,23/08/2025,Telford,Buxton,1.37389,1.31713,1.12314,1.06714,35.497,33.605,30.898
14168530,30/08/2025,Telford,Spennymoor,2.62546,0.23719,2.04807,0.32506,82.937,3.328,13.735
14168546,02/09/2025,Telford,Peterborough,2.80102,0.1252,2.75949,0.36849,90.908,1.714,7.378
14168576,04/10/2025,Telford,Fylde,0.80806,1.91515,0.73402,1.41968,17.709,54.612,27.679
14168601,18/10/2025,Telford,Scarborough,1.10921,1.56392,1.0906,1.26483,26.078,41.235,32.687
14168676,22/11/2025,Telford,South Shields,0.49951,2.33101,1.47194,2.87522,11.001,72.051,16.948
14168478,16/08/2025,Telford,Curzon Ashton,1.16665,1.48822,0.75402,0.91252,27.384,38.103,34.513
14168511,23/08/2025,Telford,Buxton,1.37389,1.31713,1.12314,1.06714,35.497,33.605,30.898
14168530,30/08/2025,Telford,Spennymoor,2.62546,0.23719,2.04807,0.32506,82.937,3.328,13.735
14168546,02/09/2025,Telford,Peterborough,2.80102,0.1252,2.75949,0.36849,90.908,1.714,7.378
14168576,04/10/2025,Telford,Fylde,0.80806,1.91515,0.73402,1.41968,17.709,54.612,27.679
14168601,18/10/2025,Telford,Scarborough,1.10921,1.56392,1.0906,1.26483,26.078,41.235,32.687
14168676,22/11/2025,Telford,South Shields,0.49951,2.33101,1.47194,2.87522,11.001,72.051,16.948
14168688,25/11/2025,Telford,Oxford,2.54231,0.302,2.18831,0.51537,79.554,4.877,15.569
14168478,16/08/2025,Telford,Curzon Ashton,1.16665,1.48822,0.75402,0.91252,27.384,38.103,34.513
14168511,23/08/2025,Telford,Buxton,1.37389,1.31713,1.12314,1.06714,35.497,33.605,30.898
14168530,30/08/2025,Telford,Spennymoor,2.62546,0.23719,2.04807,0.32506,82.937,3.328,13.735
14168546,02/09/2025,Telford,Peterborough,2.80102,0.1252,2.75949,0.36849,90.908,1.714,7.378
14168576,04/10/2025,Telford,Fylde,0.80806,1.91515,0.73402,1.41968,17.709,54.612,27.679
14168601,18/10/2025,Telford,Scarborough,1.10921,1.56392,1.0906,1.26483,26.078,41.235,32.687
14168676,22/11/2025,Telford,South Shields,0.49951,2.33101,1.47194,2.87522,11.001,72.051,16.948
14168688,25/11/2025,Telford,Oxford,2.54231,0.302,2.18831,0.51537,79.554,4.877,15.569
14168712,06/12/2025,Telford,Southport,2.00307,0.72699,1.55745,0.83896,57.771,15.235,26.994
14168478,16/08/2025,Telford,Curzon Ashton,1.16665,1.48822,0.75402,0.91252,27.384,38.103,34.513
14168511,23/08/2025,Telford,Buxton,1.37389,1.31713,1.12314,1.06714,35.497,33.605,30.898
14168530,30/08/2025,Telford,Spennymoor,2.62546,0.23719,2.04807,0.32506,82.937,3.328,13.735
14168546,02/09/2025,Telford,Peterborough,2.80102,0.1252,2.75949,0.36849,90.908,1.714,7.378
14168576,04/10/2025,Telford,Fylde,0.80806,1.91515,0.73402,1.41968,17.709,54.612,27.679
14168601,18/10/2025,Telford,Scarborough,1.10921,1.56392,1.0906,1.26483,26.078,41.235,32.687
14168676,22/11/2025,Telford,South Shields,0.49951,2.33101,1.47194,2.87522,11.001,72.051,16.948
14168688,25/11/2025,Telford,Oxford,2.54231,0.302,2.18831,0.51537,79.554,4.877,15.569
14168712,06/12/2025,Telford,Southport,2.00307,0.72699,1.55745,0.83896,57.771,15.235,26.994
14168735,26/12/2025,Telford,Chester,1.45663,1.25881,1.42128,1.30304,39.069,32.475,28.456
14168478,16/08/2025,Telford,Curzon Ashton,1.16665,1.48822,0.75402,0.91252,27.384,38.103,34.513
14168511,23/08/2025,Telford,Buxton,1.37389,1.31713,1.12314,1.06714,35.497,33.605,30.898
14168530,30/08/2025,Telford,Spennymoor,2.62546,0.23719,2.04807,0.32506,82.937,3.328,13.735
14168546,02/09/2025,Telford,Peterborough,2.80102,0.1252,2.75949,0.36849,90.908,1.714,7.378
14168576,04/10/2025,Telford,Fylde,0.80806,1.91515,0.73402,1.41968,17.709,54.612,27.679
14168601,18/10/2025,Telford,Scarborough,1.10921,1.56392,1.0906,1.26483,26.078,41.235,32.687
14168676,22/11/2025,Telford,South Shields,0.49951,2.33101,1.47194,2.87522,11.001,72.051,16.948
14168688,25/11/2025,Telford,Oxford,2.54231,0.302,2.18831,0.51537,79.554,4.877,15.569
14168712,06/12/2025,Telford,Southport,2.00307,0.72699,1.55745,0.83896,57.771,15.235,26.994
14168735,26/12/2025,Telford,Chester,1.45663,1.25881,1.42128,1.30304,39.069,32.475,28.456
14168795,24/01/2026,Telford,King's Lynn,2.41217,0.4169,2.17975,0.79697,74.708,8.199,17.093
14168478,16/08/2025,Telford,Curzon Ashton,1.16665,1.48822,0.75402,0.91252,27.384,38.103,34.513
14168511,23/08/2025,Telford,Buxton,1.37389,1.31713,1.12314,1.06714,35.497,33.605,30.898
14168530,30/08/2025,Telford,Spennymoor,2.62546,0.23719,2.04807,0.32506,82.937,3.328,13.735
14168546,02/09/2025,Telford,Peterborough,2.80102,0.1252,2.75949,0.36849,90.908,1.714,7.378
14168576,04/10/2025,Telford,Fylde,0.80806,1.91515,0.73402,1.41968,17.709,54.612,27.679
14168601,18/10/2025,Telford,Scarborough,1.10921,1.56392,1.0906,1.26483,26.078,41.235,32.687
14168676,22/11/2025,Telford,South Shields,0.49951,2.33101,1.47194,2.87522,11.001,72.051,16.948
14168688,25/11/2025,Telford,Oxford,2.54231,0.302,2.18831,0.51537,79.554,4.877,15.569
14168712,06/12/2025,Telford,Southport,2.00307,0.72699,1.55745,0.83896,57.771,15.235,26.994
14168735,26/12/2025,Telford,Chester,1.45663,1.25881,1.42128,1.30304,39.069,32.475,28.456
14168795,24/01/2026,Telford,King's Lynn,2.41217,0.4169,2.17975,0.79697,74.708,8.199,17.093
14168839,10/02/2026,Telford,Hereford,2.11261,0.59023,1.19196,0.35458,60.515,9.769,29.716
14168478,16/08/2025,Telford,Curzon Ashton,1.16665,1.48822,0.75402,0.91252,27.384,38.103,34.513
14168511,23/08/2025,Telford,Buxton,1.37389,1.31713,1.12314,1.06714,35.497,33.605,30.898
14168530,30/08/2025,Telford,Spennymoor,2.62546,0.23719,2.04807,0.32506,82.937,3.328,13.735
14168546,02/09/2025,Telford,Peterborough,2.80102,0.1252,2.75949,0.36849,90.908,1.714,7.378
14168576,04/10/2025,Telford,Fylde,0.80806,1.91515,0.73402,1.41968,17.709,54.612,27.679
14168601,18/10/2025,Telford,Scarborough,1.10921,1.56392,1.0906,1.26483,26.078,41.235,32.687
14168676,22/11/2025,Telford,South Shields,0.49951,2.33101,1.47194,2.87522,11.001,72.051,16.948
14168688,25/11/2025,Telford,Oxford,2.54231,0.302,2.18831,0.51537,79.554,4.877,15.569
14168712,06/12/2025,Telford,Southport,2.00307,0.72699,1.55745,0.83896,57.771,15.235,26.994
14168735,26/12/2025,Telford,Chester,1.45663,1.25881,1.42128,1.30304,39.069,32.475,28.456
14168795,24/01/2026,Telford,King's Lynn,2.41217,0.4169,2.17975,0.79697,74.708,8.199,17.093
14168839,10/02/2026,Telford,Hereford,2.11261,0.59023,1.19196,0.35458,60.515,9.769,29.716
15452627,17/02/2026,Telford,Chorley,0.89533,1.87267,1.2589,1.95302,22.111,54.689,23.2
14168478,16/08/2025,Telford,Curzon Ashton,1.16665,1.48822,0.75402,0.91252,27.384,38.103,34.513
14168511,23/08/2025,Telford,Buxton,1.37389,1.31713,1.12314,1.06714,35.497,33.605,30.898
14168530,30/08/2025,Telford,Spennymoor,2.62546,0.23719,2.04807,0.32506,82.937,3.328,13.735
14168546,02/09/2025,Telford,Peterborough,2.80102,0.1252,2.75949,0.36849,90.908,1.714,7.378
14168576,04/10/2025,Telford,Fylde,0.80806,1.91515,0.73402,1.41968,17.709,54.612,27.679
14168601,18/10/2025,Telford,Scarborough,1.10921,1.56392,1.0906,1.26483,26.078,41.235,32.687
14168676,22/11/2025,Telford,South Shields,0.49951,2.33101,1.47194,2.87522,11.001,72.051,16.948
14168688,25/11/2025,Telford,Oxford,2.54231,0.302,2.18831,0.51537,79.554,4.877,15.569
14168712,06/12/2025,Telford,Southport,2.00307,0.72699,1.55745,0.83896,57.771,15.235,26.994
14168735,26/12/2025,Telford,Chester,1.45663,1.25881,1.42128,1.30304,39.069,32.475,28.456
14168795,24/01/2026,Telford,King's Lynn,2.41217,0.4169,2.17975,0.79697,74.708,8.199,17.093
14168839,10/02/2026,Telford,Hereford,2.11261,0.59023,1.19196,0.35458,60.515,9.769,29.716
15452627,17/02/2026,Telford,Chorley,0.89533,1.87267,1.2589,1.95302,22.111,54.689,23.2
14168891,28/02/2026,Telford,Radcliffe,1.3072,1.40323,1.20479,1.23427,33.921,37.122,28.957
14168478,16/08/2025,Telford,Curzon Ashton,1.16665,1.48822,0.75402,0.91252,27.384,38.103,34.513
14168511,23/08/2025,Telford,Buxton,1.37389,1.31713,1.12314,1.06714,35.497,33.605,30.898
14168530,30/08/2025,Telford,Spennymoor,2.62546,0.23719,2.04807,0.32506,82.937,3.328,13.735
14168546,02/09/2025,Telford,Peterborough,2.80102,0.1252,2.75949,0.36849,90.908,1.714,7.378
14168576,04/10/2025,Telford,Fylde,0.80806,1.91515,0.73402,1.41968,17.709,54.612,27.679
14168601,18/10/2025,Telford,Scarborough,1.10921,1.56392,1.0906,1.26483,26.078,41.235,32.687
14168676,22/11/2025,Telford,South Shields,0.49951,2.33101,1.47194,2.87522,11.001,72.051,16.948
14168688,25/11/2025,Telford,Oxford,2.54231,0.302,2.18831,0.51537,79.554,4.877,15.569
14168712,06/12/2025,Telford,Southport,2.00307,0.72699,1.55745,0.83896,57.771,15.235,26.994
14168735,26/12/2025,Telford,Chester,1.45663,1.25881,1.42128,1.30304,39.069,32.475,28.456
14168795,24/01/2026,Telford,King's Lynn,2.41217,0.4169,2.17975,0.79697,74.708,8.199,17.093
14168839,10/02/2026,Telford,Hereford,2.11261,0.59023,1.19196,0.35458,60.515,9.769,29.716
15452627,17/02/2026,Telford,Chorley,0.89533,1.87267,1.2589,1.95302,22.111,54.689,23.2
14168891,28/02/2026,Telford,Radcliffe,1.3072,1.40323,1.20479,1.23427,33.921,37.122,28.957
15447037,03/03/2026,Telford,Leamington,1.43463,1.30317,1.5815,1.4821,39.081,34.699,26.22
14168478,16/08/2025,Telford,Curzon Ashton,1.16665,1.48822,0.75402,0.91252,27.384,38.103,34.513
14168511,23/08/2025,Telford,Buxton,1.37389,1.31713,1.12314,1.06714,35.497,33.605,30.898
14168530,30/08/2025,Telford,Spennymoor,2.62546,0.23719,2.04807,0.32506,82.937,3.328,13.735
14168546,02/09/2025,Telford,Peterborough,2.80102,0.1252,2.75949,0.36849,90.908,1.714,7.378
14168576,04/10/2025,Telford,Fylde,0.80806,1.91515,0.73402,1.41968,17.709,54.612,27.679
14168601,18/10/2025,Telford,Scarborough,1.10921,1.56392,1.0906,1.26483,26.078,41.235,32.687
14168676,22/11/2025,Telford,South Shields,0.49951,2.33101,1.47194,2.87522,11.001,72.051,16.948
14168688,25/11/2025,Telford,Oxford,2.54231,0.302,2.18831,0.51537,79.554,4.877,15.569
14168712,06/12/2025,Telford,Southport,2.00307,0.72699,1.55745,0.83896,57.771,15.235,26.994
14168735,26/12/2025,Telford,Chester,1.45663,1.25881,1.42128,1.30304,39.069,32.475,28.456
14168795,24/01/2026,Telford,King's Lynn,2.41217,0.4169,2.17975,0.79697,74.708,8.199,17.093
14168839,10/02/2026,Telford,Hereford,2.11261,0.59023,1.19196,0.35458,60.515,9.769,29.716
15452627,17/02/2026,Telford,Chorley,0.89533,1.87267,1.2589,1.95302,22.111,54.689,23.2
14168891,28/02/2026,Telford,Radcliffe,1.3072,1.40323,1.20479,1.23427,33.921,37.122,28.957
15447037,03/03/2026,Telford,Leamington,1.43463,1.30317,1.5815,1.4821,39.081,34.699,26.22
14168901,07/03/2026,Telford,Alfreton,2.48397,0.32898,1.85516,0.42548,76.564,4.731,18.705
14168478,16/08/2025,Telford,Curzon Ashton,1.16665,1.48822,0.75402,0.91252,27.384,38.103,34.513
14168511,23/08/2025,Telford,Buxton,1.37389,1.31713,1.12314,1.06714,35.497,33.605,30.898
14168530,30/08/2025,Telford,Spennymoor,2.62546,0.23719,2.04807,0.32506,82.937,3.328,13.735
14168546,02/09/2025,Telford,Peterborough,2.80102,0.1252,2.75949,0.36849,90.908,1.714,7.378
14168576,04/10/2025,Telford,Fylde,0.80806,1.91515,0.73402,1.41968,17.709,54.612,27.679
14168601,18/10/2025,Telford,Scarborough,1.10921,1.56392,1.0906,1.26483,26.078,41.235,32.687
14168676,22/11/2025,Telford,South Shields,0.49951,2.33101,1.47194,2.87522,11.001,72.051,16.948
14168688,25/11/2025,Telford,Oxford,2.54231,0.302,2.18831,0.51537,79.554,4.877,15.569
14168712,06/12/2025,Telford,Southport,2.00307,0.72699,1.55745,0.83896,57.771,15.235,26.994
14168735,26/12/2025,Telford,Chester,1.45663,1.25881,1.42128,1.30304,39.069,32.475,28.456
14168795,24/01/2026,Telford,King's Lynn,2.41217,0.4169,2.17975,0.79697,74.708,8.199,17.093
14168839,10/02/2026,Telford,Hereford,2.11261,0.59023,1.19196,0.35458,60.515,9.769,29.716
15452627,17/02/2026,Telford,Chorley,0.89533,1.87267,1.2589,1.95302,22.111,54.689,23.2
14168891,28/02/2026,Telford,Radcliffe,1.3072,1.40323,1.20479,1.23427,33.921,37.122,28.957
15447037,03/03/2026,Telford,Leamington,1.43463,1.30317,1.5815,1.4821,39.081,34.699,26.22
14168901,07/03/2026,Telford,Alfreton,2.48397,0.32898,1.85516,0.42548,76.564,4.731,18.705
15395692,17/03/2026,Telford,Macclesfield,1.43172,1.23834,0.97593,0.87637,36.726,30.28,32.994
14168478,16/08/2025,Telford,Curzon Ashton,1.16665,1.48822,0.75402,0.91252,27.384,38.103,34.513
14168511,23/08/2025,Telford,Buxton,1.37389,1.31713,1.12314,1.06714,35.497,33.605,30.898
14168530,30/08/2025,Telford,Spennymoor,2.62546,0.23719,2.04807,0.32506,82.937,3.328,13.735
14168546,02/09/2025,Telford,Peterborough,2.80102,0.1252,2.75949,0.36849,90.908,1.714,7.378
14168576,04/10/2025,Telford,Fylde,0.80806,1.91515,0.73402,1.41968,17.709,54.612,27.679
14168601,18/10/2025,Telford,Scarborough,1.10921,1.56392,1.0906,1.26483,26.078,41.235,32.687
14168676,22/11/2025,Telford,South Shields,0.49951,2.33101,1.47194,2.87522,11.001,72.051,16.948
14168688,25/11/2025,Telford,Oxford,2.54231,0.302,2.18831,0.51537,79.554,4.877,15.569
14168712,06/12/2025,Telford,Southport,2.00307,0.72699,1.55745,0.83896,57.771,15.235,26.994
14168735,26/12/2025,Telford,Chester,1.45663,1.25881,1.42128,1.30304,39.069,32.475,28.456
14168795,24/01/2026,Telford,King's Lynn,2.41217,0.4169,2.17975,0.79697,74.708,8.199,17.093
14168839,10/02/2026,Telford,Hereford,2.11261,0.59023,1.19196,0.35458,60.515,9.769,29.716
15452627,17/02/2026,Telford,Chorley,0.89533,1.87267,1.2589,1.95302,22.111,54.689,23.2
14168891,28/02/2026,Telford,Radcliffe,1.3072,1.40323,1.20479,1.23427,33.921,37.122,28.957
15447037,03/03/2026,Telford,Leamington,1.43463,1.30317,1.5815,1.4821,39.081,34.699,26.22
14168901,07/03/2026,Telford,Alfreton,2.48397,0.32898,1.85516,0.42548,76.564,4.731,18.705
15395692,17/03/2026,Telford,Macclesfield,1.43172,1.23834,0.97593,0.87637,36.726,30.28,32.994
14168936,21/03/2026,Telford,Marine,1.85045,0.87521,1.45414,0.80949,52.537,20.029,27.434
14168478,16/08/2025,Telford,Curzon Ashton,1.16665,1.48822,0.75402,0.91252,27.384,38.103,34.513
14168511,23/08/2025,Telford,Buxton,1.37389,1.31713,1.12314,1.06714,35.497,33.605,30.898
14168530,30/08/2025,Telford,Spennymoor,2.62546,0.23719,2.04807,0.32506,82.937,3.328,13.735
14168546,02/09/2025,Telford,Peterborough,2.80102,0.1252,2.75949,0.36849,90.908,1.714,7.378
14168576,04/10/2025,Telford,Fylde,0.80806,1.91515,0.73402,1.41968,17.709,54.612,27.679
14168601,18/10/2025,Telford,Scarborough,1.10921,1.56392,1.0906,1.26483,26.078,41.235,32.687
14168676,22/11/2025,Telford,South Shields,0.49951,2.33101,1.47194,2.87522,11.001,72.051,16.948
14168688,25/11/2025,Telford,Oxford,2.54231,0.302,2.18831,0.51537,79.554,4.877,15.569
14168712,06/12/2025,Telford,Southport,2.00307,0.72699,1.55745,0.83896,57.771,15.235,26.994
14168735,26/12/2025,Telford,Chester,1.45663,1.25881,1.42128,1.30304,39.069,32.475,28.456
14168795,24/01/2026,Telford,King's Lynn,2.41217,0.4169,2.17975,0.79697,74.708,8.199,17.093
14168839,10/02/2026,Telford,Hereford,2.11261,0.59023,1.19196,0.35458,60.515,9.769,29.716
15452627,17/02/2026,Telford,Chorley,0.89533,1.87267,1.2589,1.95302,22.111,54.689,23.2
14168891,28/02/2026,Telford,Radcliffe,1.3072,1.40323,1.20479,1.23427,33.921,37.122,28.957
15447037,03/03/2026,Telford,Leamington,1.43463,1.30317,1.5815,1.4821,39.081,34.699,26.22
14168901,07/03/2026,Telford,Alfreton,2.48397,0.32898,1.85516,0.42548,76.564,4.731,18.705
15395692,17/03/2026,Telford,Macclesfield,1.43172,1.23834,0.97593,0.87637,36.726,30.28,32.994
14168936,21/03/2026,Telford,Marine,1.85045,0.87521,1.45414,0.80949,52.537,20.029,27.434
14168950,28/03/2026,Telford,Bedford,1.92403,0.83491,1.87724,1.11236,56.099,19.795,24.106
14168483,16/08/2025,Worksop,Kidderminster,0.97486,1.65013,0.53158,0.85375,19.995,42.504,37.501
14168483,16/08/2025,Worksop,Kidderminster,0.97486,1.65013,0.53158,0.85375,19.995,42.504,37.501
14168518,23/08/2025,Worksop,Southport,1.98264,0.73974,1.43887,0.71629,56.834,15.404,27.762
14168483,16/08/2025,Worksop,Kidderminster,0.97486,1.65013,0.53158,0.85375,19.995,42.504,37.501
14168518,23/08/2025,Worksop,Southport,1.98264,0.73974,1.43887,0.71629,56.834,15.404,27.762
14168539,30/08/2025,Worksop,Chester,2.35153,0.48916,2.72531,1.13012,73.074,10.995,15.931
14168483,16/08/2025,Worksop,Kidderminster,0.97486,1.65013,0.53158,0.85375,19.995,42.504,37.501
14168518,23/08/2025,Worksop,Southport,1.98264,0.73974,1.43887,0.71629,56.834,15.404,27.762
14168539,30/08/2025,Worksop,Chester,2.35153,0.48916,2.72531,1.13012,73.074,10.995,15.931
14168553,02/09/2025,Worksop,Spennymoor,2.03372,0.76073,2.40912,1.46135,60.939,18.506,20.555
14168483,16/08/2025,Worksop,Kidderminster,0.97486,1.65013,0.53158,0.85375,19.995,42.504,37.501
14168518,23/08/2025,Worksop,Southport,1.98264,0.73974,1.43887,0.71629,56.834,15.404,27.762
14168539,30/08/2025,Worksop,Chester,2.35153,0.48916,2.72531,1.13012,73.074,10.995,15.931
14168553,02/09/2025,Worksop,Spennymoor,2.03372,0.76073,2.40912,1.46135,60.939,18.506,20.555
14168587,04/10/2025,Worksop,Bedford,0.94702,1.76542,0.90418,1.35478,21.982,49.262,28.756
14168483,16/08/2025,Worksop,Kidderminster,0.97486,1.65013,0.53158,0.85375,19.995,42.504,37.501
14168518,23/08/2025,Worksop,Southport,1.98264,0.73974,1.43887,0.71629,56.834,15.404,27.762
14168539,30/08/2025,Worksop,Chester,2.35153,0.48916,2.72531,1.13012,73.074,10.995,15.931
14168553,02/09/2025,Worksop,Spennymoor,2.03372,0.76073,2.40912,1.46135,60.939,18.506,20.555
14168587,04/10/2025,Worksop,Bedford,0.94702,1.76542,0.90418,1.35478,21.982,49.262,28.756
14168612,18/10/2025,Worksop,Marine,0.96259,1.79638,1.29688,1.85807,24.052,51.845,24.103
14168483,16/08/2025,Worksop,Kidderminster,0.97486,1.65013,0.53158,0.85375,19.995,42.504,37.501
14168518,23/08/2025,Worksop,Southport,1.98264,0.73974,1.43887,0.71629,56.834,15.404,27.762
14168539,30/08/2025,Worksop,Chester,2.35153,0.48916,2.72531,1.13012,73.074,10.995,15.931
14168553,02/09/2025,Worksop,Spennymoor,2.03372,0.76073,2.40912,1.46135,60.939,18.506,20.555
14168587,04/10/2025,Worksop,Bedford,0.94702,1.76542,0.90418,1.35478,21.982,49.262,28.756
14168612,18/10/2025,Worksop,Marine,0.96259,1.79638,1.29688,1.85807,24.052,51.845,24.103
14168625,21/10/2025,Worksop,King's Lynn,2.31938,0.49964,2.53192,1.20387,71.28,10.622,18.098
14168483,16/08/2025,Worksop,Kidderminster,0.97486,1.65013,0.53158,0.85375,19.995,42.504,37.501
14168518,23/08/2025,Worksop,Southport,1.98264,0.73974,1.43887,0.71629,56.834,15.404,27.762
14168539,30/08/2025,Worksop,Chester,2.35153,0.48916,2.72531,1.13012,73.074,10.995,15.931
14168553,02/09/2025,Worksop,Spennymoor,2.03372,0.76073,2.40912,1.46135,60.939,18.506,20.555
14168587,04/10/2025,Worksop,Bedford,0.94702,1.76542,0.90418,1.35478,21.982,49.262,28.756
14168612,18/10/2025,Worksop,Marine,0.96259,1.79638,1.29688,1.85807,24.052,51.845,24.103
14168625,21/10/2025,Worksop,King's Lynn,2.31938,0.49964,2.53192,1.20387,71.28,10.622,18.098
14168651,01/11/2025,Worksop,Scarborough,1.54247,1.12667,1.04733,0.80697,40.387,26.527,33.086
14168483,16/08/2025,Worksop,Kidderminster,0.97486,1.65013,0.53158,0.85375,19.995,42.504,37.501
14168518,23/08/2025,Worksop,Southport,1.98264,0.73974,1.43887,0.71629,56.834,15.404,27.762
14168539,30/08/2025,Worksop,Chester,2.35153,0.48916,2.72531,1.13012,73.074,10.995,15.931
14168553,02/09/2025,Worksop,Spennymoor,2.03372,0.76073,2.40912,1.46135,60.939,18.506,20.555
14168587,04/10/2025,Worksop,Bedford,0.94702,1.76542,0.90418,1.35478,21.982,49.262,28.756
14168612,18/10/2025,Worksop,Marine,0.96259,1.79638,1.29688,1.85807,24.052,51.845,24.103
14168625,21/10/2025,Worksop,King's Lynn,2.31938,0.49964,2.53192,1.20387,71.28,10.622,18.098
14168651,01/11/2025,Worksop,Scarborough,1.54247,1.12667,1.04733,0.80697,40.387,26.527,33.086
14168685,22/11/2025,Worksop,Curzon Ashton,1.16382,1.50954,0.89421,1.0566,27.906,39.43,32.664
14168483,16/08/2025,Worksop,Kidderminster,0.97486,1.65013,0.53158,0.85375,19.995,42.504,37.501
14168518,23/08/2025,Worksop,Southport,1.98264,0.73974,1.43887,0.71629,56.834,15.404,27.762
14168539,30/08/2025,Worksop,Chester,2.35153,0.48916,2.72531,1.13012,73.074,10.995,15.931
14168553,02/09/2025,Worksop,Spennymoor,2.03372,0.76073,2.40912,1.46135,60.939,18.506,20.555
14168587,04/10/2025,Worksop,Bedford,0.94702,1.76542,0.90418,1.35478,21.982,49.262,28.756
14168612,18/10/2025,Worksop,Marine,0.96259,1.79638,1.29688,1.85807,24.052,51.845,24.103
14168625,21/10/2025,Worksop,King's Lynn,2.31938,0.49964,2.53192,1.20387,71.28,10.622,18.098
14168651,01/11/2025,Worksop,Scarborough,1.54247,1.12667,1.04733,0.80697,40.387,26.527,33.086
14168685,22/11/2025,Worksop,Curzon Ashton,1.16382,1.50954,0.89421,1.0566,27.906,39.43,32.664
14168697,25/11/2025,Worksop,South Shields,1.65157,1.03618,1.23786,0.84919,44.644,24.131,31.225
14168483,16/08/2025,Worksop,Kidderminster,0.97486,1.65013,0.53158,0.85375,19.995,42.504,37.501
14168518,23/08/2025,Worksop,Southport,1.98264,0.73974,1.43887,0.71629,56.834,15.404,27.762
14168539,30/08/2025,Worksop,Chester,2.35153,0.48916,2.72531,1.13012,73.074,10.995,15.931
14168553,02/09/2025,Worksop,Spennymoor,2.03372,0.76073,2.40912,1.46135,60.939,18.506,20.555
14168587,04/10/2025,Worksop,Bedford,0.94702,1.76542,0.90418,1.35478,21.982,49.262,28.756
14168612,18/10/2025,Worksop,Marine,0.96259,1.79638,1.29688,1.85807,24.052,51.845,24.103
14168625,21/10/2025,Worksop,King's Lynn,2.31938,0.49964,2.53192,1.20387,71.28,10.622,18.098
14168651,01/11/2025,Worksop,Scarborough,1.54247,1.12667,1.04733,0.80697,40.387,26.527,33.086
14168685,22/11/2025,Worksop,Curzon Ashton,1.16382,1.50954,0.89421,1.0566,27.906,39.43,32.664
14168697,25/11/2025,Worksop,South Shields,1.65157,1.03618,1.23786,0.84919,44.644,24.131,31.225
14168720,06/11/2025,Worksop,Chorley,1.42555,1.28473,1.21892,1.14147,37.861,33.167,28.972
14168483,16/08/2025,Worksop,Kidderminster,0.97486,1.65013,0.53158,0.85375,19.995,42.504,37.501
14168518,23/08/2025,Worksop,Southport,1.98264,0.73974,1.43887,0.71629,56.834,15.404,27.762
14168539,30/08/2025,Worksop,Chester,2.35153,0.48916,2.72531,1.13012,73.074,10.995,15.931
14168553,02/09/2025,Worksop,Spennymoor,2.03372,0.76073,2.40912,1.46135,60.939,18.506,20.555
14168587,04/10/2025,Worksop,Bedford,0.94702,1.76542,0.90418,1.35478,21.982,49.262,28.756
14168612,18/10/2025,Worksop,Marine,0.96259,1.79638,1.29688,1.85807,24.052,51.845,24.103
14168625,21/10/2025,Worksop,King's Lynn,2.31938,0.49964,2.53192,1.20387,71.28,10.622,18.098
14168651,01/11/2025,Worksop,Scarborough,1.54247,1.12667,1.04733,0.80697,40.387,26.527,33.086
14168685,22/11/2025,Worksop,Curzon Ashton,1.16382,1.50954,0.89421,1.0566,27.906,39.43,32.664
14168697,25/11/2025,Worksop,South Shields,1.65157,1.03618,1.23786,0.84919,44.644,24.131,31.225
14168720,06/11/2025,Worksop,Chorley,1.42555,1.28473,1.21892,1.14147,37.861,33.167,28.972
14168744,26/12/2025,Worksop,Alfreton,0.97791,1.64502,0.50538,0.86575,20.028,42.265,37.707
14168483,16/08/2025,Worksop,Kidderminster,0.97486,1.65013,0.53158,0.85375,19.995,42.504,37.501
14168518,23/08/2025,Worksop,Southport,1.98264,0.73974,1.43887,0.71629,56.834,15.404,27.762
14168539,30/08/2025,Worksop,Chester,2.35153,0.48916,2.72531,1.13012,73.074,10.995,15.931
14168553,02/09/2025,Worksop,Spennymoor,2.03372,0.76073,2.40912,1.46135,60.939,18.506,20.555
14168587,04/10/2025,Worksop,Bedford,0.94702,1.76542,0.90418,1.35478,21.982,49.262,28.756
14168612,18/10/2025,Worksop,Marine,0.96259,1.79638,1.29688,1.85807,24.052,51.845,24.103
14168625,21/10/2025,Worksop,King's Lynn,2.31938,0.49964,2.53192,1.20387,71.28,10.622,18.098
14168651,01/11/2025,Worksop,Scarborough,1.54247,1.12667,1.04733,0.80697,40.387,26.527,33.086
14168685,22/11/2025,Worksop,Curzon Ashton,1.16382,1.50954,0.89421,1.0566,27.906,39.43,32.664
14168697,25/11/2025,Worksop,South Shields,1.65157,1.03618,1.23786,0.84919,44.644,24.131,31.225
14168720,06/11/2025,Worksop,Chorley,1.42555,1.28473,1.21892,1.14147,37.861,33.167,28.972
14168744,26/12/2025,Worksop,Alfreton,0.97791,1.64502,0.50538,0.86575,20.028,42.265,37.707
14168781,10/01/2026,Worksop,Merthyr,0.65746,2.17837,2.06907,3.43425,16.443,67.14,16.417
14168483,16/08/2025,Worksop,Kidderminster,0.97486,1.65013,0.53158,0.85375,19.995,42.504,37.501
14168518,23/08/2025,Worksop,Southport,1.98264,0.73974,1.43887,0.71629,56.834,15.404,27.762
14168539,30/08/2025,Worksop,Chester,2.35153,0.48916,2.72531,1.13012,73.074,10.995,15.931
14168553,02/09/2025,Worksop,Spennymoor,2.03372,0.76073,2.40912,1.46135,60.939,18.506,20.555
14168587,04/10/2025,Worksop,Bedford,0.94702,1.76542,0.90418,1.35478,21.982,49.262,28.756
14168612,18/10/2025,Worksop,Marine,0.96259,1.79638,1.29688,1.85807,24.052,51.845,24.103
14168625,21/10/2025,Worksop,King's Lynn,2.31938,0.49964,2.53192,1.20387,71.28,10.622,18.098
14168651,01/11/2025,Worksop,Scarborough,1.54247,1.12667,1.04733,0.80697,40.387,26.527,33.086
14168685,22/11/2025,Worksop,Curzon Ashton,1.16382,1.50954,0.89421,1.0566,27.906,39.43,32.664
14168697,25/11/2025,Worksop,South Shields,1.65157,1.03618,1.23786,0.84919,44.644,24.131,31.225
14168720,06/11/2025,Worksop,Chorley,1.42555,1.28473,1.21892,1.14147,37.861,33.167,28.972
14168744,26/12/2025,Worksop,Alfreton,0.97791,1.64502,0.50538,0.86575,20.028,42.265,37.707
14168781,10/01/2026,Worksop,Merthyr,0.65746,2.17837,2.06907,3.43425,16.443,67.14,16.417
14168805,24/01/2026,Worksop,Macclesfield,0.98061,1.72029,1.07941,1.56394,22.717,47.373,29.91
14168483,16/08/2025,Worksop,Kidderminster,0.97486,1.65013,0.53158,0.85375,19.995,42.504,37.501
14168518,23/08/2025,Worksop,Southport,1.98264,0.73974,1.43887,0.71629,56.834,15.404,27.762
14168539,30/08/2025,Worksop,Chester,2.35153,0.48916,2.72531,1.13012,73.074,10.995,15.931
14168553,02/09/2025,Worksop,Spennymoor,2.03372,0.76073,2.40912,1.46135,60.939,18.506,20.555
14168587,04/10/2025,Worksop,Bedford,0.94702,1.76542,0.90418,1.35478,21.982,49.262,28.756
14168612,18/10/2025,Worksop,Marine,0.96259,1.79638,1.29688,1.85807,24.052,51.845,24.103
14168625,21/10/2025,Worksop,King's Lynn,2.31938,0.49964,2.53192,1.20387,71.28,10.622,18.098
14168651,01/11/2025,Worksop,Scarborough,1.54247,1.12667,1.04733,0.80697,40.387,26.527,33.086
14168685,22/11/2025,Worksop,Curzon Ashton,1.16382,1.50954,0.89421,1.0566,27.906,39.43,32.664
14168697,25/11/2025,Worksop,South Shields,1.65157,1.03618,1.23786,0.84919,44.644,24.131,31.225
14168720,06/11/2025,Worksop,Chorley,1.42555,1.28473,1.21892,1.14147,37.861,33.167,28.972
14168744,26/12/2025,Worksop,Alfreton,0.97791,1.64502,0.50538,0.86575,20.028,42.265,37.707
14168781,10/01/2026,Worksop,Merthyr,0.65746,2.17837,2.06907,3.43425,16.443,67.14,16.417
14168805,24/01/2026,Worksop,Macclesfield,0.98061,1.72029,1.07941,1.56394,22.717,47.373,29.91
14168817,27/01/2026,Worksop,Darlington,0.33359,2.54243,0.9047,2.87601,6.987,80.615,12.398
14168483,16/08/2025,Worksop,Kidderminster,0.97486,1.65013,0.53158,0.85375,19.995,42.504,37.501
14168518,23/08/2025,Worksop,Southport,1.98264,0.73974,1.43887,0.71629,56.834,15.404,27.762
14168539,30/08/2025,Worksop,Chester,2.35153,0.48916,2.72531,1.13012,73.074,10.995,15.931
14168553,02/09/2025,Worksop,Spennymoor,2.03372,0.76073,2.40912,1.46135,60.939,18.506,20.555
14168587,04/10/2025,Worksop,Bedford,0.94702,1.76542,0.90418,1.35478,21.982,49.262,28.756
14168612,18/10/2025,Worksop,Marine,0.96259,1.79638,1.29688,1.85807,24.052,51.845,24.103
14168625,21/10/2025,Worksop,King's Lynn,2.31938,0.49964,2.53192,1.20387,71.28,10.622,18.098
14168651,01/11/2025,Worksop,Scarborough,1.54247,1.12667,1.04733,0.80697,40.387,26.527,33.086
14168685,22/11/2025,Worksop,Curzon Ashton,1.16382,1.50954,0.89421,1.0566,27.906,39.43,32.664
14168697,25/11/2025,Worksop,South Shields,1.65157,1.03618,1.23786,0.84919,44.644,24.131,31.225
14168720,06/11/2025,Worksop,Chorley,1.42555,1.28473,1.21892,1.14147,37.861,33.167,28.972
14168744,26/12/2025,Worksop,Alfreton,0.97791,1.64502,0.50538,0.86575,20.028,42.265,37.707
14168781,10/01/2026,Worksop,Merthyr,0.65746,2.17837,2.06907,3.43425,16.443,67.14,16.417
14168805,24/01/2026,Worksop,Macclesfield,0.98061,1.72029,1.07941,1.56394,22.717,47.373,29.91
14168817,27/01/2026,Worksop,Darlington,0.33359,2.54243,0.9047,2.87601,6.987,80.615,12.398
14168842,07/02/2026,Worksop,Telford,1.46432,1.271,1.62659,1.49906,39.988,33.544,26.468
14168483,16/08/2025,Worksop,Kidderminster,0.97486,1.65013,0.53158,0.85375,19.995,42.504,37.501
14168518,23/08/2025,Worksop,Southport,1.98264,0.73974,1.43887,0.71629,56.834,15.404,27.762
14168539,30/08/2025,Worksop,Chester,2.35153,0.48916,2.72531,1.13012,73.074,10.995,15.931
14168553,02/09/2025,Worksop,Spennymoor,2.03372,0.76073,2.40912,1.46135,60.939,18.506,20.555
14168587,04/10/2025,Worksop,Bedford,0.94702,1.76542,0.90418,1.35478,21.982,49.262,28.756
14168612,18/10/2025,Worksop,Marine,0.96259,1.79638,1.29688,1.85807,24.052,51.845,24.103
14168625,21/10/2025,Worksop,King's Lynn,2.31938,0.49964,2.53192,1.20387,71.28,10.622,18.098
14168651,01/11/2025,Worksop,Scarborough,1.54247,1.12667,1.04733,0.80697,40.387,26.527,33.086
14168685,22/11/2025,Worksop,Curzon Ashton,1.16382,1.50954,0.89421,1.0566,27.906,39.43,32.664
14168697,25/11/2025,Worksop,South Shields,1.65157,1.03618,1.23786,0.84919,44.644,24.131,31.225
14168720,06/11/2025,Worksop,Chorley,1.42555,1.28473,1.21892,1.14147,37.861,33.167,28.972
14168744,26/12/2025,Worksop,Alfreton,0.97791,1.64502,0.50538,0.86575,20.028,42.265,37.707
14168781,10/01/2026,Worksop,Merthyr,0.65746,2.17837,2.06907,3.43425,16.443,67.14,16.417
14168805,24/01/2026,Worksop,Macclesfield,0.98061,1.72029,1.07941,1.56394,22.717,47.373,29.91
14168817,27/01/2026,Worksop,Darlington,0.33359,2.54243,0.9047,2.87601,6.987,80.615,12.398
14168842,07/02/2026,Worksop,Telford,1.46432,1.271,1.62659,1.49906,39.988,33.544,26.468
14168867,14/02/2026,Worksop,Oxford,1.71358,0.96958,1.14129,0.71846,46.558,21.758,31.684
14168483,16/08/2025,Worksop,Kidderminster,0.97486,1.65013,0.53158,0.85375,19.995,42.504,37.501
14168518,23/08/2025,Worksop,Southport,1.98264,0.73974,1.43887,0.71629,56.834,15.404,27.762
14168539,30/08/2025,Worksop,Chester,2.35153,0.48916,2.72531,1.13012,73.074,10.995,15.931
14168553,02/09/2025,Worksop,Spennymoor,2.03372,0.76073,2.40912,1.46135,60.939,18.506,20.555
14168587,04/10/2025,Worksop,Bedford,0.94702,1.76542,0.90418,1.35478,21.982,49.262,28.756
14168612,18/10/2025,Worksop,Marine,0.96259,1.79638,1.29688,1.85807,24.052,51.845,24.103
14168625,21/10/2025,Worksop,King's Lynn,2.31938,0.49964,2.53192,1.20387,71.28,10.622,18.098
14168651,01/11/2025,Worksop,Scarborough,1.54247,1.12667,1.04733,0.80697,40.387,26.527,33.086
14168685,22/11/2025,Worksop,Curzon Ashton,1.16382,1.50954,0.89421,1.0566,27.906,39.43,32.664
14168697,25/11/2025,Worksop,South Shields,1.65157,1.03618,1.23786,0.84919,44.644,24.131,31.225
14168720,06/11/2025,Worksop,Chorley,1.42555,1.28473,1.21892,1.14147,37.861,33.167,28.972
14168744,26/12/2025,Worksop,Alfreton,0.97791,1.64502,0.50538,0.86575,20.028,42.265,37.707
14168781,10/01/2026,Worksop,Merthyr,0.65746,2.17837,2.06907,3.43425,16.443,67.14,16.417
14168805,24/01/2026,Worksop,Macclesfield,0.98061,1.72029,1.07941,1.56394,22.717,47.373,29.91
14168817,27/01/2026,Worksop,Darlington,0.33359,2.54243,0.9047,2.87601,6.987,80.615,12.398
14168842,07/02/2026,Worksop,Telford,1.46432,1.271,1.62659,1.49906,39.988,33.544,26.468
14168867,14/02/2026,Worksop,Oxford,1.71358,0.96958,1.14129,0.71846,46.558,21.758,31.684
14168902,28/02/2026,Worksop,Leamington,2.53618,0.24931,1.42218,0.05749,77.389,1.16,21.451
14168483,16/08/2025,Worksop,Kidderminster,0.97486,1.65013,0.53158,0.85375,19.995,42.504,37.501
14168518,23/08/2025,Worksop,Southport,1.98264,0.73974,1.43887,0.71629,56.834,15.404,27.762
14168539,30/08/2025,Worksop,Chester,2.35153,0.48916,2.72531,1.13012,73.074,10.995,15.931
14168553,02/09/2025,Worksop,Spennymoor,2.03372,0.76073,2.40912,1.46135,60.939,18.506,20.555
14168587,04/10/2025,Worksop,Bedford,0.94702,1.76542,0.90418,1.35478,21.982,49.262,28.756
14168612,18/10/2025,Worksop,Marine,0.96259,1.79638,1.29688,1.85807,24.052,51.845,24.103
14168625,21/10/2025,Worksop,King's Lynn,2.31938,0.49964,2.53192,1.20387,71.28,10.622,18.098
14168651,01/11/2025,Worksop,Scarborough,1.54247,1.12667,1.04733,0.80697,40.387,26.527,33.086
14168685,22/11/2025,Worksop,Curzon Ashton,1.16382,1.50954,0.89421,1.0566,27.906,39.43,32.664
14168697,25/11/2025,Worksop,South Shields,1.65157,1.03618,1.23786,0.84919,44.644,24.131,31.225
14168720,06/11/2025,Worksop,Chorley,1.42555,1.28473,1.21892,1.14147,37.861,33.167,28.972
14168744,26/12/2025,Worksop,Alfreton,0.97791,1.64502,0.50538,0.86575,20.028,42.265,37.707
14168781,10/01/2026,Worksop,Merthyr,0.65746,2.17837,2.06907,3.43425,16.443,67.14,16.417
14168805,24/01/2026,Worksop,Macclesfield,0.98061,1.72029,1.07941,1.56394,22.717,47.373,29.91
14168817,27/01/2026,Worksop,Darlington,0.33359,2.54243,0.9047,2.87601,6.987,80.615,12.398
14168842,07/02/2026,Worksop,Telford,1.46432,1.271,1.62659,1.49906,39.988,33.544,26.468
14168867,14/02/2026,Worksop,Oxford,1.71358,0.96958,1.14129,0.71846,46.558,21.758,31.684
14168902,28/02/2026,Worksop,Leamington,2.53618,0.24931,1.42218,0.05749,77.389,1.16,21.451
14168913,07/03/2026,Worksop,Hereford,1.06019,1.72859,1.97687,2.48405,28.299,50.579,21.122
14168483,16/08/2025,Worksop,Kidderminster,0.97486,1.65013,0.53158,0.85375,19.995,42.504,37.501
14168518,23/08/2025,Worksop,Southport,1.98264,0.73974,1.43887,0.71629,56.834,15.404,27.762
14168539,30/08/2025,Worksop,Chester,2.35153,0.48916,2.72531,1.13012,73.074,10.995,15.931
14168553,02/09/2025,Worksop,Spennymoor,2.03372,0.76073,2.40912,1.46135,60.939,18.506,20.555
14168587,04/10/2025,Worksop,Bedford,0.94702,1.76542,0.90418,1.35478,21.982,49.262,28.756
14168612,18/10/2025,Worksop,Marine,0.96259,1.79638,1.29688,1.85807,24.052,51.845,24.103
14168625,21/10/2025,Worksop,King's Lynn,2.31938,0.49964,2.53192,1.20387,71.28,10.622,18.098
14168651,01/11/2025,Worksop,Scarborough,1.54247,1.12667,1.04733,0.80697,40.387,26.527,33.086
14168685,22/11/2025,Worksop,Curzon Ashton,1.16382,1.50954,0.89421,1.0566,27.906,39.43,32.664
14168697,25/11/2025,Worksop,South Shields,1.65157,1.03618,1.23786,0.84919,44.644,24.131,31.225
14168720,06/11/2025,Worksop,Chorley,1.42555,1.28473,1.21892,1.14147,37.861,33.167,28.972
14168744,26/12/2025,Worksop,Alfreton,0.97791,1.64502,0.50538,0.86575,20.028,42.265,37.707
14168781,10/01/2026,Worksop,Merthyr,0.65746,2.17837,2.06907,3.43425,16.443,67.14,16.417
14168805,24/01/2026,Worksop,Macclesfield,0.98061,1.72029,1.07941,1.56394,22.717,47.373,29.91
14168817,27/01/2026,Worksop,Darlington,0.33359,2.54243,0.9047,2.87601,6.987,80.615,12.398
14168842,07/02/2026,Worksop,Telford,1.46432,1.271,1.62659,1.49906,39.988,33.544,26.468
14168867,14/02/2026,Worksop,Oxford,1.71358,0.96958,1.14129,0.71846,46.558,21.758,31.684
14168902,28/02/2026,Worksop,Leamington,2.53618,0.24931,1.42218,0.05749,77.389,1.16,21.451
14168913,07/03/2026,Worksop,Hereford,1.06019,1.72859,1.97687,2.48405,28.299,50.579,21.122
14168948,21/03/2026,Worksop,Fylde,1.46189,1.17611,0.91488,0.76982,36.663,27.137,36.2
